id,name,style_name,dynasty,status,category,n_quotes,n_bio,n_evidence_csv,flags,file
P0001,丁恭,子然,東漢,待审,士人,2,2,2,,丁恭_東漢.md
P0002,丁鸿,阙,東漢,待审,士人,1,1,1,WEAK,丁鸿_東漢.md
P0003,严助,阙,西漢,待审,士人,1,2,0,THIN|WEAK,严助_西漢.md
P0004,乐松,阙,東漢,待审,其他,2,1,9,,乐松_東漢.md
P0005,任安,阙,東漢,待审,士人,4,1,4,,任安_東漢.md
P0006,任芝,阙,東漢,待审,其他,3,1,3,,任芝_東漢.md
P0007,伍琼,德瑜,東漢,待审,士人,1,2,1,,伍琼_東漢.md
P0008,伏完,阙,東漢,待审,外戚,1,2,0,THIN|WEAK,伏完_東漢.md
P0009,伏无忌,阙,東漢,待审,士人,1,1,0,THIN|WEAK,伏无忌_東漢.md
P0010,何休,阙,東漢,待审,士人,2,1,2,,何休_東漢.md
P0011,何晏,平叔,魏,待审,外戚/士人,2,3,2,,何晏_魏.md
P0012,佚名侍中（禁中出入制度）,—,兩漢,待审,制度,3,4,0,DYN_VAGUE,佚名侍中_禁中出入_兩漢.md
P0013,傅俊,子卫,東漢,待审,勋贵,2,2,0,,傅俊_東漢.md
P0014,傅商,阙,西漢,待审,外戚,2,2,3,,傅商_西漢.md
P0015,傅喜,稚游,西漢,待审,外戚,2,2,2,,傅喜_西漢.md
P0016,傅嘉,阙,西漢,待审,其他,2,2,4,,傅嘉_西漢.md
P0017,傅巽,公悌,漢魏之際,待审,士人,4,2,4,,傅巽_漢魏之際.md
P0018,公孙敬聲,阙,西漢,草稿,阙,1,1,1,DRAFT_THIN|WEAK,公孙敬聲_西漢.md
P0019,关兴,阙,蜀漢,待审,勋贵,1,1,0,THIN|WEAK,关兴_蜀漢.md
P0020,关统,阙,蜀漢,待审,勋贵,2,1,2,,关统_蜀漢.md
P0021,冯石,阙,東漢,待审,外戚/勋贵,3,3,1,,冯石_東漢.md
P0022,刘儒,叔林,東漢,待审,士人,1,2,0,THIN,刘儒_東漢.md
P0023,刘劭,阙,魏,待审,士人,2,1,2,,刘劭_魏.md
P0024,刘宽,文饶,東漢,待审,士人,2,2,2,,刘宽_東漢.md
P0025,刘岱,公山,東漢,待审,士人,5,2,5,,刘岱_東漢.md
P0026,刘平,阙,東漢,待审,士人,2,1,2,,刘平_東漢.md
P0027,刘廙,恭嗣,漢魏之際,待审,士人,3,4,5,,刘廙_漢魏之際.md
P0028,刘恭,阙,更始_東漢,待审,宗室,3,1,3,,刘恭_更始_東漢.md
P0029,刘放,阙,魏,待审,士人,1,1,0,THIN|WEAK,刘放_魏.md
P0030,刘昆,阙,東漢,待审,士人,2,1,2,,刘昆_東漢.md
P0031,刘晔,子扬,漢魏之際,待审,士人,3,3,3,,刘晔_漢魏之際.md
P0032,刘棻,阙,新,待审,士人,2,1,2,,刘棻_新.md
P0033,刘植,阙,東漢,待审,勋贵,2,1,2,,刘植_東漢.md
P0034,刘歆,子骏,西漢,待审,士人,3,2,3,,刘歆_西漢.md
P0035,刘淑,仲承,東漢,待审,士人,1,2,1,,刘淑_東漢.md
P0036,刘珍,秋孙,東漢,待审,士人,2,2,2,,刘珍_東漢.md
P0037,刘瑜,阙,東漢,草稿,阙,6,5,8,,刘瑜_東漢.md
P0038,刘瑰,阙,東漢,待审,外戚,1,1,0,THIN|WEAK,刘瑰_東漢.md
P0039,刘能卿,阙,更始,待审,其他,3,1,3,,刘能卿_更始.md
P0040,刘艾,阙,東漢,待审,士人,8,4,11,,刘艾_東漢.md
P0041,刘茂,阙,東漢,待审,勋贵,1,1,2,WEAK,刘茂_東漢.md
P0042,包咸,子良,東漢,待审,士人,1,2,0,THIN,包咸_東漢.md
P0043,华歆,阙,漢魏之際,待审,士人,3,1,3,,华歆_漢魏之際.md
P0044,单飏,武宣,東漢,待审,士人,1,2,0,THIN,单飏_東漢.md
P0045,卫伉,阙,西漢,待审,外戚/勋贵,2,1,2,,卫伉_西漢.md
P0046,卫臻,阙,魏,待审,士人,3,1,3,,卫臻_魏.md
P0047,卫青,仲卿,西漢,待审,外戚/勋贵,12,4,12,,卫青_西漢.md
P0048,台崇,阙,東漢,待审,其他,1,1,0,THIN|WEAK,台崇_東漢.md
P0049,史丹,阙,西漢,草稿,阙,4,4,4,,史丹_西漢.md
P0050,史恃,阙,東漢,草稿,阙,1,1,1,DRAFT_THIN|WEAK,史恃_東漢.md
P0051,史高,阙,西漢,待审,外戚,2,2,4,,史高_西漢.md
P0052,向栩,甫兴,東漢,待审,士人,2,1,2,,向栩_東漢.md
P0053,周举,阙,東漢,待审,士人,1,1,1,WEAK,周举_東漢.md
P0054,周广,阙,東漢,待审,其他,3,2,3,,周广_東漢.md
P0055,周毖,仲远,東漢,待审,士人,3,2,3,,周毖_東漢.md
P0056,周泽,稚都,東漢,待审,士人,1,3,5,,周泽_東漢.md
P0057,和峤,阙,漢魏之際,草稿,阙,1,1,1,DRAFT_THIN|WEAK,和峤_漢魏之際.md
P0058,和洽,阙,魏,待审,士人,1,1,0,THIN|WEAK,和洽_魏.md
P0059,和逌,阙,魏,待审,士人,1,1,0,THIN|WEAK,和逌_魏.md
P0060,孔昱,阙,東漢,待审,士人,2,1,2,,孔昱_東漢.md
P0061,孔永,阙,新,待审,其他,1,1,0,THIN|WEAK,孔永_新.md
P0062,孔霸,次儒,西漢,待审,士人,2,1,2,,孔霸_西漢.md
P0063,孙峻,子远,吳,待审,其他,2,2,2,,孙峻_吳.md
P0064,孙期,阙,東漢,待审,士人,2,1,2,,孙期_東漢.md
P0065,孙綝,阙,吳,待审,其他,1,1,0,THIN|WEAK,孙綝_吳.md
P0066,孙邕,阙,魏,待审,士人,2,1,2,,孙邕_魏.md
P0067,宋弘,仲子,西漢_東漢,待审,士人,4,2,4,,宋弘_西漢_東漢.md
P0068,宋登,阙,東漢,待审,士人,4,1,4,,宋登_東漢.md
P0069,宗预,阙,蜀漢,待审,士人,1,1,0,THIN|WEAK,宗预_蜀漢.md
P0070,宣秉,阙,東漢,待审,士人,1,1,0,THIN|WEAK,宣秉_東漢.md
P0071,寇荣,阙,東漢,待审,勋贵,2,1,2,,寇荣_東漢.md
P0072,尹勋,伯元,東漢,待审,士人,2,2,2,,尹勋_東漢.md
P0073,尹忠,阙,東漢,待审,其他,2,1,2,,尹忠_東漢.md
P0074,尹敏,阙,東漢,待审,士人,5,1,5,,尹敏_東漢.md
P0075,常洽,阙,東漢,待审,士人,1,3,0,THIN|WEAK,常洽_東漢.md
P0076,庾峻,山甫,晉,待审,士人,1,3,0,THIN,庾峻_晉.md
P0077,廖立,阙,蜀漢,待审,士人,1,1,1,WEAK,廖立_蜀漢.md
P0078,张兴,阙,東漢,待审,士人,3,1,3,,张兴_東漢.md
P0079,张千秋,阙,西漢,待审,勋贵,1,2,0,THIN|WEAK,张千秋_西漢.md
P0080,张布,阙,吳,待审,其他,1,1,1,WEAK,张布_吳.md
P0081,张延寿,阙,西漢,待审,勋贵,1,1,0,THIN|WEAK,张延寿_西漢.md
P0082,张彭祖,阙,西漢,待审,佞幸/旧恩,1,3,0,THIN|WEAK,张彭祖_西漢.md
P0083,张放,阙,西漢,待审,外戚/佞幸,1,3,1,WEAK,张放_西漢.md
P0084,张湛,阙,東漢,待审,士人,2,1,3,,张湛_東漢.md
P0085,张玄,阙,東漢,待审,士人,2,1,2,,张玄_東漢.md
P0086,张纯,伯仁,東漢,待审,士人,2,3,0,,张纯_東漢.md
P0087,张绍,阙,蜀漢,待审,其他,4,2,2,,张绍_蜀漢.md
P0088,张衡,平子,東漢,待审,士人,3,5,1,,张衡_東漢.md
P0089,张辟彊,阙,西漢,待审,勋贵,3,4,5,,张辟彊_西漢.md
P0090,张霸,阙,東漢,待审,士人,2,1,2,,张霸_東漢.md
P0091,张驯,子隽,東漢,待审,士人,1,2,0,THIN,张驯_東漢.md
P0092,徐博,阙,西漢,草稿,阙,1,1,1,DRAFT_THIN|WEAK,徐博_西漢.md
P0093,徐宣,阙,漢魏之際,草稿,阙,1,1,1,DRAFT_THIN|WEAK,徐宣_漢魏之際.md
P0094,戴凭,次仲,東漢,待审,士人,2,3,0,,戴凭_東漢.md
P0095,承宫,少子,東漢,待审,士人,1,2,0,THIN,承宫_東漢.md
P0096,施延,阙,東漢,待审,士人,2,1,2,,施延_東漢.md
P0097,是仪,阙,吳,待审,士人,2,1,2,,是仪_吳.md
P0098,曹褒,叔通,東漢,待审,士人,2,3,0,,曹褒_東漢.md
P0099,朱买臣,翁子,西漢,待审,士人,4,3,4,,朱买臣_西漢.md
P0100,朱展,阙,東漢,待审,其他,2,1,2,,朱展_東漢.md
P0101,李仁,阙,吳,待审,士人,1,3,1,WEAK,李仁_吳.md
P0102,李充,阙,東漢,待审,士人,1,1,2,WEAK,李充_東漢.md
P0103,李尤,阙,東漢,待审,士人,3,1,3,,李尤_東漢.md
P0104,李延年,阙,西漢,待审,其他,2,3,2,,李延年_西漢.md
P0105,李棽,阙,新,待审,其他,2,1,2,,李棽_新.md
P0106,李法,阙,東漢,待审,士人,4,1,4,,李法_東漢.md
P0107,李膺,阙,東漢,待审,士人,2,1,2,,李膺_東漢.md
P0108,李陵,少卿,西漢,待审,勋贵,1,2,1,,李陵_西漢.md
P0109,杜乔,阙,東漢,草稿,阙,3,3,3,,杜乔_東漢.md
P0110,杜辅,阙,西漢,草稿,阙,1,1,1,DRAFT_THIN|WEAK,杜辅_西漢.md
P0111,来历,伯珍,東漢,待审,外戚/勋贵,2,2,2,,来历_東漢.md
P0112,杨伦,阙,東漢,待审,士人,1,1,2,WEAK,杨伦_東漢.md
P0113,杨厚,阙,東漢,待审,士人,2,1,2,,杨厚_東漢.md
P0114,杨奇,阙,東漢,待审,士人,1,2,0,THIN|WEAK,杨奇_東漢.md
P0115,杨彪,阙,東漢,待审,士人,1,1,0,THIN|WEAK,杨彪_東漢.md
P0116,杨政,阙,東漢,待审,士人,4,1,4,,杨政_東漢.md
P0117,杨文父,阙,東漢,待审,其他,2,1,2,,杨文父_東漢.md
P0118,杨琦,阙,東漢,待审,士人,6,2,6,,杨琦_東漢.md
P0119,杨秉,阙,東漢,待审,士人,1,2,0,THIN|WEAK,杨秉_東漢.md
P0120,杨统,阙,東漢,待审,士人,1,1,0,THIN|WEAK,杨统_東漢.md
P0121,杨赐,阙,東漢,待审,士人,1,1,0,THIN|WEAK,杨赐_東漢.md
P0122,桑弘羊,阙,西漢,待审,士人,2,2,0,,桑弘羊_西漢.md
P0123,桓郁,阙,東漢,待审,士人,2,1,2,,桓郁_東漢.md
P0124,楼望,次子,東漢,待审,士人,1,2,0,THIN,楼望_東漢.md
P0125,欧阳地余,阙,西漢,待审,士人,1,1,1,WEAK,欧阳地余_西漢.md
P0126,江革,阙,東漢,待审,士人,3,1,3,,江革_東漢.md
P0127,淳于恭,阙,東漢,待审,士人,1,1,1,WEAK,淳于恭_東漢.md
P0128,淳于长,阙,西漢,草稿,阙,8,5,9,,淳于长_西漢.md
P0129,爰延,阙,東漢,待审,士人,2,2,0,,爰延_東漢.md
P0130,王允,阙,漢魏之際,草稿,阙,1,1,1,DRAFT_THIN|WEAK,王允_漢魏之際.md
P0131,王况,阙,西漢,待审,外戚,2,1,2,,王况_西漢.md
P0132,王凤,孝卿,西漢,待审,外戚,2,3,5,,王凤_西漢.md
P0133,王去疾,阙,西漢,待审,外戚,1,2,0,THIN|WEAK,王去疾_西漢.md
P0134,王参,阙,西漢,待审,外戚,2,1,2,,王参_西漢.md
P0135,王商,子夏,西漢,待审,外戚,1,3,1,,王商_西漢.md
P0136,王奇,阙,新,待审,外戚,2,1,2,,王奇_新.md
P0137,王忽,阙,西漢,待审,其他,1,2,0,THIN|WEAK,王忽_西漢.md
P0138,王接,阙,西漢,草稿,阙,1,1,1,DRAFT_THIN|WEAK,王接_西漢.md
P0139,王方,阙,東漢,待审,士人,1,1,0,THIN|WEAK,王方_東漢.md
P0140,王望,阙,新,待审,其他,2,1,2,,王望_新.md
P0141,王林卿,阙,西漢,待审,外戚,6,2,6,,王林卿_西漢.md
P0142,王歙,阙,更始,待审,阙,2,1,2,,王歙_更始.md
P0143,王沈,阙,漢魏之際,草稿,阙,4,4,4,,王沈_漢魏之際.md
P0144,王粲,仲宣,漢魏之際,待审,士人,2,2,2,,王粲_漢魏之際.md
P0145,王能,阙,西漢,草稿,阙,1,1,1,DRAFT_THIN|WEAK,王能_西漢.md
P0146,王舜,阙,西漢,待审,外戚,2,2,0,,王舜_西漢.md
P0147,王莽,阙,西漢_新,待审,外戚,1,1,1,WEAK,王莽_西漢_新.md
P0148,王蕃,阙,吳,待审,士人,1,1,0,THIN|WEAK,王蕃_吳.md
P0149,王辅,阙,東漢,待审,其他,3,1,1,,王辅_東漢.md
P0150,王逸,叔师,東漢,待审,士人,2,4,3,,王逸_東漢.md
P0151,王邑,阙,西漢_新,待审,外戚,5,2,3,,王邑_西漢_新.md
P0152,王闳,阙,西漢,草稿,阙,1,1,1,DRAFT_THIN|WEAK,王闳_西漢.md
P0153,王音,阙,西漢,草稿,阙,1,1,1,DRAFT_THIN|WEAK,王音_西漢.md
P0154,王龚,阙,西漢,待审,士人,1,2,0,THIN|WEAK,王龚_西漢.md
P0155,班伯,阙,西漢,待审,士人,2,1,2,,班伯_西漢.md
P0156,璩（待考）,阙,魏,待审,待考,1,2,0,THIN|WEAK,璩（待考）_魏.md
P0157,甄邯,阙,西漢_新,待审,外戚,2,2,2,,甄邯_西漢_新.md
P0158,种劭,阙,東漢,待审,士人,1,1,0,THIN|WEAK,种劭_東漢.md
P0159,种辑,阙,漢魏之際,待审,士人,1,1,0,THIN|WEAK,种辑_漢魏之際.md
P0160,窦宪,伯度,東漢,待审,外戚,6,7,18,,窦宪_東漢.md
P0161,窦机,阙,東漢,待审,外戚,1,1,0,THIN|WEAK,窦机_東漢.md
P0162,耿承,阙,東漢,待审,外戚,1,1,0,THIN|WEAK,耿承_東漢.md
P0163,耿箕,阙,東漢,待审,外戚,1,1,0,THIN|WEAK,耿箕_東漢.md
P0164,耿纪,阙,漢魏之際,草稿,阙,1,1,1,DRAFT_THIN|WEAK,耿纪_漢魏之際.md
P0165,苏武,子卿,西漢,待审,士人,1,4,1,,苏武_西漢.md
P0166,荀勖,阙,魏_晉,待审,士人,2,1,2,,荀勖_魏_晉.md
P0167,荀悦,阙,東漢,草稿,阙,1,1,1,DRAFT_THIN|WEAK,荀悦_東漢.md
P0168,荀顗,景倩,魏_晉,待审,士人,2,2,2,,荀顗_魏_晉.md
P0169,萧育,次君,東漢,待审,士人,1,3,0,THIN,萧育_東漢.md
P0170,董允,休昭,蜀漢,待审,士人,1,3,3,,董允_蜀漢.md
P0171,董贤,圣卿,西漢,待审,佞幸,5,5,10,,董贤_西漢.md
P0172,蔡玄,阙,東漢,待审,士人,2,1,2,,蔡玄_東漢.md
P0173,蔡茂,阙,東漢,待审,士人,2,1,2,,蔡茂_東漢.md
P0174,蔡邕,阙,東漢,草稿,阙,1,2,1,DRAFT_THIN|WEAK,蔡邕_東漢.md
P0175,虞子和,和,東漢,待审,宗室/勋贵,4,2,4,,虞子和_東漢.md
P0176,袁隗,次阳,東漢,待审,士人,2,3,2,,袁隗_東漢.md
P0177,许允,士宗,魏,待审,士人,2,1,2,,许允_魏.md
P0178,许延寿,阙,西漢,草稿,阙,1,1,1,DRAFT_THIN|WEAK,许延寿_西漢.md
P0179,许慎,阙,東漢,待审,士人,2,1,2,,许慎_東漢.md
P0180,许相,阙,東漢,待审,其他,3,1,3,,许相_東漢.md
P0181,许章,阙,西漢,待审,外戚,3,1,3,,许章_西漢.md
P0182,诸葛瞻,思远,蜀漢,待审,宗室/勋贵,2,2,2,,诸葛瞻_蜀漢.md
P0183,谢弼,阙,東漢,待审,士人,2,1,2,,谢弼_東漢.md
P0184,谢惲,阙,東漢,草稿,阙,1,1,1,DRAFT_THIN|WEAK,谢惲_東漢.md
P0185,谢笃,阙,東漢,待审,外戚,1,2,0,THIN|WEAK,谢笃_東漢.md
P0186,费祎,阙,蜀漢,待审,士人,4,1,4,,费祎_蜀漢.md
P0187,贺纯,阙,東漢,草稿,阙,1,1,1,DRAFT_THIN|WEAK,贺纯_東漢.md
P0188,贾复,阙,東漢,待审,勋贵,1,1,1,WEAK,贾复_東漢.md
P0189,贾建,阙,東漢,待审,外戚,2,1,2,,贾建_東漢.md
P0190,贾彪,阙,東漢,待审,士人,2,1,2,,贾彪_東漢.md
P0191,贾逵,阙,東漢,草稿,阙,8,5,16,,贾逵_東漢.md
P0192,赵代,阙,東漢,待审,士人,1,1,0,THIN|WEAK,赵代_東漢.md
P0193,赵典,阙,東漢,待审,士人,3,1,3,,赵典_東漢.md
P0194,赵孝,阙,東漢,待审,士人,2,1,2,,赵孝_東漢.md
P0195,赵憙,阙,東漢,待审,勋贵,2,1,2,,赵憙_東漢.md
P0196,赵苞,阙,東漢,待审,士人,1,1,2,WEAK,赵苞_東漢.md
P0197,邓义,阙,東漢,草稿,阙,1,1,1,DRAFT_THIN|WEAK,邓义_東漢.md
P0198,邓叠,阙,東漢,待审,外戚,2,2,2,,邓叠_東漢.md
P0199,邓干,阙,東漢,待审,外戚,1,1,0,THIN|WEAK,邓干_東漢.md
P0200,邓建,阙,東漢,待审,外戚,1,1,0,THIN|WEAK,邓建_東漢.md
P0201,邓弘,阙,東漢,待审,外戚,1,1,0,THIN|WEAK,邓弘_東漢.md
P0202,邓蕃,阙,東漢,待审,外戚,2,2,2,,邓蕃_東漢.md
P0203,邓阊,阙,東漢,待审,外戚,1,1,0,THIN|WEAK,邓阊_東漢.md
P0204,郑業,阙,西漢,草稿,阙,1,1,1,DRAFT_THIN|WEAK,郑业_西漢.md
P0205,郑均,阙,東漢,待审,士人,5,1,6,,郑均_東漢.md
P0206,郑小同,阙,魏,待审,士人,2,2,2,,郑小同_魏.md
P0207,郑弘,阙,東漢,待审,士人,2,1,2,,郑弘_東漢.md
P0208,郑文信,阙,漢魏之際,草稿,阙,1,1,1,DRAFT_THIN|WEAK,郑文信_漢魏之際.md
P0209,郑玄,康成,東漢,待审,士人,2,3,0,,郑玄_東漢.md
P0210,郑称,阙,漢魏之際,草稿,阙,1,1,1,DRAFT_THIN|WEAK,郑称_漢魏之際.md
P0211,郗虑,阙,東漢,草稿,阙,1,1,1,DRAFT_THIN|WEAK,郗虑_東漢.md
P0212,郤巡,阙,東漢,待审,士人,1,1,0,THIN|WEAK,郤巡_東漢.md
P0213,郭举,阙,東漢,待审,外戚,2,3,2,,郭举_東漢.md
P0214,郭攸之,演长,蜀漢,待审,士人,2,2,2,,郭攸之_蜀漢.md
P0215,郭昌,阙,東漢,待审,阙,2,1,2,,郭昌_東漢.md
P0216,金安上,子侯,西漢,待审,降人,5,6,2,,金安上_西漢.md
P0217,金敞,阙,西漢,待审,降人,5,2,5,,金敞_西漢.md
P0218,金汤,阙,西漢,待审,降人,1,2,0,THIN|WEAK,金汤_西漢.md
P0219,金涉,阙,西漢,待审,降人,2,2,2,,金涉_西漢.md
P0220,金融,阙,西漢,待审,降人,1,1,0,THIN|WEAK,金融_西漢.md
P0221,金赏,阙,西漢,草稿,阙,1,1,1,DRAFT_THIN|WEAK,金赏_西漢.md
P0222,金迁,阙,東漢,草稿,阙,1,1,1,DRAFT_THIN|WEAK,金迁_東漢.md
P0223,钟兴,阙,東漢,待审,士人,2,1,2,,钟兴_東漢.md
P0224,钟繇,阙,漢魏之際,待审,士人,2,1,2,,钟繇_漢魏之際.md
P0225,闾丘弘,阙,東漢,待审,士人,1,1,0,THIN|WEAK,闾丘弘_東漢.md
P0226,阎畅,阙,東漢,待审,外戚,1,2,0,THIN|WEAK,阎畅_東漢.md
P0227,阚泽,阙,吳,待审,士人,1,1,0,THIN|WEAK,阚泽_吳.md
P0228,阴兴,君陵,東漢,待审,外戚,2,2,2,,阴兴_東漢.md
P0229,阴统,阙,東漢,待审,外戚,1,2,0,THIN|WEAK,阴统_東漢.md
P0230,阴识,阙,東漢,待审,外戚,4,1,4,,阴识_東漢.md
P0231,陈俊,阙,東漢,待审,勋贵,2,1,2,,陈俊_東漢.md
P0232,陈光,阙,東漢,待审,士人,1,1,0,THIN|WEAK,陈光_東漢.md
P0233,陈泰,阙,魏,待审,士人,5,1,5,,陈泰_魏.md
P0234,陈球,阙,東漢,待审,士人,2,1,2,,陈球_東漢.md
P0235,陈矫,阙,魏,待审,士人,2,1,2,,陈矫_魏.md
P0236,陈祗,阙,蜀漢,待审,其他,2,1,2,,陈祗_蜀漢.md
P0237,陈群,阙,漢魏之際,草稿,阙,1,1,2,DRAFT_THIN|WEAK,陈群_漢魏之際.md
P0238,陈翔,阙,東漢,待审,士人,1,1,1,WEAK,陈翔_東漢.md
P0239,霍光,子孟,西漢,待审,外戚/勋贵,3,5,1,,霍光_西漢.md
P0240,霍去病,阙,西漢,待审,外戚/勋贵,2,3,2,,霍去病_西漢.md
P0241,霍嬗,阙,西漢,待审,外戚/勋贵,1,2,0,THIN|WEAK,霍嬗_西漢.md
P0242,霍山,阙,西漢,待审,外戚,1,2,0,THIN|WEAK,霍山_西漢.md
P0243,霍禹,阙,西漢,待审,外戚,1,1,1,WEAK,霍禹_西漢.md
P0244,韩增,阙,西漢,待审,勋贵,1,2,1,WEAK,韩增_西漢.md
P0245,韩嵩,德高,東漢,待审,士人,2,4,0,,韩嵩_東漢.md
P0246,韩说,阙,東漢,待审,士人,2,1,0,,韩说_東漢.md
P0247,顾雍,阙,吳,待审,士人,2,1,2,,顾雍_吳.md
P0248,马何罗,阙,西漢,草稿,阙,1,1,1,DRAFT_THIN|WEAK,马何罗_西漢.md
P0249,马宇,阙,東漢,草稿,阙,5,5,5,,马宇_東漢.md
P0250,马康,阙,東漢,待审,外戚,1,1,0,THIN|WEAK,马康_東漢.md
P0251,马武,阙,東漢,待审,勋贵,2,1,2,,马武_東漢.md
P0252,马良,季常,蜀漢,待审,士人,2,2,4,,马良_蜀漢.md
P0253,高堂隆,阙,魏,待审,士人,1,1,0,THIN|WEAK,高堂隆_魏.md
P0254,魏应,君伯,東漢,待审,士人,1,3,0,THIN,魏应_東漢.md
P0255,鲍勋,阙,魏,待审,士人,1,1,0,THIN|WEAK,鲍勋_魏.md
P0256,黄权,阙,蜀漢_魏,待审,士人,1,1,0,THIN|WEAK,黄权_蜀漢_魏.md
