category,name,in_db,book,juan,sentence,phase,kind,action_hint,path
拟补人物,卫尉,N,后汉书,卷54,帝崩後，復入為侍中衛尉，從獻帝西遷，有功勤。,donghan_late,人物;制度+人物,核查是否史有明文任侍中；确认则建卡（勿自动定稿）,
拟补人物,祭酒,N,后汉书,卷25,更始立，以茂為侍中祭酒，從至長安，知更始政亂，以年老乞骸骨歸。,wangmang,人物,核查是否史有明文任侍中；确认则建卡（勿自动定稿）,
拟补人物,杜喬,N,三国志,卷45,【漢安元年】，拜光祿大夫，與侍中杜喬等八人同日受詔，持節分出，案行天下貪廉，墨綬有罪便收，刺史二千石以驛表聞，威惠清忠，名振郡國，號曰八雋。,hanwei,人物,核查是否史有明文任侍中；确认则建卡（勿自动定稿）,
拟补人物,中郎将,N,全汉文,卷四十三,歷太子中庶子、諸曹侍中中郎將。,donghan_bureau,人物,核查是否史有明文任侍中；确认则建卡（勿自动定稿）,
拟补人物,辛毗,N,三国志,卷02,」於是侍中辛毗、劉曄、散騎常侍傅巽、衞臻、尚書令桓階、尚書陳矯、陳羣、給事中博士騎都尉蘇林、董巴等奏曰：「伏見太史丞許芝上魏國受命之符；,hanwei,人物;制度+人物,核查是否史有明文任侍中；确认则建卡（勿自动定稿）,
拟补人物,兄子璜,N,后汉书,卷72,）以弟旻為左將軍，封鄠侯，兄子璜為侍中、中軍校尉，皆典兵事。,xihan_addition,人物,核查是否史有明文任侍中；确认则建卡（勿自动定稿）,
拟补人物,再迁,N,后汉书,卷27,建和初，四府表薦，征拜議郎，侍講禁內，再遷為侍中。,xihan_addition,人物,核查是否史有明文任侍中；确认则建卡（勿自动定稿）,
拟补人物,用事,N,史记,卷087,以趙高為郎中令，常侍中用事。,xihan_addition,人物,核查是否史有明文任侍中；确认则建卡（勿自动定稿）,
拟补人物,三迁,N,后汉书,卷30上,及至，拜議郎，三遷為侍中，特蒙引見，訪以時政。,xihan_addition,人物,核查是否史有明文任侍中；确认则建卡（勿自动定稿）,
拟补人物,中郎,N,全汉文,卷二十七,武帝時，待詔，遷侍中中郎，坐法免，復召爲郎，拜東郡都尉，入爲光祿大夫侍中，後坐事誅。,wudi_expansion,人物;制度+人物,核查是否史有明文任侍中；确认则建卡（勿自动定稿）,
拟补人物,刁玄,N,三国志,卷48,」黃門不服，侍中刁玄、張邠啟：「黃門、藏吏辭語不同，請付獄推盡。,hanwei,人物,核查是否史有明文任侍中；确认则建卡（勿自动定稿）,
拟补人物,周廣,N,后汉书,卷10下,」）侍中周廣、阿母野王君王聖、聖女永、永壻黃門侍郎樊嚴等，更相阿黨，互作威福，探刺禁省，更爲唱和，皆大不道。,xihan_addition,人物;制度+人物,核查是否史有明文任侍中；确认则建卡（勿自动定稿）,
拟补人物,子张辟彊,N,史记,卷009,留侯子張辟彊為侍中，年十五，謂丞相曰：「太后獨有孝惠，今崩，哭不悲，君知其解乎？,xihan_addition,人物,核查是否史有明文任侍中；确认则建卡（勿自动定稿）,
拟补人物,建章监,N,全汉文,卷二十八,爲侍中建章監，拜騎都尉。,donghan_bureau,人物,核查是否史有明文任侍中；确认则建卡（勿自动定稿）,
拟补人物,步兵,N,后汉书,卷37,【永初元年】，入授安帝，三遷爲侍中步兵校尉。,xihan_addition,人物,核查是否史有明文任侍中；确认则建卡（勿自动定稿）,
拟补人物,淳于恭奏,N,后汉书,卷3,」）侍中淳于恭奏，帝親稱制臨決，如孝宣甘露石渠故事，作白虎議奏。,xihan_addition,制度+人物,核查是否史有明文任侍中；确认则建卡（勿自动定稿）,
拟补人物,王輔,N,全后汉文,卷七,深恐在所慢違「如在」之義，今遣侍中王輔等，持節分詣岱山、東海、滎陽、河、洛，盡心祈焉。,donghan_bureau,人物,核查是否史有明文任侍中；确认则建卡（勿自动定稿）,
拟补人物,祭酒乐松,N,后汉书,卷60下,」侍中祭酒樂松、賈護，多引無行趣埶之徒，並待制鴻都門下，憙陳方俗閭里小事，帝甚悅之，待以不次之位。,xihan_addition,人物,核查是否史有明文任侍中；确认则建卡（勿自动定稿）,
拟补人物,竇憲,N,后汉书,卷33,在位四年，奏尚書張林阿附侍中竇憲，而素行臧穢，又上洛陽令楊光，憲之賓客，在官貪殘，並不宜處位。,donghan_mid,人物,核查是否史有明文任侍中；确认则建卡（勿自动定稿）,
拟补人物,行服,N,后汉书,卷37,』」）肅宗即位，郁以母憂乞身，詔聽以侍中行服。,xihan_addition,人物,核查是否史有明文任侍中；确认则建卡（勿自动定稿）,
拟补人物,陈祗代允,N,三国志,卷39,）陳祗陳祗代允為侍中，與黃皓互相表裡，皓始預政事。,hanwei,人物,核查是否史有明文任侍中；确认则建卡（勿自动定稿）,
拟补人物,不通,N,三国志,卷06,諸將或遣婢詣省閤，或自齎酒啖，過天子飲，侍中不通，喧呼罵詈，遂不能止。,hanwei,人物,核查是否史有明文任侍中；确认则建卡（勿自动定稿）,
拟补人物,举为,N,后汉书,卷61,」時詔遣八使巡行風俗，皆選素有威名者，乃拜舉為侍中，舉侍中杜喬、守光祿大夫周栩、前青州刺史馮羨、尚書欒巴、侍御史張綱、兗州刺史郭遵、太尉長史劉班並守光祿大夫，分行天下。,xihan_addition,人物,核查是否史有明文任侍中；确认则建卡（勿自动定稿）,
拟补人物,乃引瑜,N,后汉书,卷57,及帝崩，大將軍竇武欲大誅宦官，乃引瑜為侍中，又以侍中尹勳為尚書令，共同謀畫。,xihan_addition,人物,核查是否史有明文任侍中；确认则建卡（勿自动定稿）,
拟补人物,乃拜举,N,后汉书,卷61,」時詔遣八使巡行風俗，皆選素有威名者，乃拜舉為侍中，舉侍中杜喬、守光祿大夫周栩、前青州刺史馮羨、尚書欒巴、侍御史張綱、兗州刺史郭遵、太尉長史劉班並守光祿大夫，分行天下。,xihan_addition,人物,核查是否史有明文任侍中；确认则建卡（勿自动定稿）,
拟补人物,亲省起居,N,三国志,卷16,（注：《魏略》曰：旧仪，侍中亲省起居，故俗谓之执虎子。,hanwei,人物,核查是否史有明文任侍中；确认则建卡（勿自动定稿）,
拟补人物,何晏代毓,N,三国志,卷22,時曹爽秉权，將树其黨，徙毓仆射，以侍中何晏代毓。,hanwei,人物,核查是否史有明文任侍中；确认则建卡（勿自动定稿）,
拟补人物,便蕃左右,N,全后汉文,卷三十四,}}侍中便蕃左右，與帝升降，卒思（注：案：《北堂書鈔》引作「切問」。,donghan_bureau,人物,核查是否史有明文任侍中；确认则建卡（勿自动定稿）,
拟补人物,允迁,N,三国志,卷39,」亮尋請禕為參軍，允遷為侍中，領虎賁中郎將，統宿衛親兵。,hanwei,人物;制度+人物,核查是否史有明文任侍中；确认则建卡（勿自动定稿）,
拟补人物,元以来,N,汉书,卷059,」及禹誅滅，而安世子孫相繼，自宣、元以來為侍中、中常侍、諸曹散騎、列校尉者凡十餘人。,donghan_late,制度+人物,核查是否史有明文任侍中；确认则建卡（勿自动定稿）,
拟补人物,元帝时,N,后汉书,卷31,曾祖霸，元帝時為侍中。,xihan_addition,人物,核查是否史有明文任侍中；确认则建卡（勿自动定稿）,
拟补人物,军袁隗表,N,后汉书,卷35,後將軍袁隗表為侍中，以父喪不行。,xihan_addition,人物,核查是否史有明文任侍中；确认则建卡（勿自动定稿）,
拟补人物,刘晔对,N,三国志,卷12,』侍中劉晔對曰：『獵勝於樂。,hanwei,人物,核查是否史有明文任侍中；确认则建卡（勿自动定稿）,
拟补人物,劭为,N,后汉书,卷56,及進敗，獻帝即位，拜劭為侍中。,donghan_late,制度+人物,核查是否史有明文任侍中；确认则建卡（勿自动定稿）,
拟补人物,卯延光中,N,后汉书,卷26,卯延光中為侍中，薨，子留嗣。,xihan_addition,人物,核查是否史有明文任侍中；确认则建卡（勿自动定稿）,
拟补人物,去病,N,汉书,卷055,去病以皇后姊子，年十八為侍中。,xihan_addition,人物,核查是否史有明文任侍中；确认则建卡（勿自动定稿）,
拟补人物,受害節,N,全后汉文,卷六十一,今曹節等放縱爲害，而久在左右，又公兄侍中受害節等，永樂太-{后}-所親知也。,donghan_bureau,人物,核查是否史有明文任侍中；确认则建卡（勿自动定稿）,
拟补人物,吏部,N,三国志,卷22,」遷尚書，转侍中吏部尚書。,hanwei,人物,核查是否史有明文任侍中；确认则建卡（勿自动定稿）,
拟补人物,君卿,N,汉书,卷068,爲書曰「皇帝問侍中君卿：使中御府令高昌奉黃金千斤，賜君卿取十妻。,xihan_addition,人物,核查是否史有明文任侍中；确认则建卡（勿自动定稿）,
拟补人物,和帝时,N,后汉书,卷16,昌安侯襲嗣子藩，亦尚顯宗女平臯長公主，和帝時為侍中。,donghan_mid,人物,核查是否史有明文任侍中；确认则建卡（勿自动定稿）,
拟补人物,坐帷内,N,后汉书,卷11,羣臣欲言事，輒醉不能見，時不得已，乃令侍中坐帷內與語。,xihan_addition,人物,核查是否史有明文任侍中；确认则建卡（勿自动定稿）,
拟补人物,太仆,N,全汉文,卷六十,綏和初爲侍中太僕，位特進，㠯病免。,donghan_bureau,人物,核查是否史有明文任侍中；确认则建卡（勿自动定稿）,
拟补人物,奏陛下,N,全汉文,卷四十五,語不可露，願具書所言，因侍中奏陛下，㠯示腹心大臣。,donghan_bureau,人物,核查是否史有明文任侍中；确认则建卡（勿自动定稿）,
拟补人物,女婿甄邯,N,汉书,卷099上,莽以大司徒孔光名儒，相三主，太后所敬，天下信之，於是盛尊事光，引光女婿甄邯為侍中奉車都尉。,xihan_addition,人物,核查是否史有明文任侍中；确认则建卡（勿自动定稿）,
拟补人物,子淳于长,N,汉书,卷097下,太后姊子淳于長為侍中，數往來傳語，得太后指，上立封趙婕妤父臨為成陽侯。,xihan_addition,人物,核查是否史有明文任侍中；确认则建卡（勿自动定稿）,
拟补人物,安帝征康,N,后汉书,卷16,及從兄騭誅，安帝征康為侍中。,xihan_addition,人物,核查是否史有明文任侍中；确认则建卡（勿自动定稿）,
拟补人物,宾客益衰,N,史记,第四十七章-魏其武安侯列传,”灌夫家居虽富，然失势，卿相侍中宾客益衰。,xihan_addition,人物,核查是否史有明文任侍中；确认则建卡（勿自动定稿）,
拟补人物,屯骑,N,后汉书,卷26,卒，子無忌嗣，亦傳家學，博物多識，順帝時，為侍中屯騎校尉。,xihan_addition,人物,核查是否史有明文任侍中；确认则建卡（勿自动定稿）,
拟补人物,左蟬右貂,N,全后汉文,卷三十四,）侍中左蟬右貂，本秦丞相史往來殿中，故謂之侍中。,origin,制度+人物,核查是否史有明文任侍中；确认则建卡（勿自动定稿）,
拟补人物,平王凤,N,汉书,卷019,」）||||陽平侯王鳳為侍中衞尉，三年遷。,xihan_addition,人物,核查是否史有明文任侍中；确认则建卡（勿自动定稿）,
拟补人物,年十八,N,汉书,卷055,去病以皇后姊子，年十八為侍中。,xihan_addition,人物,核查是否史有明文任侍中；确认则建卡（勿自动定稿）,
拟补人物,廷尉,N,三国志,卷13,爽旣誅，入爲御史中丞、侍中廷尉。,hanwei,人物,核查是否史有明文任侍中；确认则建卡（勿自动定稿）,
拟补人物,弱冠,N,三国志,卷36,弱冠為侍中、中監軍，數歲卒。,hanwei,人物,核查是否史有明文任侍中；确认则建卡（勿自动定稿）,
拟补人物,征立,N,三国志,卷40,二十四年，先主為漢中王，徵立為侍中。,hanwei,人物,核查是否史有明文任侍中；确认则建卡（勿自动定稿）,
拟补人物,征还,N,后汉书,卷54,征還為侍中﹑五官中郎將，遷穎川﹑南陽太守，復拜侍中，三遷永樂少府﹑太僕﹑衛尉。,donghan_bureau,制度+人物,核查是否史有明文任侍中；确认则建卡（勿自动定稿）,
拟补人物,徙昭,N,三国志,卷14,二年，分邑百戶，賜昭弟訪爵關內侯，徙昭為侍中。,hanwei,人物,核查是否史有明文任侍中；确认则建卡（勿自动定稿）,
拟补人物,復以資,N,三国志,卷14,」）曹爽誅後，復以資為侍中，領中書令。,hanwei,人物,核查是否史有明文任侍中；确认则建卡（勿自动定稿）,
拟补人物,復入,N,后汉书,卷116,王莽秉政，侍中復入，與中官共止。,wangmang,人物;制度+人物,核查是否史有明文任侍中；确认则建卡（勿自动定稿）,
拟补人物,拜劭,N,后汉书,卷56,及進敗，獻帝即位，拜劭為侍中。,donghan_late,制度+人物,核查是否史有明文任侍中；确认则建卡（勿自动定稿）,
拟补人物,时弟丕亦,N,后汉书,卷25,時弟丕亦為侍中。,xihan_addition,人物,核查是否史有明文任侍中；确认则建卡（勿自动定稿）,
拟补人物,桓帝时,N,后汉书,卷16,榮少知名，桓帝時為侍中。,donghan_late,人物,核查是否史有明文任侍中；确认则建卡（勿自动定稿）,
拟补人物,止传舍者,N,后汉书,卷29,時，有矯稱侍中止傳舍者，興欲謁之。,xihan_addition,人物,核查是否史有明文任侍中；确认则建卡（勿自动定稿）,
拟补人物,比求实,N,三国志,卷23,和侍中比求實之，所以不聽，欲重參之耳。,hanwei,人物,核查是否史有明文任侍中；确认则建卡（勿自动定稿）,
拟补人物,永元中,N,后汉书,卷15,來歷歷字伯珍，少襲爵，以公主子，永元中為侍中，監羽林右騎。,xihan_addition,人物,核查是否史有明文任侍中；确认则建卡（勿自动定稿）,
拟补人物,汝南伍瓊,N,后汉书,卷72,乃任吏部尚書漢陽周珌、侍中汝南伍瓊、（注：《英雄記》「珌」作「毖」，字仲遠，武威人。,xihan_addition,人物,核查是否史有明文任侍中；确认则建卡（勿自动定稿）,
拟补人物,沛国施延,N,后汉书,卷46,」書御，有詔拜有道高第士沛國施延為侍中，延後位至太尉。,xihan_addition,人物,核查是否史有明文任侍中；确认则建卡（勿自动定稿）,
拟补人物,涉爲,N,汉书,卷068,」）敞子涉本爲左曹，上拜涉爲侍中，使待幸綠車載送衞尉舍。,xihan_addition,人物,核查是否史有明文任侍中；确认则建卡（勿自动定稿）,
拟补人物,灵帝时,N,后汉书,卷54,牧孫奇牧孫奇，靈帝時為侍中，帝嘗從容問奇曰：「朕何如桓帝？,donghan_late,人物,核查是否史有明文任侍中；确认则建卡（勿自动定稿）,
拟补人物,父任,N,汉书,卷071,少時，耆酒多過失，年且三十，乃折節修行，以父任為侍中中郎將、長水校尉。,xihan_addition,人物,核查是否史有明文任侍中；确认则建卡（勿自动定稿）,
拟补人物,王望传,N,汉书,卷099下,中黃門各拔刃將忠等送廬，忠拔劍欲自刎，侍中王望傳言大司馬反，黃門持劍共格殺之。,xihan_addition,人物,核查是否史有明文任侍中；确认则建卡（勿自动定稿）,
拟补人物,璩六十一,N,三国志,卷29,璩六十一為侍中，直省內，欻見白狗，問之眾人，悉無見者。,hanwei,人物,核查是否史有明文任侍中；确认则建卡（勿自动定稿）,
拟补人物,相知,N,全汉文,卷十三,）與侍中從弟安國書臧報侍中相知，忿俗儒淫辭冒義，有意欲校亂反正，由來久矣。,donghan_bureau,人物,核查是否史有明文任侍中；确认则建卡（勿自动定稿）,
拟补人物,私出,N,汉书,卷077,-{豐}-案劾章，欲奏其事，適逢許侍中私出，-{豐}-駐車舉節詔章曰：「下！,xihan_addition,人物,核查是否史有明文任侍中；确认则建卡（勿自动定稿）,
拟补人物,舍人,N,全后汉文,卷三十四,）漢因秦置侍中舍人。,donghan_bureau,人物,核查是否史有明文任侍中；确认则建卡（勿自动定稿）,
拟补人物,董允书,N,三国志,卷39,諸葛亮與長史蔣琬、侍中董允書曰：「孝起前臨至吳，為吾說正方腹中有鱗甲，鄉黨以為不可近。,hanwei,人物,核查是否史有明文任侍中；确认则建卡（勿自动定稿）,
拟补人物,賓客益衰,N,史记,卷107,」灌夫家居雖富，然失勢，卿相侍中賓客益衰。,xihan_addition,人物,核查是否史有明文任侍中；确认则建卡（勿自动定稿）,
拟补人物,贾逵因,N,后汉书,卷39,積十餘歲，至永元十年，有司復奏之，侍中賈逵因上書曰：「孔子稱『能以禮讓為國，於從政乎何有』。,xihan_addition,人物,核查是否史有明文任侍中；确认则建卡（勿自动定稿）,
拟补人物,车骑,N,三国志,卷04,其以壹為侍中車騎將軍、假節、交州牧、吳侯，開府辟召儀同三司，依古侯伯八命之禮，衮冕赤舄，事從豐厚。,hanwei,人物,核查是否史有明文任侍中；确认则建卡（勿自动定稿）,
拟补人物,迎荐,N,后汉书,卷62,進恐其不至，迎薦為侍中，及進敗而詔命中絕。,xihan_addition,人物,核查是否史有明文任侍中；确认则建卡（勿自动定稿）,
拟补人物,近侍,N,全后汉文,卷八,）報楊定請侍中尹忠爲長史詔（注：八月）侍中近侍，就非其宜，必爲關東所笑。,donghan_bureau,人物,核查是否史有明文任侍中；确认则建卡（勿自动定稿）,
拟补人物,近臣,N,三国志,卷03,」每朝宴會同，與侍中近臣並列帷幄。,hanwei,制度+人物,核查是否史有明文任侍中；确认则建卡（勿自动定稿）,
拟补人物,迺存,N,全后汉文,卷三十四,}}桓帝時，侍中迺存，（注：《蓺文類聚》作「刁存」，《野客叢書》二十五作「刁協」。,donghan_late,人物,核查是否史有明文任侍中；确认则建卡（勿自动定稿）,
拟补人物,都王邑,N,汉书,卷086,莽從弟成都侯王邑為侍中，矯稱太皇太后指白哀帝，為莽求特進給事中。,chengai_mingjing,人物,核查是否史有明文任侍中；确认则建卡（勿自动定稿）,
拟补人物,长君弟青,N,史记,卷049,召其兄衛長君弟青為侍中。,xihan_addition,人物,核查是否史有明文任侍中；确认则建卡（勿自动定稿）,
拟补人物,阳平王凤,N,汉书,卷019,」）||||陽平侯王鳳為侍中衞尉，三年遷。,xihan_addition,人物,核查是否史有明文任侍中；确认则建卡（勿自动定稿）,
拟补人物,音獨側聽,N,全汉文,卷四十三,時太后從子侍中音獨側聽，具知章言㠯語鳳。,donghan_bureau,人物,核查是否史有明文任侍中；确认则建卡（勿自动定稿）,
拟补人物,一月,N,汉书,卷019,|大司徒司直金欽為京兆尹，一月為侍中。,xihan_addition,人物,核查是否史有明文任侍中；确认则建卡（勿自动定稿）,
拟补人物,丁沖,N,后汉书,卷72,封衞將軍董承、輔國將軍伏完、侍中丁沖、种輯、尚書僕射鍾繇、尚書郭溥、御史中丞董芬、彭城相劉艾、馮翊韓斌、東郡太守楊衆、議郎羅邵、伏德、趙蕤為列侯，賞有功也。,xihan_addition,人物,核查是否史有明文任侍中；确认则建卡（勿自动定稿）,
拟补人物,丁鴻,N,全后汉文,卷三十一,侍中丁鴻，仁而有讓，達于從政；,donghan_bureau,人物,核查是否史有明文任侍中；确认则建卡（勿自动定稿）,
拟补人物,上拜涉,N,汉书,第四十章-霍光金日磾传,敞子涉本为左曹，上拜涉为侍中，使待幸绿车载送卫尉舍。,xihan_addition,人物,核查是否史有明文任侍中；确认则建卡（勿自动定稿）,
拟补人物,与李陵俱,N,汉书,第二十四章-李广苏建传,初，武与李陵俱为侍中，武使匈奴明年，陵降，不敢求武。,xihan_addition,人物,核查是否史有明文任侍中；确认则建卡（勿自动定稿）,
拟补人物,东通灵将,N,汉书,第七十六章-王莽传中,寻随方士入华山，岁余捕得，辞连国师公歆子侍中东通灵将、五司大夫隆威侯棻，棻弟右曹长水校尉伐虏侯泳，大司空邑弟左关将军掌威侯奇，及歆门人侍中骑都尉丁隆等，牵引公卿党亲列侯以下，死者数百人。,xihan_addition,人物,核查是否史有明文任侍中；确认则建卡（勿自动定稿）,
拟补人物,並皆年少,N,后汉书,卷63,一日朝會，見諸侍中並皆年少，無一宿儒大人可顧問者，誠可歎息。,xihan_addition,制度+人物,核查是否史有明文任侍中；确认则建卡（勿自动定稿）,
拟补人物,中书监,N,三国志,卷21,建安中，爲郡上計吏，特拜郎中，稍遷侍中中書監，以光祿大夫遜位，年七十五卒於家。,hanwei,人物,核查是否史有明文任侍中；确认则建卡（勿自动定稿）,
拟补人物,九男皆,N,汉书,第五十四章-王商史丹傅喜传,有子男女二十人，九男皆以丹任并为侍中、诸曹，亲近在左右。,xihan_addition,人物,核查是否史有明文任侍中；确认则建卡（勿自动定稿）,
拟补人物,二年,N,汉书,卷019,詹事許商為少府，二年為侍中光祿大夫。,donghan_bureau,制度+人物,核查是否史有明文任侍中；确认则建卡（勿自动定稿）,
拟补人物,伍瓊,N,后汉书,卷70,公業等與侍中伍瓊、卓長史何顒共說卓，以袁紹爲勃海太守，以發山東之謀。,xihan_addition,人物,核查是否史有明文任侍中；确认则建卡（勿自动定稿）,
拟补人物,侍郎,N,后汉书,卷116,改給事黃門侍郎為侍中侍郎，去給事黃門之號，旋復復故。,xihan_addition,制度+人物,核查是否史有明文任侍中；确认则建卡（勿自动定稿）,
拟补人物,傅俊迎后,N,后汉书,第十一章-皇后纪上,光武即位，令侍中傅俊迎后，与胡阳、宁平主诸宫人俱到洛阳，以后为贵人。,donghan_bureau,人物,核查是否史有明文任侍中；确认则建卡（勿自动定稿）,
拟补人物,傅巽掐则,N,三国志,卷16,侍中傅巽掐则曰：“不谓卿也。,hanwei,人物,核查是否史有明文任侍中；确认则建卡（勿自动定稿）,
拟补人物,傅巽目,N,三国志,卷16,侍中傅巽目之，乃悟。,hanwei,人物,核查是否史有明文任侍中；确认则建卡（勿自动定稿）,
拟补人物,儵按,N,后汉书,卷56,一八三四頁五行合兄侍中儵按：殿本「儵」作「鯈」。,xihan_addition,人物,核查是否史有明文任侍中；确认则建卡（勿自动定稿）,
拟补人物,光禄勋,N,汉书,卷019,衞尉王能為侍中光祿勳，二年貶為弘農，坐呂寬自殺。,xihan_addition,人物,核查是否史有明文任侍中；确认则建卡（勿自动定稿）,
拟补人物,兼領,N,后汉书,卷79上,”帝即敕尚書解遵禁锢，拜憑虎贲中郎将，以侍中兼領之。,xihan_addition,人物,核查是否史有明文任侍中；确认则建卡（勿自动定稿）,
拟补人物,兼领,N,后汉书,第七十四章-儒林列传上,”帝即敕尚书解遵禁锢，拜凭虎贲中郎将，以侍中兼领之。,xihan_addition,人物,核查是否史有明文任侍中；确认则建卡（勿自动定稿）,
拟补人物,冒名,N,后汉书,第二十六章-梁统列传,冒名而为侍中、卿、校尉、郡守、长吏者十余人，皆贪叨凶淫，各遣私客籍属县富人，被以它罪，闭狱掠拷，使出钱自赎，资物少者至于死徙。,xihan_addition,人物,核查是否史有明文任侍中；确认则建卡（勿自动定稿）,
拟补人物,出禁外,N,后汉书,卷116,又侍中舊與中官俱止禁中，武帝時，侍中莽何羅挾刃謀逆，由是侍中出禁外，有事乃入，畢即出。,wudi_expansion,制度+人物,核查是否史有明文任侍中；确认则建卡（勿自动定稿）,
拟补人物,单甫受学,N,三国志,第十八章-吴范刘惇赵达传,少从汉侍中单甫受学，用思精密，谓东南有王者气，可以避难，故脱身渡江。,hanwei,人物,核查是否史有明文任侍中；确认则建卡（勿自动定稿）,
拟补人物,卫尉王能,N,汉书,卷019,衞尉王能為侍中光祿勳，二年貶為弘農，坐呂寬自殺。,xihan_addition,人物,核查是否史有明文任侍中；确认则建卡（勿自动定稿）,
拟补人物,受害节,N,后汉书,第四十九章-张王种陈列传,今曹节等放纵为害，而久在左右，又公兄侍中受害节等，永乐太后所亲知也。,xihan_addition,人物,核查是否史有明文任侍中；确认则建卡（勿自动定稿）,
拟补人物,司中,N,全后汉文,卷五十六,侍中司中，敢告執矩。,donghan_bureau,人物,核查是否史有明文任侍中；确认则建卡（勿自动定稿）,
拟补人物,后复征放,N,汉书,第三十章-张汤传,后复征放为侍中光禄大夫，秩中二千石。,xihan_addition,制度+人物,核查是否史有明文任侍中；确认则建卡（勿自动定稿）,
拟补人物,后復征放,N,汉书,卷059,後復徵放為侍中光祿大夫，秩中二千石。,xihan_addition,制度+人物,核查是否史有明文任侍中；确认则建卡（勿自动定稿）,
拟补人物,周珌,N,后汉书,卷74上,時侍中周珌、城門校尉伍瓊為卓所信待，瓊等陰為紹說卓曰：「夫廢立大事，非常人所及。,xihan_addition,人物,核查是否史有明文任侍中；确认则建卡（勿自动定稿）,
拟补人物,單甫受學,N,三国志,卷63,少從漢侍中單甫受學，用思精密。,hanwei,人物,核查是否史有明文任侍中；确认则建卡（勿自动定稿）,
拟补人物,四迁,N,后汉书,第二十八章-郑范陈贾张列传,后征，四迁为侍中。,xihan_addition,人物,核查是否史有明文任侍中；确认则建卡（勿自动定稿）,
拟补人物,复以资,N,三国志,第十四章-程郭董刘蒋刘传,曹爽诛后，复以资为侍中，领中书令。,hanwei,人物,核查是否史有明文任侍中；确认则建卡（勿自动定稿）,
拟补人物,复入,N,后汉书,第四十七章-杨震列传,帝崩后，复入为侍中卫尉，从献帝西迁，有功勤。,donghan_late,制度+人物,核查是否史有明文任侍中；确认则建卡（勿自动定稿）,
拟补人物,复留,N,后汉书,第五十四章-蔡邕列传下,迁巴郡太守，复留为侍中。,xihan_addition,人物,核查是否史有明文任侍中；确认则建卡（勿自动定稿）,
拟补人物,夺喪服,N,三国志,卷09,帝使侍中夺喪服，使饮酒食肉，休受詔而形体益憔悴。,hanwei,人物,核查是否史有明文任侍中；确认则建卡（勿自动定稿）,
拟补人物,奉持鴻洞,N,后汉书,卷96,司徒跪曰「請進贈」，侍中奉持鴻洞。,xihan_addition,人物,核查是否史有明文任侍中；确认则建卡（勿自动定稿）,
拟补人物,如故,N,三国志,卷05,世祖以此望德，由此出德為大鴻臚，加侍中、光祿大夫，尋疾薨，贈中軍大將軍，開府侍中如故，諡恭公，子喜嗣。,donghan_bureau,人物,核查是否史有明文任侍中；确认则建卡（勿自动定稿）,
拟补人物,子举,N,后汉书,第十一章-皇后纪上,永元初，璜为长乐少府，子举为侍中，兼射声校尉。,donghan_bureau,制度+人物,核查是否史有明文任侍中；确认则建卡（勿自动定稿）,
拟补人物,子伋,N,汉书,第四十二章-傅常郑甘陈段传,后皇太后同母弟苟参为水衡都尉，死，子伋为侍中，参妻欲为伋求封，汤受其金五十斤，许为求比上奏。,xihan_addition,人物,核查是否史有明文任侍中；确认则建卡（勿自动定稿）,
拟补人物,子张辟强,N,汉书,第七十二章-外戚传上,留侯子张辟强为侍中，年十五，谓丞相陈平曰：“太后独有帝，今哭而不悲，君知其解未？,xihan_addition,人物,核查是否史有明文任侍中；确认则建卡（勿自动定稿）,
拟补人物,子爲,N,汉书,卷068,臨敞病困，拜子爲侍中，以此車送，欲敞見其榮寵也。,xihan_addition,人物,核查是否史有明文任侍中；确认则建卡（勿自动定稿）,
拟补人物,宣意,N,三国志,卷11,上使侍中宣意曰：『君守平原日淺，故復試君三輔，非有所閒也。,hanwei,人物,核查是否史有明文任侍中；确认则建卡（勿自动定稿）,
拟补人物,左中郎将,N,全后汉文,卷三十三,永初中，復徵，再遷侍中左中郎將，卒年七十五。,donghan_bureau,人物,核查是否史有明文任侍中；确认则建卡（勿自动定稿）,
拟补人物,已往,N,全后汉文,卷七十八,自侍-{御}-史、侍中已往，道爲帝師，德爲世表，體尊名重，階級彌崇。,donghan_bureau,人物,核查是否史有明文任侍中；确认则建卡（勿自动定稿）,
拟补人物,帝崩后,N,后汉书,第四十七章-杨震列传,帝崩后，复入为侍中卫尉，从献帝西迁，有功勤。,donghan_late,制度+人物,核查是否史有明文任侍中；确认则建卡（勿自动定稿）,
拟补人物,平子雖,N,三国志,卷29,平子雖為侍中，馬先生雖給事省中，俱不典工官，巧無益於世。,hanwei,人物,核查是否史有明文任侍中；确认则建卡（勿自动定稿）,
拟补人物,平間,N,后汉书,卷35,純少襲爵士，哀、平間為侍中，王莽時至列卿。,wangmang,人物,核查是否史有明文任侍中；确认则建卡（勿自动定稿）,
拟补人物,平间,N,后汉书,第二十七章-张曹郑列传,纯少袭爵士，哀、平间为侍中，王莽时至列卿。,wangmang,人物,核查是否史有明文任侍中；确认则建卡（勿自动定稿）,
拟补人物,并皆年少,N,后汉书,第五十七章-李杜列传,一日朝会，见诸侍中并皆年少，无一宿儒大人可顾问者，诚可叹息。,xihan_addition,制度+人物,核查是否史有明文任侍中；确认则建卡（勿自动定稿）,
拟补人物,延光中,N,后汉书,第二十六章-梁统列传,棠卒，子安国嗣，延光中为侍中，有罪免官，诸梁为郎吏者皆坐免。,xihan_addition,人物,核查是否史有明文任侍中；确认则建卡（勿自动定稿）,
拟补人物,弟婿郭举,N,后汉书,卷101,三二三四頁一０行憲女弟婿郭舉為侍中射聲校尉按：竇憲傳作「憲女婿」，通鑑同，此云「憲女弟婿」，未詳孰是。,donghan_mid,人物,核查是否史有明文任侍中；确认则建卡（勿自动定稿）,
拟补人物,御史中丞,N,三国志,卷28,玫，侍中御史中丞。,hanwei,人物,核查是否史有明文任侍中；确认则建卡（勿自动定稿）,
拟补人物,復留,N,后汉书,卷60下,遷巴郡太守，復留為侍中。,xihan_addition,人物,核查是否史有明文任侍中；确认则建卡（勿自动定稿）,
拟补人物,成帝时,N,汉书,第四十章-霍光金日磾传,成帝时为侍中、骑都尉，领三辅胡、越骑。,chengai_mingjing,人物,核查是否史有明文任侍中；确认则建卡（勿自动定稿）,
拟补人物,擢酺,N,后汉书,卷45,及肅宗即位，擢酺為侍中、虎賁中郎將。,xihan_addition,人物,核查是否史有明文任侍中；确认则建卡（勿自动定稿）,
拟补人物,时子寻,N,汉书,第七十六章-王莽传中,时子寻为侍中京兆大君茂德侯，即作符命，言新室当分陕，立二伯，以丰为右伯，太傅平晏为左伯，如周、召故事。,xihan_addition,人物,核查是否史有明文任侍中；确认则建卡（勿自动定稿）,
拟补人物,时子尋,N,汉书,卷099中,時子尋為侍中京兆大尹茂德侯，即作符命，言新室當分陝，立二伯，以豐為右伯，太傅平晏為左伯，如周召故事。,xihan_addition,人物,核查是否史有明文任侍中；确认则建卡（勿自动定稿）,
拟补人物,时統,N,后汉书,卷30上,時統為侍中，厚隨在京師。,xihan_addition,人物,核查是否史有明文任侍中；确认则建卡（勿自动定稿）,
拟补人物,时统,N,后汉书,第二十一章-苏竟杨厚列传上,时统为侍中，厚随在京师。,xihan_addition,人物,核查是否史有明文任侍中；确认则建卡（勿自动定稿）,
拟补人物,时虞子和,N,后汉书,卷73,時虞子和為侍中，因此遣和潛從武關出，告虞將兵來迎。,xihan_addition,人物,核查是否史有明文任侍中；确认则建卡（勿自动定稿）,
拟补人物,昆弟宾婚,N,汉书,第九章-天文志,四年，故大将军霍光夫人显、将军霍禹、范明友、奉车霍山及诸昆弟宾婚为侍中、诸曹、九卿、郡守皆谋反，咸伏其辜。,xihan_addition,人物,核查是否史有明文任侍中；确认则建卡（勿自动定稿）,
拟补人物,昆弟賓婚,N,汉书,卷026,四年，故大將軍霍光夫人顯、將軍霍禹、范明友、奉車霍山及諸昆弟賓婚為侍中、諸曹、九卿、郡守皆謀反，咸伏其辜。,xihan_addition,人物,核查是否史有明文任侍中；确认则建卡（勿自动定稿）,
拟补人物,权爲,N,三国志,卷02,拜權爲侍中鎮南將軍，封列侯，即日召使驂乘；,hanwei,制度+人物,核查是否史有明文任侍中；确认则建卡（勿自动定稿）,
拟补人物,李禎,N,三国志,卷06,侍中李禎，傕州里，素與傕通，語傕「所以持刀者，軍中不可不爾，此國家故事」。,hanwei,人物,核查是否史有明文任侍中；确认则建卡（勿自动定稿）,
拟补人物,杜輔,N,汉书,卷098,皇-{后}-使侍中杜輔、掖庭令濁賢交送政君太子宮，見丙殿。,xihan_addition,人物,核查是否史有明文任侍中；确认则建卡（勿自动定稿）,
拟补人物,汉安帝时,N,三国志,卷60,齐伯父纯，儒学有重名，汉安帝时为侍中、江夏太守，去官，与江夏黄琼、〔广汉〕杨厚俱公车徵。,hanwei,人物,核查是否史有明文任侍中；确认则建卡（勿自动定稿）,
拟补人物,汝南伍琼,N,后汉书,第六十六章-董卓列传,乃任吏部尚书汉阳周BC60、侍中汝南伍琼、尚书郑公业、长史何颙等。,xihan_addition,人物,核查是否史有明文任侍中；确认则建卡（勿自动定稿）,
拟补人物,涉为,N,汉书,第四十章-霍光金日磾传,敞子涉本为左曹，上拜涉为侍中，使待幸绿车载送卫尉舍。,xihan_addition,人物,核查是否史有明文任侍中；确认则建卡（勿自动定稿）,
拟补人物,犧和,N,汉书,卷018,|||||||||-|紅休侯劉歆||以侍中犧和與平晏同功侯。,xihan_addition,人物,核查是否史有明文任侍中；确认则建卡（勿自动定稿）,
拟补人物,王曠,N,三国志,卷23,晉元帝爲安東將軍，郃爲長史，侍中王曠與司馬越書曰：「裴郃在此，雖不治事，然識量弘淹，此下人士大敬附之。,hanwei,人物,核查是否史有明文任侍中；确认则建卡（勿自动定稿）,
拟补人物,王林卿奴,N,汉书,卷100下,」晉灼曰：「何並斬侍中王林卿奴，是立志也。,xihan_addition,人物,核查是否史有明文任侍中；确认则建卡（勿自动定稿）,
拟补人物,王粲作五,N,三国志,卷01,（注：是行也，侍中王粲作五言詩以美其事，曰：「從軍有苦樂，但問所從誰。,hanwei,人物,核查是否史有明文任侍中；确认则建卡（勿自动定稿）,
拟补人物,王閎,N,全汉文,卷四十三,，侍中王閎上書諫，不從。,donghan_bureau,人物,核查是否史有明文任侍中；确认则建卡（勿自动定稿）,
拟补人物,皆冠鵔鸃,N,汉书,卷093,故孝惠時，郎侍中皆冠鵔鸃，貝帶，傅脂粉，化閎、籍之屬也。,xihan_addition,人物,核查是否史有明文任侍中；确认则建卡（勿自动定稿）,
拟补人物,皆冠鵕璘,N,史记,第六十五章-佞幸列传,故孝惠时郎侍中皆冠鵕璘，贝带，傅脂粉，化闳、籍之属也。,xihan_addition,人物,核查是否史有明文任侍中；确认则建卡（勿自动定稿）,
拟补人物,皆冠鵕鸃,N,汉书,第六十六章-佞幸传,故孝惠时，郎侍中皆冠鵕鸃，贝带，傅脂粉，化闳、籍之属也。,xihan_addition,人物,核查是否史有明文任侍中；确认则建卡（勿自动定稿）,
拟补人物,种輯素,N,后汉书,卷72,侍中种輯素與定親，乃言曰：『段煨欲反。,xihan_addition,人物,核查是否史有明文任侍中；确认则建卡（勿自动定稿）,
拟补人物,秺金賞,N,汉书,卷019,|秺侯金賞為侍中太僕，七年遷。,xihan_addition,人物,核查是否史有明文任侍中；确认则建卡（勿自动定稿）,
拟补人物,竝皆年少,N,全后汉文,卷四十八,一日朝會，見諸侍中竝皆年少，無一㝛儒大人可顧問者，誠可歎息。,donghan_bureau,制度+人物,核查是否史有明文任侍中；确认则建卡（勿自动定稿）,
拟补人物,綜並,N,三国志,卷62,權下都建業，詳、綜並為侍中，進封鄉侯，兼左、右領軍。,hanwei,人物,核查是否史有明文任侍中；确认则建卡（勿自动定稿）,
拟补人物,群转,N,三国志,第二十二章-桓二陈徐卫卢传,群转为侍中，领丞相东西曹掾。,hanwei,人物,核查是否史有明文任侍中；确认则建卡（勿自动定稿）,
拟补人物,聊蒼,N,全后汉文,卷三十九,《通志‧氏族略》-{云}-：「漢侍中聊蒼，著書號《聊子》。,donghan_bureau,人物,核查是否史有明文任侍中；确认则建卡（勿自动定稿）,
拟补人物,能心計,N,后汉书,卷60下,桑弘羊，洛陽賈人也，以能心計為侍中。,xihan_addition,人物,核查是否史有明文任侍中；确认则建卡（勿自动定稿）,
拟补人物,臣小同,N,三国志,卷04,」於是乃與羣臣共為奏永寧宮曰：「守尚書令太尉長社侯臣孚、大將軍武陽侯臣師、司徒萬歲亭侯臣柔、司空文陽亭侯臣冲、行征西安東將軍新城侯臣昭、光祿大夫關內侯臣邕、太常臣晏、衞尉昌邑侯臣偉、太僕臣嶷、廷尉定陵侯臣毓、大鴻臚臣芝、大司農臣祥、少府臣袤、永寧衞尉臣楨、永寧太僕臣閣、大長秋臣模、司隷校尉潁昌侯臣曾、河南尹蘭陵侯臣肅、城門校尉臣慮、中護軍永安亭侯臣望、武衞將,donghan_bureau,制度+人物,核查是否史有明文任侍中；确认则建卡（勿自动定稿）,
拟补人物,至御史,N,后汉书,卷116,自侍中至御史，皆以文属焉。,xihan_addition,人物,核查是否史有明文任侍中；确认则建卡（勿自动定稿）,
拟补人物,荀勗,N,三国志,卷48,」旣至，車騎將軍賈充、尚書令裴秀、侍中荀勗等欲傲以所不知而不能屈。,hanwei,人物,核查是否史有明文任侍中；确认则建卡（勿自动定稿）,
拟补人物,董贤方贵,N,汉书,第四十九章-盖诸葛刘郑孙毋将何传,时，侍中董贤方贵，上使中黄门发武库兵，前后十辈，送董贤及上乳母王阿舍。,xihan_addition,人物,核查是否史有明文任侍中；确认则建卡（勿自动定稿）,
拟补人物,董贤爱幸,N,汉书,第十五章-蒯伍江息夫传,是时，侍中董贤爱幸，上欲侯之，遂下诏云：“躬、宠因贤以闻，封贤为高安侯，宠为方阳侯，躬为宜陵侯，食邑各千户。,xihan_addition,人物,核查是否史有明文任侍中；确认则建卡（勿自动定稿）,
拟补人物,蔡邕勸,N,三国志,卷06,」卓怒，罷坐，欲誅植，侍中蔡邕勸之，得免。,hanwei,人物,核查是否史有明文任侍中；确认则建卡（勿自动定稿）,
拟补人物,西北,N,全后汉文,卷七十二,蔡邕前坐侍中西北，近公卿，與光、晃相難問是非焉。,donghan_bureau,人物,核查是否史有明文任侍中；确认则建卡（勿自动定稿）,
拟补人物,覬喻,N,三国志,卷02,今遣守尚書令侍中覬喻，王其速陟帝位，以順天人之心，副朕之大願。,hanwei,人物,核查是否史有明文任侍中；确认则建卡（勿自动定稿）,
拟补人物,謁者帛敞,N,汉书,卷094下,」詔書中郎將韓隆、王昌、副校尉甄阜、侍中謁者帛敞、長水校尉王歙使匈奴，告單于曰：「西域內屬，不當得受，今遣之。,xihan_addition,人物,核查是否史有明文任侍中；确认则建卡（勿自动定稿）,
拟补人物,谒者帛敞,N,汉书,第六十八章-匈奴传下,”诏遣中郎将韩隆、王昌、副校尉甄阜、侍中谒者帛敞、长水校尉王歙使匈奴，告单于曰：“西域内属，不当得受，今遣之。,xihan_addition,人物,核查是否史有明文任侍中；确认则建卡（勿自动定稿）,
拟补人物,貴人飲,N,汉书,卷054,嘗與侍中貴人飲，侵陵之，莫敢應。,xihan_addition,人物,核查是否史有明文任侍中；确认则建卡（勿自动定稿）,
拟补人物,貴重,N,汉书,卷089,又樂陵侯史高以外屬舊恩侍中貴重，霸薦高可太尉。,xihan_addition,人物,核查是否史有明文任侍中；确认则建卡（勿自动定稿）,
拟补人物,賁赫自,N,史记,卷091,布所幸姬疾，請就醫，醫家與中大夫賁赫對門，姬數如醫家，賁赫自以為侍中，乃厚餽遺，從姬飲醫家。,xihan_addition,人物,核查是否史有明文任侍中；确认则建卡（勿自动定稿）,
拟补人物,質已人,N,三国志,卷62,”}}此文既流行，而質已人為侍中矣。,hanwei,人物,核查是否史有明文任侍中；确认则建卡（勿自动定稿）,
拟补人物,贊引,N,三国志,卷15,帝令侍中贊引，呼「隴西太守前」，楚當言「唯」，而大應稱「諾」。,hanwei,人物,核查是否史有明文任侍中；确认则建卡（勿自动定稿）,
拟补人物,质已入,N,三国志,第十七章-是仪胡综传,”此文既流行，而质已入为侍中矣。,hanwei,人物,核查是否史有明文任侍中；确认则建卡（勿自动定稿）,
拟补人物,贲赫自,N,史记,第三十一章-黥布列传,布所幸姬疾，请就医，医家与中大夫贲赫对门，姬数如医家，贲赫自以为侍中，乃厚餽遗，从姬饮医家。,xihan_addition,人物,核查是否史有明文任侍中；确认则建卡（勿自动定稿）,
拟补人物,贵人饮,N,汉书,第二十四章-李广苏建传,尝与侍中贵人饮，侵陵之，莫敢应。,xihan_addition,人物,核查是否史有明文任侍中；确认则建卡（勿自动定稿）,
拟补人物,贵重,N,汉书,第六十二章-循吏传,又乐陵侯史高以外属旧恩侍中贵重，霸荐高可太尉。,xihan_addition,人物,核查是否史有明文任侍中；确认则建卡（勿自动定稿）,
拟补人物,赵彪大伯,N,汉书,卷019,|侍中光祿大夫趙彪大伯為侍中水衡都尉，三年卒。,xihan_addition,人物,核查是否史有明文任侍中；确认则建卡（勿自动定稿）,
拟补人物,践脩前,N,三国志,第二章-吴主传,故先遣使者犒劳，又遣尚书、侍中践脩前言，以定任子。,hanwei,人物,核查是否史有明文任侍中；确认则建卡（勿自动定稿）,
拟补人物,踐修前,N,三国志,卷47,故先遣使者犒勞，又遣尚書、侍中踐修前言，以定任子。,hanwei,人物,核查是否史有明文任侍中；确认则建卡（勿自动定稿）,
拟补人物,辛毗奏,N,三国志,卷24,（注：《魏名臣奏》載侍中辛毗奏曰：「昔桓階為尚書令，以崔林非尚書才，遷以為河間太守。,hanwei,人物,核查是否史有明文任侍中；确认则建卡（勿自动定稿）,
拟补人物,遂以彧,N,后汉书,第六十四章-郑孔荀列传,”书奏，帝从之，遂以彧为侍中、光禄大夫，持节，参丞相军事。,xihan_addition,人物,核查是否史有明文任侍中；确认则建卡（勿自动定稿）,
拟补人物,金蟬左貂,N,全后汉文,卷三十四,}}侍中金蟬左貂。,donghan_bureau,人物,核查是否史有明文任侍中；确认则建卡（勿自动定稿）,
拟补人物,鎮南,N,三国志,卷02,拜權爲侍中鎮南將軍，封列侯，即日召使驂乘；,hanwei,制度+人物,核查是否史有明文任侍中；确认则建卡（勿自动定稿）,
拟补人物,閭丘弘,N,后汉书,卷15,歷乃要結光祿勛祋諷，宗正劉瑋，將作大匠薛皓，侍中閭丘弘、陳光、趙代、施延，太中大夫朱倀、第五頡，中散大夫曹成，諫議大夫李尤，符節令張敬，持書侍御史龔調，羽林右監孔顯，城門司馬徐崇，衛尉守丞樂闈，長樂、未央廄令鄭安世等十餘人，俱詣鴻都門證太子無過。,xihan_addition,人物,核查是否史有明文任侍中；确认则建卡（勿自动定稿）,
拟补人物,青龙二年,N,三国志,第二十二章-桓二陈徐卫卢传,青龙二年，入为侍中。,hanwei,人物,核查是否史有明文任侍中；确认则建卡（勿自动定稿）,
拟补人物,面称朕违,N,后汉书,第四十一章-杨李翟应霍爰徐列传,”帝曰：“昔朱云廷折栏槛，今侍中面称朕违，敬闻阙矣。,xihan_addition,人物,核查是否史有明文任侍中；确认则建卡（勿自动定稿）,
拟补人物,韋誕駮,N,三国志,卷11,侍中韋誕駮曰：「禮賢徵士，王政之所重也，古者考行於鄉。,hanwei,人物,核查是否史有明文任侍中；确认则建卡（勿自动定稿）,
拟补人物,音独侧听,N,汉书,第七十四章-元后传,时太后从弟长乐卫尉弘子侍中音独侧听，具知章言，以语凤。,xihan_addition,人物,核查是否史有明文任侍中；确认则建卡（勿自动定稿）,
拟补人物,養疾,N,全后汉文,卷七十五,是年遭疾，上印綬，詔書聽許，㠯侍中養疾。,donghan_bureau,制度+人物,核查是否史有明文任侍中；确认则建卡（勿自动定稿）,
拟补人物,黄初中,N,三国志,第二十一章-王卫二刘傅传,伯父巽，黄初中为侍中尚书。,hanwei,人物,核查是否史有明文任侍中；确认则建卡（勿自动定稿）,
制度沿革,,,后汉书,卷9,」《漢官儀》曰：「侍中，左蟬右貂，本秦丞相史，往來殿內，故謂之侍中。,origin,制度,纳入制度沿革页；若含人名再核名录,data/raw/後漢書/卷9.txt
制度沿革,左蟬右貂,,全后汉文,卷三十四,侍中左蟬右貂，本秦丞相史往來殿中，故謂之侍中。,origin,制度+人物,纳入制度沿革页；若含人名再核名录,data/raw/全後漢文/卷三十四.wikitext
制度沿革,左蟬右貂,,全后汉文,卷三十四,侍中左蟬右貂，本秦丞相史往來殿中，故謂之侍中。,origin,制度+人物,纳入制度沿革页；若含人名再核名录,data/raw/全後漢文/卷三十四.wikitext
制度沿革,左蟬右貂,,全后汉文,卷三十四,）侍中左蟬右貂，本秦丞相史往來殿中，故謂之侍中。,origin,制度+人物,纳入制度沿革页；若含人名再核名录,data/raw/全後漢文/卷三十四.txt
制度沿革,左蟬右貂,,全后汉文,卷三十四,）侍中左蟬右貂，本秦丞相史往來殿中，故謂之侍中。,origin,制度+人物,纳入制度沿革页；若含人名再核名录,data/raw/全後漢文/卷三十四.txt
制度沿革,典校书,,后汉书,卷114,至順帝時，平子爲侍中典校書，方作周官解說，乃欲以漸次述漢事，會復遷河閒相，遂莫能立也。,origin,制度+人物,纳入制度沿革页；若含人名再核名录,data/raw/後漢書/卷114.txt
制度沿革,典校书,,后汉书,卷114,至順帝時，平子爲侍中典校書，方作周官解說，乃欲以漸次述漢事，會復遷河閒相，遂莫能立也。,origin,制度+人物,纳入制度沿革页；若含人名再核名录,data/raw/後漢書/卷114.txt
制度沿革,典校书,,全后汉文,卷五十六,至順帝時，平子爲侍中典校書，方作《周官解說》，乃欲㠯漢次述漢事，會復遷河間相，遂莫能立也。,origin,制度+人物,纳入制度沿革页；若含人名再核名录,data/raw/全後漢文/卷五十六.txt
制度沿革,典校书,,全后汉文,卷五十六,至順帝時，平子爲侍中典校書，方作《周官解說》，乃欲㠯漢次述漢事，會復遷河間相，遂莫能立也。,origin,制度+人物,纳入制度沿革页；若含人名再核名录,data/raw/全後漢文/卷五十六.txt
制度沿革,,,全后汉文,卷三十四,）侍中，周官也。,origin,制度待核,纳入制度沿革页；若含人名再核名录,data/raw/全後漢文/卷三十四.txt
制度沿革,,,全后汉文,卷三十四,}}侍中，周官，號曰常伯。,origin,制度待核,纳入制度沿革页；若含人名再核名录,data/raw/全後漢文/卷三十四.txt
制度沿革,,,汉书,卷019,僕射，秦官，自侍中、尚書、博士、郎皆有。,origin,制度待核,纳入制度沿革页；若含人名再核名录,data/raw/漢書/卷019.txt
制度沿革,,,全后汉文,卷三十四,《漢官表》曰：「凡侍中、左右曹諸吏、散騎、中常侍，皆加官也。,xihan_addition,制度,纳入制度沿革页；若含人名再核名录,data/raw/全後漢文/卷三十四.wikitext
制度沿革,,,全后汉文,卷三十四,）《漢官表》曰：「凡侍中、左右曹諸吏、散騎、中常侍，皆加官也。,xihan_addition,制度,纳入制度沿革页；若含人名再核名录,data/raw/全後漢文/卷三十四.txt
制度沿革,,,汉书,卷019,侍中、中常侍得入禁中，諸曹受尚書事，諸吏得舉法，散騎騎並乘輿車。,xihan_addition,制度,纳入制度沿革页；若含人名再核名录,data/raw/漢書/卷019.txt
制度沿革,,,汉书,卷019,」）給事中亦加官，（注：師古曰：「《漢官解詁》云掌侍從左右，無員，常侍中。,xihan_addition,制度,纳入制度沿革页；若含人名再核名录,data/raw/漢書/卷019.txt
制度沿革,,,汉书,卷019,侍中、左右曹、諸吏、散騎、中常侍，皆加官，（注：應劭曰：「入侍天子，故曰侍中。,xihan_addition,制度,纳入制度沿革页；若含人名再核名录,data/raw/漢書/卷019.txt
制度沿革,,,汉书,卷019,侍中、左右曹、諸吏、散騎、中常侍，皆加官，所加或列侯、將軍、卿大夫、將、都尉、尚書、太醫、太官令至郎中，亡員，多至數十人。,xihan_addition,制度,纳入制度沿革页；若含人名再核名录,data/raw/漢書/卷019.wikitext
制度沿革,后復征放,,汉书,卷059,後復徵放為侍中光祿大夫，秩中二千石。,xihan_addition,制度+人物,纳入制度沿革页；若含人名再核名录,data/raw/漢書/卷059.txt
制度沿革,,,后汉书,卷120,」《獨斷》曰：「公卿侍中尚書衣皁而朝者曰朝臣。,xihan_addition,制度,纳入制度沿革页；若含人名再核名录,data/raw/後漢書/卷120.wikitext
制度沿革,,,汉书,卷068,徙光祿大夫侍中，秩中二千石，封都成侯。,xihan_addition,制度待核,纳入制度沿革页；若含人名再核名录,data/raw/漢書/卷068.txt
制度沿革,参乘,,后汉书,卷119,河南尹、執金吾、雒陽令奉引，奉車郎御，侍中參乘。,xihan_addition,制度+人物,纳入制度沿革页；若含人名再核名录,data/raw/後漢書/卷119.txt
制度沿革,,,史记,卷087,且陛下深拱禁中，與臣及侍中習法者待事，事來有以揆之。,xihan_addition,制度待核,纳入制度沿革页；若含人名再核名录,data/raw/史記/卷087.txt
制度沿革,侍郎,,后汉书,卷116,改給事黃門侍郎為侍中侍郎，去給事黃門之號，旋復復故。,xihan_addition,制度+人物,纳入制度沿革页；若含人名再核名录,data/raw/後漢書/卷116.txt
制度沿革,出禁外,,后汉书,卷116,又侍中舊與中官俱止禁中，武帝時，侍中莽何羅挾刃謀逆，由是侍中出禁外，有事乃入，畢即出。,wudi_expansion,制度+人物,纳入制度沿革页；若含人名再核名录,data/raw/後漢書/卷116.txt
制度沿革,出禁外,,后汉书,卷116,又侍中舊與中官俱止禁中，武帝時，侍中莽何羅挾刃謀逆，由是侍中出禁外，有事乃入，畢即出。,wudi_expansion,制度+人物,纳入制度沿革页；若含人名再核名录,data/raw/後漢書/卷116.txt
制度沿革,,,汉书,卷082,而商子弟親屬爲駙馬都尉、侍中、中常侍、諸曹大夫郎吏者，皆出補吏，莫得留給事宿衛者。,wudi_expansion,制度,纳入制度沿革页；若含人名再核名录,data/raw/漢書/卷082.txt
制度沿革,,,汉书,第五十四章-王商史丹傅喜传,而商子弟亲属为驸马都尉、侍中、中常侍、诸曹大夫郎吏者，皆出补吏，莫得留给事宿卫者。,wudi_expansion,制度,纳入制度沿革页；若含人名再核名录,data/raw/mirror/漢書/传/第五十四章-王商史丹傅喜传.txt
制度沿革,中郎,,全汉文,卷二十七,武帝時，待詔，遷侍中中郎，坐法免，復召爲郎，拜東郡都尉，入爲光祿大夫侍中，後坐事誅。,wudi_expansion,制度+人物,纳入制度沿革页；若含人名再核名录,data/raw/全漢文/卷二十七.txt
制度沿革,中郎,,全汉文,卷二十七,武帝時，待詔，遷侍中中郎，坐法免，復召爲郎，拜東郡都尉，入爲光祿大夫侍中，後坐事誅。,wudi_expansion,制度+人物,纳入制度沿革页；若含人名再核名录,data/raw/全漢文/卷二十七.txt
制度沿革,张紹,,三国志,卷33,謹遣私署侍中張紹、光祿大夫譙周、駙馬都尉鄧良奉繼印綬，請命告誠，敬輸忠款，存亡敕賜，惟所裁之。,wudi_expansion,制度+人物,纳入制度沿革页；若含人名再核名录,data/raw/三國志/卷33.txt
制度沿革,张紹,,三国志,卷33,謹遣私署侍中張紹、光祿大夫譙周、駙馬都尉鄧良奉繼印綬，請命告誠，敬輸忠款，存亡敕賜，惟所裁之。,wudi_expansion,制度+人物,纳入制度沿革页；若含人名再核名录,data/raw/三國志/卷33.txt
制度沿革,,,汉书,卷082,元帝即位，爲駙馬都尉侍中，出常驂乘，甚有寵。,wudi_expansion,制度待核,纳入制度沿革页；若含人名再核名录,data/raw/漢書/卷082.txt
制度沿革,,,后汉书,卷9,武帝時，孔安國爲侍中，以其儒者，特聽掌御唾壺，朝廷榮之。,wudi_expansion,制度待核,纳入制度沿革页；若含人名再核名录,data/raw/後漢書/卷9.txt
制度沿革,,,全后汉文,卷三十四,武帝時，孔安國爲侍中，㠯其儒者，特聽掌-{御}-坐唾壺，朝廷榮之。,wudi_expansion,制度待核,纳入制度沿革页；若含人名再核名录,data/raw/全後漢文/卷三十四.txt
制度沿革,,,汉书,卷093,賢寵愛日甚，爲駙馬都尉侍中，出則參乘，入御左右，旬月間賞賜累巨萬，貴震朝廷。,wudi_expansion,制度待核,纳入制度沿革页；若含人名再核名录,data/raw/漢書/卷093.txt
制度沿革,金敞,,汉书,第五十章-萧望之传,望之选白宗室明经达学散骑、谏大夫刘更生给事中，与侍中金敞并拾遗左右。,chengai_mingjing,制度+人物,纳入制度沿革页；若含人名再核名录,data/raw/mirror/漢書/传/第五十章-萧望之传.txt
制度沿革,金敞,,汉书,第五十章-萧望之传,望之选白宗室明经达学散骑、谏大夫刘更生给事中，与侍中金敞并拾遗左右。,chengai_mingjing,制度+人物,纳入制度沿革页；若含人名再核名录,data/raw/mirror/漢書/传/第五十章-萧望之传.txt
制度沿革,金敞,,汉书,卷078,望之選白宗室明經達學散騎諫大夫劉更生給事中，與侍中金敞並拾遺左右。,chengai_mingjing,制度+人物,纳入制度沿革页；若含人名再核名录,data/raw/漢書/卷078.txt
制度沿革,金敞,,汉书,卷078,望之選白宗室明經達學散騎諫大夫劉更生給事中，與侍中金敞並拾遺左右。,chengai_mingjing,制度+人物,纳入制度沿革页；若含人名再核名录,data/raw/漢書/卷078.txt
制度沿革,,,全汉文,卷四十八,成帝初，州舉茂材，復補博士，出爲東平王太傅，入爲光祿大夫，丞相司直，給事中，歷少府、光祿勳侍中、太子太傅。,chengai_mingjing,制度待核,纳入制度沿革页；若含人名再核名录,data/raw/全漢文/卷四十八.txt
制度沿革,,,汉书,第六章-楚元王传,元帝初即位，太傅萧望之为前将军，少傅周堪为诸吏光禄大夫，皆领尚书事，甚见尊任，更生年少于望之、堪，然二人重之，荐更生宗室忠直，明经有行，擢为散骑、宗正给事中，与侍中金敞拾遗于左右。,chengai_mingjing,制度待核,纳入制度沿革页；若含人名再核名录,data/raw/mirror/漢書/传/第六章-楚元王传.txt
制度沿革,,,全汉文,卷四十三,哀帝初，爲中常侍，進侍中。,chengai_mingjing,制度待核,纳入制度沿革页；若含人名再核名录,data/raw/全漢文/卷四十三.txt
制度沿革,,,全后汉文,卷三十四,}}漢成帝取明經者充侍中，使辟百官公卿，參議可正爲止殿，行則負璽。,chengai_mingjing,制度待核,纳入制度沿革页；若含人名再核名录,data/raw/全後漢文/卷三十四.txt
制度沿革,,,汉书,卷036,更生年少於望之、堪，然二人重之，薦更生宗室忠直，明經有行，擢為散騎宗正給事中，與侍中金敞拾遺於左右。,chengai_mingjing,制度待核,纳入制度沿革页；若含人名再核名录,data/raw/漢書/卷036.txt
制度沿革,,,汉书,卷075,哀帝初即位，召尋待詔黃門，使侍中衛尉傅喜問尋曰：「間者水出地動，日月失度，星辰亂行，災異仍重，極言毋有所諱。,chengai_mingjing,制度待核,纳入制度沿革页；若含人名再核名录,data/raw/漢書/卷075.txt
制度沿革,,,汉书,第四十七章-眭两夏侯京翼李传,哀帝初即位，召寻待诏黄门，使侍中卫尉傅喜问寻曰：“间者水出地动，日月失度，星辰乱行，灾异仍重，极言毋有所讳。,chengai_mingjing,制度待核,纳入制度沿革页；若含人名再核名录,data/raw/mirror/漢書/传/第四十七章-眭两夏侯京翼李传.txt
制度沿革,,,汉书,卷068,時王莽新誅平帝外家衞氏，召明禮少府宗伯鳳入說爲人後之誼，白令公卿、將軍、侍中、朝臣並聽，欲以內厲平帝而外塞百姓之議。,wangmang,制度待核,纳入制度沿革页；若含人名再核名录,data/raw/漢書/卷068.wikitext
制度沿革,,,汉书,第四十章-霍光金日磾传,时，王莽新诛平帝外家卫氏，召明礼少府宗伯凤入说为人后之宜，白令公卿、将军、侍中、朝臣并听，欲以内厉平帝而外塞百姓之议。,wangmang,制度待核,纳入制度沿革页；若含人名再核名录,data/raw/mirror/漢書/传/第四十章-霍光金日磾传.txt
制度沿革,,,全后汉文,卷三十四,}}侍中，秩千石。,donghan_bureau,制度,纳入制度沿革页；若含人名再核名录,data/raw/全後漢文/卷三十四.txt
制度沿革,,,后汉书,卷8,侍中寺雌雞化爲雄。,donghan_bureau,制度,纳入制度沿革页；若含人名再核名录,data/raw/後漢書/卷8.txt
制度沿革,,,全后汉文,卷三十四,}}尚書令侍中，上東西寺及侍中寺。,donghan_bureau,制度,纳入制度沿革页；若含人名再核名录,data/raw/全後漢文/卷三十四.txt
制度沿革,,,后汉书,卷103,靈帝，南宫侍中寺雌雞欲化雄，一身毛皆似雄，但頭冠尚未變。,donghan_bureau,制度,纳入制度沿革页；若含人名再核名录,data/raw/後漢書/卷103.wikitext
制度沿革,,,后汉书,卷60下,』」又南宮侍中寺，雌雞欲化為雄，一身毛皆似雄，但頭冠尚未變。,donghan_bureau,制度,纳入制度沿革页；若含人名再核名录,data/raw/後漢書/卷60下.txt
制度沿革,,,后汉书,卷103,」）靈帝【光和元年】，南宫侍中寺雌雞欲化雄，一身毛皆似雄，但頭冠尚未變。,donghan_bureau,制度,纳入制度沿革页；若含人名再核名录,data/raw/後漢書/卷103.txt
制度沿革,皇权参乘,,全后汉文,卷三十四,）侍中皇權參乘，問︰「貂蟬何法？,donghan_bureau,制度+人物,纳入制度沿革页；若含人名再核名录,data/raw/全後漢文/卷三十四.txt
制度沿革,皇权参乘,,全后汉文,卷三十四,孝桓末，侍中皇權參乘，問︰「貂蟬何法？,donghan_bureau,制度+人物,纳入制度沿革页；若含人名再核名录,data/raw/全後漢文/卷三十四.wikitext
制度沿革,征还,,后汉书,卷54,征還為侍中﹑五官中郎將，遷穎川﹑南陽太守，復拜侍中，三遷永樂少府﹑太僕﹑衛尉。,donghan_bureau,制度+人物,纳入制度沿革页；若含人名再核名录,data/raw/後漢書/卷54.txt
制度沿革,,,后汉书,卷120,而有秩者侍中、中常侍、光祿大夫秩皆二千石，太中大夫秩皆比二千石，尚書、諫議大夫、侍御史、博士皆六百石，議郎、中謁者秩皆比六百石，小黃門、黃門侍郎、中黃門秩皆比四百石，郎中秩皆比三百石，太子舍人秩二百石。,donghan_bureau,制度,纳入制度沿革页；若含人名再核名录,data/raw/後漢書/卷120.txt
制度沿革,,,后汉书,卷9,（注：《續漢志》曰：「侍中，比二千石，無員。,donghan_bureau,制度,纳入制度沿革页；若含人名再核名录,data/raw/後漢書/卷9.txt
制度沿革,,,后汉书,卷9,{{*|《續漢志》曰：「侍中，比二千石，無員。,donghan_bureau,制度,纳入制度沿革页；若含人名再核名录,data/raw/後漢書/卷9.wikitext
制度沿革,贾逵,,后汉书,卷25,和帝因朝會，召見諸儒，丕與侍中賈逵、尚書令黃香等相難數事，帝善丕說，罷朝，特賜冠幘履襪衣一襲。,donghan_mid,制度+人物,纳入制度沿革页；若含人名再核名录,data/raw/後漢書/卷25.txt
制度沿革,贾逵,,后汉书,第十五章-卓鲁魏刘列传,和帝因朝会，召见诸儒，丕与侍中贾逵、尚书令黄香等相难数事，帝善丕说，罢朝，特赐冠帻履袜衣一袭。,donghan_mid,制度+人物,纳入制度沿革页；若含人名再核名录,data/raw/mirror/後漢書/列传/第十五章-卓鲁魏刘列传.txt
制度沿革,贾逵,,后汉书,卷25,和帝因朝會，召見諸儒，丕與侍中賈逵、尚書令黃香等相難數事，帝善丕說，罷朝，特賜冠幘履襪衣一襲。,donghan_mid,制度+人物,纳入制度沿革页；若含人名再核名录,data/raw/後漢書/卷25.txt
制度沿革,贾逵,,后汉书,第十五章-卓鲁魏刘列传,和帝因朝会，召见诸儒，丕与侍中贾逵、尚书令黄香等相难数事，帝善丕说，罢朝，特赐冠帻履袜衣一袭。,donghan_mid,制度+人物,纳入制度沿革页；若含人名再核名录,data/raw/mirror/後漢書/列传/第十五章-卓鲁魏刘列传.txt
制度沿革,,,后汉书,卷27,獻帝西遷都，為侍中，同輿輦至長安，封江南亭侯，代楊彪為司空，免，頃之，復為司徒，錄尚書事。,donghan_mid,制度待核,纳入制度沿革页；若含人名再核名录,data/raw/後漢書/卷27.txt
制度沿革,,,后汉书,第十七章-宣张二王杜郭吴承郑赵,献帝西迁都，为侍中，同舆辇至长安，封江南亭侯，代杨彪为司空，免，顷之，复为司徒，录尚书事。,donghan_mid,制度待核,纳入制度沿革页；若含人名再核名录,data/raw/mirror/後漢書/列传/第十七章-宣张二王杜郭吴承郑赵.txt
制度沿革,,,后汉书,卷9,初令侍中、給事黃門侍郎員各六人。,donghan_late,制度,纳入制度沿革页；若含人名再核名录,data/raw/後漢書/卷9.txt
制度沿革,,,后汉书,卷116,」獻帝起居注曰：「帝初即位，初置侍中、給事黃門侍郎，員各六人，出入禁中，近侍帷幄，省尚書事。,donghan_late,制度,纳入制度沿革页；若含人名再核名录,data/raw/後漢書/卷116.txt
制度沿革,,,汉书,卷099下,因賜治廟者司徒、大司空錢各千萬，侍中、中常侍以下皆封。,donghan_late,制度,纳入制度沿革页；若含人名再核名录,data/raw/漢書/卷099下.txt
制度沿革,,,后汉书,卷120,侍中、中常侍加黃金璫，附蟬爲文，貂尾爲飾，謂之「趙惠文冠」。,donghan_late,制度,纳入制度沿革页；若含人名再核名录,data/raw/後漢書/卷120.wikitext
制度沿革,,,汉书,卷093,後上置酒麒麟殿，賢父子親屬宴飲，王閎兄弟侍中、中常侍皆在側。,donghan_late,制度,纳入制度沿革页；若含人名再核名录,data/raw/漢書/卷093.txt
制度沿革,,,后汉书,卷120,」）侍中、中常侍加黃金璫，附蟬爲文，貂尾爲飾，謂之「趙惠文冠」。,donghan_late,制度,纳入制度沿革页；若含人名再核名录,data/raw/後漢書/卷120.txt
制度沿革,,,后汉书,卷103,是時御史劉儵建議立靈帝，以儵爲侍中，中常侍侯览畏其亲近，必當間己，白拜儵泰山太守，因令司隸迫促殺之。,donghan_late,制度,纳入制度沿革页；若含人名再核名录,data/raw/後漢書/卷103.txt
制度沿革,,,后汉书,卷43,後穆因進見，口復陳曰：「臣聞漢家舊典，置侍中、中常侍各一人，省尚書事，黃門侍郎一人，傳發書奏，皆用姓族。,donghan_late,制度,纳入制度沿革页；若含人名再核名录,data/raw/後漢書/卷43.txt
制度沿革,,,后汉书,第三十六章-朱乐何列传,后穆因进见，口复陈曰：“臣闻汉家旧典，置侍中、中常侍各一人，省尚书事，黄门侍郎一人，传发书奏，皆用姓族。,donghan_late,制度,纳入制度沿革页；若含人名再核名录,data/raw/mirror/後漢書/列传/第三十六章-朱乐何列传.txt
制度沿革,劭为;拜劭,,后汉书,卷56,及進敗，獻帝即位，拜劭為侍中。,donghan_late,制度+人物,纳入制度沿革页；若含人名再核名录,data/raw/後漢書/卷56.txt
制度沿革,劭为;拜劭,,后汉书,第四十九章-张王种陈列传,及进败，献帝即位，拜劭为侍中。,donghan_late,制度+人物,纳入制度沿革页；若含人名再核名录,data/raw/mirror/後漢書/列传/第四十九章-张王种陈列传.txt
制度沿革,任芝,,后汉书,第四十七章-杨震列传,书奏，帝欲止，以问侍中任芝、中常侍乐松。,donghan_late,制度+人物,纳入制度沿革页；若含人名再核名录,data/raw/mirror/後漢書/列传/第四十七章-杨震列传.txt
制度沿革,,,三国志,卷05,喜精粹有器美，歷中書郎、右衛將軍、侍中，位至輔國大將軍，加散騎常侍。,hanwei,制度,纳入制度沿革页；若含人名再核名录,data/raw/三國志/卷05.txt
制度沿革,近臣,,三国志,卷03,」每朝宴會同，與侍中近臣並列帷幄。,hanwei,制度+人物,纳入制度沿革页；若含人名再核名录,data/raw/三國志/卷03.txt
制度沿革,,,三国志,第二十一章-王卫二刘傅传,魏国既建，拜侍中，与王粲并典制度。,hanwei,制度待核,纳入制度沿革页；若含人名再核名录,data/raw/mirror/三國志/魏书/第二十一章-王卫二刘傅传.txt
制度沿革,近臣,,三国志,卷03,」每朝宴會同，與侍中近臣並列帷幄。,hanwei,制度+人物,纳入制度沿革页；若含人名再核名录,data/raw/三國志/卷03.txt
制度沿革,,,三国志,卷21,）魏國旣建，拜侍中，與王粲並典制度。,hanwei,制度待核,纳入制度沿革页；若含人名再核名录,data/raw/三國志/卷21.txt
制度沿革,,,三国志,卷21,}}魏國旣建，拜侍中，與王粲並典制度。,hanwei,制度待核,纳入制度沿革页；若含人名再核名录,data/raw/三國志/卷21.wikitext
制度沿革,权爲;鎮南,,三国志,卷02,拜權爲侍中鎮南將軍，封列侯，即日召使驂乘；,hanwei,制度+人物,纳入制度沿革页；若含人名再核名录,data/raw/三國志/卷02.txt
制度沿革,权爲;鎮南,,三国志,卷02,拜權爲侍中鎮南將軍，封列侯，即日召使驂乘；,hanwei,制度+人物,纳入制度沿革页；若含人名再核名录,data/raw/三國志/卷02.txt
制度沿革,允迁,,三国志,第九章-董刘马陈董吕传,“亮寻请祎为参军，允迁为侍中，领虎贲中郎将，统宿卫亲兵。,hanwei,制度+人物,纳入制度沿革页；若含人名再核名录,data/raw/mirror/三國志/蜀书/第九章-董刘马陈董吕传.txt
制度沿革,允迁,,三国志,第九章-董刘马陈董吕传,“亮寻请祎为参军，允迁为侍中，领虎贲中郎将，统宿卫亲兵。,hanwei,制度+人物,纳入制度沿革页；若含人名再核名录,data/raw/mirror/三國志/蜀书/第九章-董刘马陈董吕传.txt
制度沿革,王沈,,三国志,卷04,乃召侍中王沈、尚書王經、散騎常侍王業，謂曰：「司馬昭之心，路人所知也。,hanwei,制度+人物,纳入制度沿革页；若含人名再核名录,data/raw/三國志/卷04.txt
制度沿革,王沈,,三国志,卷04,乃召侍中王沈、尚書王經、散騎常侍王業，謂曰：「司馬昭之心，路人所知也。,hanwei,制度+人物,纳入制度沿革页；若含人名再核名录,data/raw/三國志/卷04.txt
