person,book,juan,sentence,source_file,title_persons
冯岑,後漢書,第七章-冯岑贾列传,少为侍中、虎贲中郎将，朝廷多称其能。,data/raw/mirror/後漢書/列传/第七章-冯岑贾列传.txt,冯岑
冯岑,後漢書,第七章-冯岑贾列传,时邓太后临朝，光宠最盛，以建为侍中，顺帝时为光禄勋。,data/raw/mirror/後漢書/列传/第七章-冯岑贾列传.txt,冯岑
郭陈,後漢書,第三十九章-郭陈列传,郭氏自弘后，数世皆传法律，子孙至公者一人，廷尉七人，侯者三人，刺史、二千石、侍中、中郎将者二十余人，侍御史、正、监、平者甚众。,data/raw/mirror/後漢書/列传/第三十九章-郭陈列传.txt,郭陈
郭陈,後漢書,第三十九章-郭陈列传,皇后弟侍中窦宪，荐真定令张林为尚书，帝以问宠，宠对“林虽有才能，而素行贪浊”，宪以此深恨宠。,data/raw/mirror/後漢書/列传/第三十九章-郭陈列传.txt,郭陈
郭陈,後漢書,第三十九章-郭陈列传,书御，有诏拜有道高第士沛国施延为侍中，延后位至太尉。,data/raw/mirror/後漢書/列传/第三十九章-郭陈列传.txt,郭陈
朱乐,後漢書,第三十六章-朱乐何列传,后穆因进见，口复陈曰：“臣闻汉家旧典，置侍中、中常侍各一人，省尚书事，黄门侍郎一人，传发书奏，皆用姓族。,data/raw/mirror/後漢書/列传/第三十六章-朱乐何列传.txt,朱乐
朱乐,後漢書,第三十六章-朱乐何列传,时齐殇王子都乡侯暢奔吊国忧，上书未报，侍中窦宪遂令人刺杀暢于城门屯卫之中，而主名不立。,data/raw/mirror/後漢書/列传/第三十六章-朱乐何列传.txt,朱乐
耿弇,後漢書,第九章-耿弇列传,延光中，尚安帝妹濮阳长公主，位至侍中。,data/raw/mirror/後漢書/列传/第九章-耿弇列传.txt,耿弇
耿弇,後漢書,第九章-耿弇列传,宝弟子承袭公主爵为林虑侯，位至侍中。,data/raw/mirror/後漢書/列传/第九章-耿弇列传.txt,耿弇
耿弇,後漢書,第九章-耿弇列传,大贵人数为耿氏请，阳嘉三年，顺帝遂绍封宝子箕牟平侯，为侍中。,data/raw/mirror/後漢書/列传/第九章-耿弇列传.txt,耿弇
张曹,後漢書,第二十七章-张曹郑列传,父放，为成帝侍中。,data/raw/mirror/後漢書/列传/第二十七章-张曹郑列传.txt,张曹
张曹,後漢書,第二十七章-张曹郑列传,纯少袭爵士，哀、平间为侍中，王莽时至列卿。,data/raw/mirror/後漢書/列传/第二十七章-张曹郑列传.txt,张曹
张曹,後漢書,第二十七章-张曹郑列传,”拜充侍中。,data/raw/mirror/後漢書/列传/第二十七章-张曹郑列传.txt,张曹
张曹,後漢書,第二十七章-张曹郑列传,拜褒侍中，从驾南巡，既还，以事下三公，未及奏，诏召玄武司马班固，问改定礼制之宜。,data/raw/mirror/後漢書/列传/第二十七章-张曹郑列传.txt,张曹
张曹,後漢書,第二十七章-张曹郑列传,有顷征，再迁，复为侍中。,data/raw/mirror/後漢書/列传/第二十七章-张曹郑列传.txt,张曹
张曹,後漢書,第二十七章-张曹郑列传,后将军袁隗表为侍中，以父丧不行。,data/raw/mirror/後漢書/列传/第二十七章-张曹郑列传.txt,张曹
梁统,後漢書,第二十六章-梁统列传,棠卒，子安国嗣，延光中为侍中，有罪免官，诸梁为郎吏者皆坐免。,data/raw/mirror/後漢書/列传/第二十六章-梁统列传.txt,梁统
梁统,後漢書,第二十六章-梁统列传,三年，顺帝选商女及妹入掖庭，迁侍中、屯骑校尉。,data/raw/mirror/後漢書/列传/第二十六章-梁统列传.txt,梁统
梁统,後漢書,第二十六章-梁统列传,初为黄门侍郎，转侍中、虎贲中郎将，越骑、步兵校尉，执金吾。,data/raw/mirror/後漢書/列传/第二十六章-梁统列传.txt,梁统
梁统,後漢書,第二十六章-梁统列传,商薨未及葬，顺帝乃拜冀为大将军，弟侍中不疑为河南尹。,data/raw/mirror/後漢書/列传/第二十六章-梁统列传.txt,梁统
梁统,後漢書,第二十六章-梁统列传,冒名而为侍中、卿、校尉、郡守、长吏者十余人，皆贪叨凶淫，各遣私客籍属县富人，被以它罪，闭狱掠拷，使出钱自赎，资物少者至于死徙。,data/raw/mirror/後漢書/列传/第二十六章-梁统列传.txt,梁统
李杜,後漢書,第五十七章-李杜列传,宜令步兵校尉冀及诸侍中还居黄门之官，使权去外戚，政归国家，岂不休乎！,data/raw/mirror/後漢書/列传/第五十七章-李杜列传.txt,李杜
李杜,後漢書,第五十七章-李杜列传,又诏书所以禁侍中尚书中臣子弟不得为吏察孝廉者，以其秉戚权，容请托故也。,data/raw/mirror/後漢書/列传/第五十七章-李杜列传.txt,李杜
李杜,後漢書,第五十七章-李杜列传,一日朝会，见诸侍中并皆年少，无一宿儒大人可顾问者，诚可叹息。,data/raw/mirror/後漢書/列传/第五十七章-李杜列传.txt,李杜
李杜,後漢書,第五十七章-李杜列传,侍中杜乔，学深行直，当世良臣，久托疾病，可敕令起。,data/raw/mirror/後漢書/列传/第五十七章-李杜列传.txt,李杜
李杜,後漢書,第五十七章-李杜列传,稍迁为南郡太守，转东海相，入拜侍中。,data/raw/mirror/後漢書/列传/第五十七章-李杜列传.txt,李杜
皇甫张,後漢書,第五十九章-皇甫张段列传,军至，拜侍中，转执金吾河南尹。,data/raw/mirror/後漢書/列传/第五十九章-皇甫张段列传.txt,皇甫张
张衡,後漢書,第五十二章-张衡列传,往者侍中贾逵摘谶互异三十余事，诸言谶者皆不能说。,data/raw/mirror/後漢書/列传/第五十二章-张衡列传.txt,张衡
张衡,後漢書,第五十二章-张衡列传,后迁侍中，帝引在帷幄，讽议左右。,data/raw/mirror/後漢書/列传/第五十二章-张衡列传.txt,张衡
张衡,後漢書,第五十二章-张衡列传,及为侍中，上疏请得专事东观，收捡遗文，毕力补缀。,data/raw/mirror/後漢書/列传/第五十二章-张衡列传.txt,张衡
左周,後漢書,第五十五章-左周黄列传,时，诏遣八使巡行风俗，皆选素有威名者，乃拜举为侍中，与侍中杜乔、守光禄大夫周栩、前青州刺史冯羡、尚书栾巴、侍御史张纲、兗州刺史郭遵、太尉长史刘班，并守光禄大夫，分行天下。,data/raw/mirror/後漢書/列传/第五十五章-左周黄列传.txt,左周
左周,後漢書,第五十五章-左周黄列传,至光和末，大尉杨赐上书荐琬有拨乱之才，由是征拜议郎，擢为青州刺史，迁侍中。,data/raw/mirror/後漢書/列传/第五十五章-左周黄列传.txt,左周
蔡邕,後漢書,第五十四章-蔡邕列传下,侍中祭酒乐松、贾护，多引无行趣势之徒，并待制鸿都门下，熹陈方俗闾里小事，帝甚悦之，待以不次之位。,data/raw/mirror/後漢書/列传/第五十四章-蔡邕列传下.txt,蔡邕
蔡邕,後漢書,第五十四章-蔡邕列传下,其诸生皆敕州郡三公举用辟召，或出为刺史、太守，入为尚书、侍中，乃有封侯赐爵者，士君子皆耻与为列焉。,data/raw/mirror/後漢書/列传/第五十四章-蔡邕列传下.txt,蔡邕
蔡邕,後漢書,第五十四章-蔡邕列传下,迁巴郡太守，复留为侍中。,data/raw/mirror/後漢書/列传/第五十四章-蔡邕列传下.txt,蔡邕
窦何,後漢書,第六十三章-窦何列传,子机渭阳侯拜侍中；,data/raw/mirror/後漢書/列传/第六十三章-窦何列传.txt,窦何
窦何,後漢書,第六十三章-窦何列传,绍弟靖西乡侯，为侍中，监羽林左骑。,data/raw/mirror/後漢書/列传/第六十三章-窦何列传.txt,窦何
窦何,後漢書,第六十三章-窦何列传,武于是引同志尹勋为尚书令，刘瑜为侍中，冯述为屯骑校尉；,data/raw/mirror/後漢書/列传/第六十三章-窦何列传.txt,窦何
窦何,後漢書,第六十三章-窦何列传,光和三年，贵人立为皇后，征进入，拜侍中、将作大匠、河南尹。,data/raw/mirror/後漢書/列传/第六十三章-窦何列传.txt,窦何
袁绍,後漢書,第六十九章-袁绍刘表列传下,至许，果拜嵩侍中、零陵太守。,data/raw/mirror/後漢書/列传/第六十九章-袁绍刘表列传下.txt,袁绍
袁绍,後漢書,第六十九章-袁绍刘表列传下,初，表之结袁绍也，侍中从事邓义谏不听。,data/raw/mirror/後漢書/列传/第六十九章-袁绍刘表列传下.txt,袁绍
袁绍,後漢書,第六十九章-袁绍刘表列传下,义以疾退，终表世不仕，操以为侍中，其余多至大官。,data/raw/mirror/後漢書/列传/第六十九章-袁绍刘表列传下.txt,袁绍
袁绍,後漢書,第六十八章-袁绍刘表列传上,时，侍中周BC60、城门校尉伍琼为卓所信待，琼等阴为绍说卓曰：“夫废立大事，非常人所及。,data/raw/mirror/後漢書/列传/第六十八章-袁绍刘表列传上.txt,袁绍
董卓,後漢書,第六十六章-董卓列传,乃任吏部尚书汉阳周BC60、侍中汝南伍琼、尚书郑公业、长史何颙等。,data/raw/mirror/後漢書/列传/第六十六章-董卓列传.txt,董卓
董卓,後漢書,第六十六章-董卓列传,以尚书韩馥为冀州刺史，侍中刘岱为兗州刺史，陈留孔亻由为豫州刺史，颍川张咨为南阳太守。,data/raw/mirror/後漢書/列传/第六十六章-董卓列传.txt,董卓
董卓,後漢書,第六十六章-董卓列传,以弟B857为左将军，封鄠侯，兄子璜为侍中、中军校尉，皆典兵事。,data/raw/mirror/後漢書/列传/第六十六章-董卓列传.txt,董卓
董卓,後漢書,第六十六章-董卓列传,时腾私有求于C765，不获而怒，遂与侍中马宇、右中郎将刘范、前凉州刺史种劭、中郎将杜禀合兵攻C765，连日不决。,data/raw/mirror/後漢書/列传/第六十六章-董卓列传.txt,董卓
董卓,後漢書,第六十六章-董卓列传,既知不实，使侍中刘艾出让有司。,data/raw/mirror/後漢書/列传/第六十六章-董卓列传.txt,董卓
郑孔,後漢書,第六十四章-郑孔荀列传,公业等与侍中伍琼、卓长史何颙共说卓，以袁绍为勃海太守，以发山东之谋。,data/raw/mirror/後漢書/列传/第六十四章-郑孔荀列传.txt,郑孔
郑孔,後漢書,第六十四章-郑孔荀列传,七世祖霸，为元帝师，位至侍中。,data/raw/mirror/後漢書/列传/第六十四章-郑孔荀列传.txt,郑孔
郑孔,後漢書,第六十四章-郑孔荀列传,及帝都许，以彧为侍中，守尚书令。,data/raw/mirror/後漢書/列传/第六十四章-郑孔荀列传.txt,郑孔
郑孔,後漢書,第六十四章-郑孔荀列传,使持节侍中守尚书令万岁亭侯彧，国之重臣，德洽华夏，既停军所次，便宜与臣俱进，宣示国命，威怀丑虏。,data/raw/mirror/後漢書/列传/第六十四章-郑孔荀列传.txt,郑孔
郑孔,後漢書,第六十四章-郑孔荀列传,”书奏，帝从之，遂以彧为侍中、光禄大夫，持节，参丞相军事。,data/raw/mirror/後漢書/列传/第六十四章-郑孔荀列传.txt,郑孔
陈王,後漢書,第六十章-陈王列传,长子侍中盖、次子景、定及宗族十余人皆见诛害，唯兄子晨、陵得脱归乡里。,data/raw/mirror/後漢書/列传/第六十章-陈王列传.txt,陈王
邓寇,後漢書,第六章-邓寇列传,元兴元年，和帝复封乾本国，拜侍中。,data/raw/mirror/後漢書/列传/第六章-邓寇列传.txt,邓寇
邓寇,後漢書,第六章-邓寇列传,昌安侯袭嗣子藩，亦尚显宗女平皋长公主，和帝时为侍中。,data/raw/mirror/後漢書/列传/第六章-邓寇列传.txt,邓寇
邓寇,後漢書,第六章-邓寇列传,及从兄骘诛，安帝征康为侍中。,data/raw/mirror/後漢書/列传/第六章-邓寇列传.txt,邓寇
邓寇,後漢書,第六章-邓寇列传,悝虎贲中郎将，弘、阊皆侍中。,data/raw/mirror/後漢書/列传/第六章-邓寇列传.txt,邓寇
邓寇,後漢書,第六章-邓寇列传,骘子侍中凤，尝与尚书郎张龛书，属郎中马融宜在台阁。,data/raw/mirror/後漢書/列传/第六章-邓寇列传.txt,邓寇
邓寇,後漢書,第六章-邓寇列传,邓氏自中兴后，累世宠贵，凡侯者二十九人，公二人，大将军以下十三人，中二千石十四人，列校二十二人，州牧、郡守四十八人，其余侍中、将、大夫、郎、谒者不可胜数，东京莫与为比。,data/raw/mirror/後漢書/列传/第六章-邓寇列传.txt,邓寇
邓寇,後漢書,第六章-邓寇列传,荣少知名，桓帝时为侍中。,data/raw/mirror/後漢書/列传/第六章-邓寇列传.txt,邓寇
窦融,後漢書,第十三章-窦融列传,融小心，久不自安，数辞让爵位，因侍中金迁口达至诚。,data/raw/mirror/後漢書/列传/第十三章-窦融列传.txt,窦融
窦融,後漢書,第十三章-窦融列传,建初二年，女弟立为皇后，拜宪为郎，稍迁侍中、虎贲中郎将；,data/raw/mirror/後漢書/列传/第十三章-窦融列传.txt,窦融
窦融,後漢書,第十三章-窦融列传,和帝即位，太后临朝，宪以侍中，内干机密，出宣诰命。,data/raw/mirror/後漢書/列传/第十三章-窦融列传.txt,窦融
窦融,後漢書,第十三章-窦融列传,是时，笃为卫尉，景、瑰皆侍中、奉车、驸马都尉，四家竞修第宅，穷极工匠。,data/raw/mirror/後漢書/列传/第十三章-窦融列传.txt,窦融
窦融,後漢書,第十三章-窦融列传,"""宪独不受封，遂将兵出镇凉州，以侍中邓叠行征西将军事为副。",data/raw/mirror/後漢書/列传/第十三章-窦融列传.txt,窦融
窦融,後漢書,第十三章-窦融列传,叔父霸为城门校尉，霸弟褒将作大匠，褒弟嘉少府，其为侍中、将、大夫、郎吏十余人。,data/raw/mirror/後漢書/列传/第十三章-窦融列传.txt,窦融
马援,後漢書,第十四章-马援列传,永元二年，光为太仆，康为侍中。,data/raw/mirror/後漢書/列传/第十四章-马援列传.txt,马援
杨震,後漢書,第四十七章-杨震列传,而伯荣骄淫尤甚，与故朝阳侯刘护从兄瑰交通，瑰遂以为妻，得袭护爵，位至侍中。,data/raw/mirror/後漢書/列传/第四十七章-杨震列传.txt,杨震
杨震,後漢書,第四十七章-杨震列传,今瑰无佗功行，但以配阿母女，一时之间，既位侍中，又至封侯，不稽旧制，不合经义，行人喧哗，百姓不安。,data/raw/mirror/後漢書/列传/第四十七章-杨震列传.txt,杨震
杨震,後漢書,第四十七章-杨震列传,时诏遣使者大为阿母修弟，中常侍樊丰及侍中周广、谢恽等更相扇动，倾摇朝廷。,data/raw/mirror/後漢書/列传/第四十七章-杨震列传.txt,杨震
杨震,後漢書,第四十七章-杨震列传,牧孙奇，灵帝时为侍中，帝尝从容问奇曰：“朕何如桓帝？,data/raw/mirror/後漢書/列传/第四十七章-杨震列传.txt,杨震
杨震,後漢書,第四十七章-杨震列传,帝崩后，复入为侍中卫尉，从献帝西迁，有功勤。,data/raw/mirror/後漢書/列传/第四十七章-杨震列传.txt,杨震
杨震,後漢書,第四十七章-杨震列传,及帝东还，夜走度河，众率诸官属步从至太阳，拜侍中。,data/raw/mirror/後漢書/列传/第四十七章-杨震列传.txt,杨震
杨震,後漢書,第四十七章-杨震列传,桓帝即位，以明《尚书》征入劝讲，拜太中大夫、左中郎将，迁侍中、尚书。,data/raw/mirror/後漢書/列传/第四十七章-杨震列传.txt,杨震
杨震,後漢書,第四十七章-杨震列传,后以司空高第，再迁侍中、越骑校尉。,data/raw/mirror/後漢書/列传/第四十七章-杨震列传.txt,杨震
杨震,後漢書,第四十七章-杨震列传,书奏，帝欲止，以问侍中任芝、中常侍乐松。,data/raw/mirror/後漢書/列传/第四十七章-杨震列传.txt,杨震
杨震,後漢書,第四十七章-杨震列传,熹平中，以博习旧闻，公车征拜议郎，迁侍中、京兆尹。,data/raw/mirror/後漢書/列传/第四十七章-杨震列传.txt,杨震
杨震,後漢書,第四十七章-杨震列传,征还为侍中、五官中郎将，迁颍川、南阳太守，复拜侍中，三迁永乐少府、太仆、卫尉。,data/raw/mirror/後漢書/列传/第四十七章-杨震列传.txt,杨震
崔骃,後漢書,第四十五章-崔骃列传,帝雅好文章，自见骃颂后，常嗟叹之，谓侍中窦宪曰：“卿宁知崔骃乎？,data/raw/mirror/後漢書/列传/第四十五章-崔骃列传.txt,崔骃
崔骃,後漢書,第四十五章-崔骃列传,年十八，至京师，从侍中贾逵质正大义，逵善待之，瑗因留游学，遂明天官、历数、《京房易传》、六日七分。,data/raw/mirror/後漢書/列传/第四十五章-崔骃列传.txt,崔骃
