name,hits,strong,sample,book
上疾篤,1,0,行幸盩厔五祚宫上疾篤侍中光禄大夫霍光問嗣¶,前汉纪
不实勑,1,0,小各有差餓死者甚衆帝疑廪賦不實勑侍中劉艾¶,后汉纪
不疑爲,1,0,世故敢布腹心觸罪歸誠上許之以不疑爲侍中奉¶,后汉纪
不窮戴,1,0,十餘席故京師為之語曰解經不窮戴侍中¶,東观汉记
不罪兾,1,0,盈朝上雖信綱言然卒不罪兾侍中杜喬奏免陳留¶,后汉纪
中其后,1,0,數十人侍中中常侍皆加官得入禁中其後侍中或¶,前汉纪
为檢校,1,0,授左庶子而碑作右庻子傳言為檢校侍中攝吏部尚書¶,金石录
也八月,1,0,封操萬三千戶平幽兾之功也八月侍中荀悅撰政¶,后汉纪
也又據,1,0,辭讓往返三四而後受也又據侍中劉廙奏問太史令¶,集古录
书臧報,1,0,）與侍中從弟安國書臧報侍中相知，忿俗儒淫辭冒義，有意欲校亂反正，由來久矣。,全汉文
事擢爲,1,0,以明經數幸言事擢爲侍中從更始入關茂與盆子¶,后汉纪
二月封,1,0,必亡矣二月封侍中衛尉淳于長爲定陵侯三月行¶,前汉纪
云入登,1,0,士未嘗拜也碑於長史下遂云入登侍中延熹八年地¶,集古录
云迁,1,0,云遷侍中其前自長史入登侍中史闕書也碑又云固¶,集古录
人其余,1,0,三人中二千石十四人州牧郡守四十八人其餘侍中¶,東观汉记
人拜商,1,0,臣未甞見之於是以爲貴人拜商侍中屯騎校尉貴¶,后汉纪
令奉引,1,0,法駕公卿不在鹵簿中，唯河南尹執金吾，洛陽令奉引，侍中參乗，奉車郎禦屬，車三十六乗。,獨斷
任延,1,0,王劉祉尚書任延君侍中劉恭歩將更始至髙陵嚴¶,后汉纪
使持莭,1,0,右偽漢劉雄碑其額題漢故使持莭侍中太宰司徒公右¶,金石录
傕书問,1,0,温與傕書問侍中當洽曰傕不知臧否温言大切可¶,后汉纪
兄子雲,1,0,光兄子雲侍中奉車都尉雲弟樂平侯山領尚書事¶,前汉纪
兄識爲,1,0,父隆爲宣恩侯以兄識爲侍中封元庻侯識弟興爲¶,后汉纪
冐名爲,1,0,謙讓唯孫氏宗親相冐名爲侍中中郞校尉守長吏¶,后汉纪
冬十月,1,0,贖死夏五月京都旱冬十月侍中竇憲爲車騎將軍¶,后汉纪
凤爲,1,0,陽侯隲子鳳爲侍中初都護任尚致鳳馬及尚坐事¶,后汉纪
刘向,1,0,時蕭望之周堪劉向及侍中金敞安上子中正敢言¶,前汉纪
刘文前,1,0,非也左右皆將㦸欲交侍中劉文前曰是天子也使¶,后汉纪
十三爲,1,0,羊洛陽賈人子以能心計年十三爲侍中言利事皆¶,前汉纪
卒復命,1,0,珍等卒復命侍中伏無忌與諫議大夫黄景¶,東观汉记
可辨者,1,0,可辨者侍中議郎從事史中郎將數十人兩碑俱有¶,隶续
史丹爲,1,0,史丹爲侍中。,全后汉文
史云自,1,0,部尚書而史皆不載史云自侍中拜尚書左僕射同中門¶,金石录
右贤兄,1,0,天下害而久今在左右賢兄侍中常爲節所害可表¶,后汉纪
君冠賜,1,0,太傅胡公說曰：趙武靈王效胡服，始施貂蟬，鼠尾飾之，趙以其君冠賜侍中。,獨斷
吾伏完,1,0,吾伏完侍中种輯羅邵尚書文楨郭浦中丞楊衆侍¶,后汉纪
唯憲至,1,0,唯憲至侍中虎賁郞將焉景瓌皆黃門郞秋八月辛¶,后汉纪
圖我乎,1,0,中皆持刀欲圖我乎侍中曰軍中自爾國家之故事¶,后汉纪
复征入,1,0,数月，复征入侍中。,汉书
夫周举,1,0,而棄之於末也光禄大夫周舉侍中杜喬深沉正直¶,后汉纪
夫张綱,1,0,遣八使秋八月遣光禄大夫張綱侍中杜喬等八人¶,后汉纪
孙爲,1,0,后之舅史恭之孫爲侍中護太子家於是丹進曰所¶,前汉纪
孝桓末,1,0,孝桓末，侍中皇權參乘，問︰「貂蟬何法？,全后汉文
官志,1,0,(次亦/如之)侍中中常侍光禄大夫秩皆二千石(案司馬彪百/官志侍中光)¶,東观汉记
居注又,1,0,及𧺫居注又侍中傳皆不載其卒也傳云贈小宗伯而碑¶,金石录
崇以爲,1,0,臣所制上乃下詔封商崇以爲侍中董賢貴寵過度¶,前汉纪
崇侈靡,1,0,餘級叛者乞降是時朝政多僻競崇侈靡侍中張衡¶,后汉纪
州六月,1,0,兗州六月侍中楊琦黄門侍郎丁沖鍾繇尚書左丞¶,后汉纪
師地震,1,0,大赦夏四月丙辰京師地震侍中寺雌鷄一身皆成¶,后汉纪
常伯,1,0,」常伯，侍中。,后汉书
平世爲,1,0,遊讌得幸而純以學行稱哀平世爲侍中諸曹校尉¶,后汉纪
弘议問,1,0,小單于不當怨乎上以弘議問侍中竇憲對曰曰禮¶,后汉纪
张孟諫,1,0,樂甘於啖䏑遂拂衣而出侍中張孟諫曰聞足下面¶,后汉纪
徒赵温,1,0,也必有異心於是太尉楊彪司徒趙温侍中劉艾尚¶,后汉纪
得周鼎,1,0,寸髙三尺六寸羣臣伏賀曰陛下得周鼎侍中光祿¶,前汉纪
得巳令,1,0,將欲言事更始醉不能見請者數來不得巳令侍中¶,后汉纪
復征入,1,0,數月，復徵入侍中。,汉书
惠文冠,1,0,其武官太尉以下及侍中常侍皆冠惠文冠，侍中常侍加貂蟬，御史冠法冠，謁者冠高山冠。,獨斷
执一刀,1,0,入見傕帶三刀執一刀侍中見傕亦帶刀入侍值傕¶,后汉纪
敢下马,1,0,不敢下馬侍中种輯素與定親乃言叚煨欲反上曰¶,后汉纪
散骑常,1,0,方欲以望之爲宰相會望之子侍中散騎常侍中郞¶,前汉纪
数十人,1,0,數十人侍中中常侍皆加官得入禁中其後侍中或¶,前汉纪
日磾迁,1,0,金日磾遷侍中駙馬都尉光祿大夫，出則驂乘。,西汉会要
时凤弟,1,0,時鳳弟侍中王音私聽之告鳳鳳懼稱病就第乃上¶,前汉纪
月辛卯,1,0,將兵於河上八月辛卯侍中郗慮尚書令荀彧司隷¶,后汉纪
林卿爲,1,0,林卿爲侍中通輕俠傾京師免官歸過長陵上塜因¶,前汉纪
此碑自,1,0,丘穆陵氏後改為穆氏今此碑自侍中丘目陵亮以下同¶,金石录
淚不下,1,0,淚不下侍中張辟強者張良子年十五餘謂陳平曰¶,前汉纪
爲兾州,1,0,以尚書韓馥爲兾州侍中劉岱爲兖州陳留孔胄爲¶,后汉纪
爲博士,1,0,公卿舉賢者同上即位徴爲博士侍中車馬毎岀郊¶,后汉纪
獲嘉亦,1,0,馮石(案石魴子/柱次子)襲母公主封獲嘉侯亦為侍中稍遷衛¶,東观汉记
珮生梁,1,0,曅生齊散騎常侍珮珮生梁侍中休源休源生陳黄門¶,金石录
甫等使,1,0,長樂食監王甫等使侍中劉瑜内其奏謀頗泄漏節¶,后汉纪
监后昆,1,0,以立舊勲綜徃昭來永監後昆侍中悅上¶,前汉纪
矣上使,1,0,於是遂相疑治兵相攻矣上使侍中尚書和傕汜不¶,后汉纪
碑作躡,1,0,而碑作躡侍中吏部尚書傳云其祖名杲而碑所書乃名¶,金石录
祖潜吴,1,0,十四丗祖潜吴侍中生晋豫章太守竺竺生大尚書冲冲¶,金石录
祠五畤,1,0,祠五畤侍中淳于長賜爵關内侯食邑千戶初將作¶,前汉纪
私事扶,1,0,謂左右曰無漏泄省中事萌嘗以私事扶侍中下斬¶,后汉纪
私事責,1,0,郡不知所從趙萌以私事責侍中侍中曰陛下救我更¶,東观汉记
种輯謀,1,0,初黃門郎荀攸與議郎鄭㤗何顒侍中种輯謀曰董¶,后汉纪
称仕至,1,0,兩子爲郞弟丕字叔陵以篤學質直稱仕至侍中三¶,后汉纪
窦憲对,1,0,小單于不當怨乎上以弘議問侍中竇憲對曰曰禮¶,后汉纪
級诏使,1,0,千級詔使侍中史恃太㒒韓融告張濟曰朕惟宗廟¶,后汉纪
紫三代,1,0,魴父子兄弟並帯青紫三代侍中¶,東观汉记
者逡爲,1,0,奉世中子謁者逡爲侍中逡因言顯專權不可任上¶,前汉纪
聽于是,1,0,侯録尚書事百官揔已以聽於是侍中竇憲管掌機¶,后汉纪
聽诏使,1,0,爲巳副欲殺之帝知其謀不聽詔使侍中尚書吿喻¶,后汉纪
臣小同,1,0,」於是乃與羣臣共為奏永寧宮曰：「守尚書令太尉長社侯臣孚、大將軍武陽侯臣師、司徒萬歲亭侯臣柔、司空文陽亭侯臣冲、行征西安東將軍新城侯臣昭、光祿大夫關內侯臣邕、太常臣晏、衞尉昌邑侯臣偉、太僕臣嶷、廷尉定陵,三国志
舜如何,1,0,吾欲法堯禪舜如何侍中王閎平阿侯之子諫曰成¶,前汉纪
若乃汉,1,0,不類出二家下者乎若乃漢侍中悅晉太守宏性靜¶,前汉纪
行其計,1,0,未行其計侍中劉熊卿知其謀告之更始召申屠建¶,后汉纪
衣而出,1,0,樂甘於啖䏑遂拂衣而出侍中張孟諫曰聞足下面¶,后汉纪
言曰班,1,0,言曰班侍中本大將軍所舉宜寵異之益求其比以¶,前汉纪
試功能,1,0,采納其言考試功能侍中尚書雖功勞當遷輒厚加¶,前汉纪
語不順,1,0,也傕不從呵遣麗麗曰傕不從詔亂語不順侍中胡¶,后汉纪
謂憑曰,1,0,謂憑曰侍中當匡輔國政勿有隠情憑對曰陛下嚴曰¶,東观汉记
責之詰,1,0,臭不可食帝大怒欲責之詰侍中楊琦上封事曰傕¶,后汉纪
赦天下,1,0,初平元年春正月辛亥大赦天下侍中周毖城門校¶,后汉纪
輿西行,1,0,爲亂脅乘輿西行侍中劉艾見火起不止曰可出幸¶,后汉纪
農郑衆,1,0,以後賢異心各有損益中興之後大司農鄭衆侍中¶,前汉纪
陵郡詠,1,0,赦天下丙戌初置博陵郡詠侍中冦榮榮恂之曾孫¶,后汉纪
題故女,1,0,右北齊冝陽國太妃傅氏碑其額題故女侍中宜陽國貞¶,金石录
马长史,1,0,長水校尉曹君之碑歴太中大夫司馬長史侍中遷¶,隶释
魏朗,1,0,僕杜密尚書荀緄朱㝢魏朗侍中劉淑劉瑜左中郎¶,后汉纪
魏置女,1,0,魏置女侍中視二品然本後宫嬪御之軄今以宰相母為¶,金石录
