name_simple,status,in_db,in_card,person_id,dynasty_db,hits,strong,sample_book,sample_juan,sample_sentence,all_books
帝时为,拟补_待审,N,N,,,31,0,三国志,卷60.txt,齐伯父纯，儒学有重名，汉安帝时为侍中、江夏太守，去官，与江夏黄琼、〔广汉〕杨厚俱公车徵。,三国志;后汉书;汉书
禄大夫,拟补_待审,N,N,,,27,0,全汉文,卷二十七.txt,武帝時，待詔，遷侍中中郎，坐法免，復召爲郎，拜東郡都尉，入爲光祿大夫侍中，後坐事誅。,全汉文;前汉纪;汉书
马都尉,拟补_待审,N,N,,,24,0,全汉文,卷四十三.txt,元帝時，拜駙馬都尉侍中。,全汉文;汉书
辛毗,拟补_待审,N,N,,,19,19,三国志,卷02.txt,」於是侍中辛毗、劉曄、散騎常侍傅巽、衞臻、尚書令桓階、尚書陳矯、陳羣、給事中博士騎都尉蘇林、董巴等奏曰：「伏見太史丞許芝上魏國受命之符；,三国志;魏书
诸曹,拟补_待审,N,N,,,18,4,汉书,第五十四章-王商史丹傅喜传.txt,今商无尺寸之功，而有三世之宠，身位三公，宗族为列侯、吏二千石、侍中诸曹，给事禁门内，连昏诸侯王，权宠至盛。,全汉文;汉书
杜喬,拟补_待审,N,N,,,17,17,三国志,卷45.txt,【漢安元年】，拜光祿大夫，與侍中杜喬等八人同日受詔，持節分出，案行天下貪廉，墨綬有罪便收，刺史二千石以驛表聞，威惠清忠，名振郡國，號曰八雋。,三国志;全后汉文;后汉书;后汉纪
为卫尉,拟补_待审,N,N,,,15,0,汉书,卷098.txt,長子鳳嗣侯，為衛尉侍中，皇-{后}-自有子後，希復進見。,汉书
刘廙,已在库,Y,Y,P0028,汉魏之际,15,0,三国志,卷02.txt,」魏王侍中劉廙、辛毗、劉曄、尚書令桓階、尚書陳矯、陳羣、給事黃門侍郎王毖、董遇等言：「臣伏讀左中郎將李伏上事，考圖緯之言，以效神明之應，稽之古代，未有不然者也。,三国志;隶释;集古录
后为,拟补_待审,N,N,,,15,0,三国志,卷35.txt,」後為侍中，守中書令。,三国志;后汉书
淳于恭,已在库,Y,Y,P0128,东汉,14,14,后汉书,卷3.txt,」）侍中淳于恭奏，帝親稱制臨決，如孝宣甘露石渠故事，作白虎議奏。,后汉书;東观汉记
贾逵,已在库,Y,Y,P0192,东汉,14,6,后汉书,卷25.txt,和帝因朝會，召見諸儒，丕與侍中賈逵、尚書令黃香等相難數事，帝善丕說，罷朝，特賜冠幘履襪衣一襲。,后汉书;東观汉记
二千石,拟补_待审,N,N,,,13,0,全汉文,卷四十九.txt,今商無尺寸之功，而有三世之寵，身位三公，宗族爲列矦、吏二千石、侍中諸曹，給事禁門內，連昏諸矦王，權寵至盛。,全汉文;前汉纪;后汉书;汉书
再迁为,拟补_待审,N,N,,,13,0,后汉书,卷27.txt,建和初，四府表薦，征拜議郎，侍講禁內，再遷為侍中。,后汉书
上使,拟补_待审,N,N,,,12,0,三国志,卷11.txt,上使侍中宣意曰：『君守平原日淺，故復試君三輔，非有所閒也。,三国志;全汉文;汉书
将军素,拟补_待审,N,N,,,12,0,史记,卷115.txt,左將軍素侍中，幸，將燕代卒，悍，乘勝，軍多驕。,史记;汉书
将军青,拟补_待审,N,N,,,12,0,史记,卷120.txt,」大將軍青侍中，上踞廁而視之。,史记;汉书
光中为,拟补_待审,N,N,,,11,0,后汉书,卷26.txt,卯延光中為侍中，薨，子留嗣。,后汉书
和帝时,拟补_待审,N,N,,,11,3,后汉书,第六章-邓寇列传.txt,昌安侯袭嗣子藩，亦尚显宗女平皋长公主，和帝时为侍中。,后汉书
三迁为,拟补_待审,N,N,,,10,0,后汉书,卷30上.txt,及至，拜議郎，三遷為侍中，特蒙引見，訪以時政。,后汉书
与严助,拟补_待审,N,N,,,10,0,汉书,卷064上.txt,」）拜買臣爲中大夫，與嚴助俱侍中。,汉书
卿大夫,拟补_待审,N,N,,,10,0,汉书,卷099下.txt,莽就車，之漸臺，欲阻池水，猶抱持符命、威斗，公卿大夫、侍中、黃門郎從官尚千餘人隨之。,前汉纪;汉书
子璜为,拟补_待审,N,N,,,10,0,后汉书,卷72.txt,）以弟旻為左將軍，封鄠侯，兄子璜為侍中、中軍校尉，皆典兵事。,三国志;后汉书
官至,拟补_待审,N,N,,,10,0,三国志,卷18.txt,重子式，字景則，官至侍中。,三国志;后汉书
拜劭为,拟补_待审,N,N,,,10,0,后汉书,卷56.txt,及進敗，獻帝即位，拜劭為侍中。,后汉书
灵帝时,拟补_待审,N,N,,,10,3,后汉书,第四十七章-杨震列传.txt,牧孙奇，灵帝时为侍中，帝尝从容问奇曰：“朕何如桓帝？,全后汉文;后汉书
王沈,已在库,Y,Y,P0144,魏,10,10,三国志,卷04.txt,」傅暢《晉諸公贊》曰：帝常與中護軍司馬望、侍中王沈、散騎常侍裴秀、黃門侍郎鍾會等講宴於東堂，并屬文論。,三国志
金安上,已在库,Y,Y,P0218,西汉,10,10,全汉文,卷五.txt,男子張章先發覺，㠯語期門董忠，忠告左曹楊惲，惲告侍中金安上。,全汉文;汉书
马宇,已在库,Y,Y,P0252,东汉,10,4,三国志,卷06.txt,侍中馬宇與諫議大夫种邵、左中郎將劉範等謀，欲使騰襲長安，己爲內應，以誅傕等。,三国志;后汉书
允迁为,拟补_待审,N,N,,,9,0,三国志,卷39.txt,」亮尋請禕為參軍，允遷為侍中，領虎賁中郎將，統宿衛親兵。,三国志
刁玄,拟补_待审,N,N,,,9,9,三国志,卷48.txt,」黃門不服，侍中刁玄、張邠啟：「黃門、藏吏辭語不同，請付獄推盡。,三国志;吴书
又再迁,拟补_待审,N,N,,,9,0,全后汉文,卷六十四.txt,【永興二年】，舉賢良方正，對策第一，拜議郎，再遷尚書，又再遷侍中、虎賁中郎將。,全后汉文;后汉书
和为,拟补_待审,N,N,,,9,0,三国志,卷08.txt,）虞子和為侍中，在長安。,三国志;后汉书
属旧恩,拟补_待审,N,N,,,9,0,全汉文,卷六.txt,（注：《漢書‧黃霸傳》︰「樂陵矦史高㠯外屬舊恩，侍中，貴重，霸薦高可太尉。,全汉文;汉书
征放为,拟补_待审,N,N,,,9,0,汉书,卷059.txt,後復徵放為侍中光祿大夫，秩中二千石。,汉书
祕书监,拟补_待审,N,N,,,9,0,三国志,卷10.txt,建安初爲祕書監侍中，被詔刪《漢書》作《漢紀》三十篇，因事以明臧否，致有典要；,三国志;全后汉文;前汉纪
窦憲,拟补_待审,N,N,,,9,0,后汉书,卷33.txt,在位四年，奏尚書張林阿附侍中竇憲，而素行臧穢，又上洛陽令楊光，憲之賓客，在官貪殘，並不宜處位。,后汉书;后汉纪
议大夫,拟补_待审,N,N,,,9,0,全后汉文,卷七十九.txt,季㠯高第爲侍-{御}-史、諫議大夫、侍中、虎賁中郎將、陳畱太守。,全后汉文;后汉书
典校书,拟补_待审,N,N,,,8,0,全后汉文,卷五十六.txt,至順帝時，平子爲侍中典校書，方作《周官解說》，乃欲㠯漢次述漢事，會復遷河間相，遂莫能立也。,全后汉文;后汉书
刘瑜,已在库,Y,Y,P0038,东汉,8,4,后汉书,卷69.txt,武於是引同志尹勳為尚書令，劉瑜為侍中，馮述為屯騎校尉；,后汉书
十八为,拟补_待审,N,N,,,8,0,汉书,卷055.txt,去病以皇后姊子，年十八為侍中。,汉书
又公兄,拟补_待审,N,N,,,8,0,全后汉文,卷六十一.txt,今曹節等放縱爲害，而久在左右，又公兄侍中受害節等，永樂太-{后}-所親知也。,全后汉文;后汉书
太后弟,拟补_待审,N,N,,,8,0,汉书,卷011.txt,追諡滿父忠為平周懷侯，皇后父晏為孔鄉侯，皇太后弟侍中光祿大夫趙欽為新成侯。,汉书
帝时爲,拟补_待审,N,N,,,8,0,三国志,卷06.txt,文帝時爲侍中，太和中卒，巽在荊州，目龐統爲半英雄，證裴潛終以清行顯；,三国志;后汉纪;汉书
平子爲,拟补_待审,N,N,,,8,0,全后汉文,卷五十六.txt,至順帝時，平子爲侍中典校書，方作《周官解說》，乃欲㠯漢次述漢事，會復遷河間相，遂莫能立也。,全后汉文;后汉书
年十三,拟补_待审,N,N,,,8,0,史记,卷030.txt,弘羊，雒陽賈人子，以心計，年十三侍中。,史记;汉书
年十八,拟补_待审,N,N,,,8,8,汉书,卷055.txt,去病以皇后姊子，年十八為侍中。,汉书
征还为,拟补_待审,N,N,,,8,0,后汉书,卷54.txt,征還為侍中﹑五官中郎將，遷穎川﹑南陽太守，復拜侍中，三遷永樂少府﹑太僕﹑衛尉。,后汉书
桓帝时,拟补_待审,N,N,,,8,2,后汉书,第六章-邓寇列传.txt,荣少知名，桓帝时为侍中。,全后汉文;后汉书
自以为,拟补_待审,N,N,,,8,0,史记,卷091.txt,布所幸姬疾，請就醫，醫家與中大夫賁赫對門，姬數如醫家，賁赫自以為侍中，乃厚餽遺，從姬飲醫家。,史记
金敞,已在库,Y,Y,P0219,西汉,8,8,汉书,卷078.txt,望之選白宗室明經達學散騎諫大夫劉更生給事中，與侍中金敞並拾遺左右。,汉书
长为,拟补_待审,N,N,,,8,0,汉书,卷097下.txt,太后姊子淳于長為侍中，數往來傳語，得太后指，上立封趙婕妤父臨為成陽侯。,汉书
上乃拜,拟补_待审,N,N,,,7,0,汉书,卷069.txt,上乃拜侍中樂成侯許延壽爲強弩將軍，即拜酒泉太守武賢爲破羌將軍，賜璽書嘉納其冊。,前汉纪;汉书
代允为,拟补_待审,N,N,,,7,0,三国志,卷39.txt,）===陳祗===陳祗代允為侍中，與黃皓互相表裡，皓始預政事。,三国志
刘曄,拟补_待审,N,N,,,7,0,三国志,卷03.txt,居數日，獨見侍中劉曄，語盡日。,三国志
十一为,拟补_待审,N,N,,,7,0,三国志,卷29.txt,璩六十一為侍中，直省內，欻見白狗，問之眾人，悉無見者。,三国志
孙峻,已在库,Y,Y,P0064,吴,7,2,三国志,卷59.txt,權患之，謂侍中孫峻曰：「子弟不睦，臣下分部，將有袁氏之敗，爲天下笑。,三国志
安国爲,拟补_待审,N,N,,,7,0,全后汉文,卷三十四.txt,武帝時，孔安國爲侍中，㠯其儒者，特聽掌-{御}-坐唾壺，朝廷榮之。,全后汉文;后汉书
封贺,拟补_待审,N,N,,,7,0,全汉文,卷六.txt,』其封賀子侍中關內矦彭祖」。,全汉文;前汉纪;汉书
尉许舜,拟补_待审,N,N,,,7,0,全汉文,卷六.txt,）==封丙吉等詔==朕微眇時，御史大夫丙吉、中郎將史曾、史玄、長樂衞尉許舜、侍中光祿大夫許延壽皆與朕有舊恩，及故掖庭令張賀輔導朕躬，修文學經術，恩惠卓異，厥功茂焉。,全汉文;前汉纪;汉书
庙之灵,拟补_待审,N,N,,,7,0,全汉文,卷九.txt,賴宗廟之靈，侍中駙馬都尉賢等發覺㠯聞，咸伏其辜。,全汉文;汉书
引瑜为,拟补_待审,N,N,,,7,0,后汉书,卷57.txt,及帝崩，大將軍竇武欲大誅宦官，乃引瑜為侍中，又以侍中尹勳為尚書令，共同謀畫。,列传;后汉书
弟青为,拟补_待审,N,N,,,7,0,史记,卷049.txt,召其兄衛長君弟青為侍中。,史记
张辟彊,已在库,Y,Y,P0090,西汉,7,2,史记,卷009.txt,留侯子張辟彊為侍中，年十五，謂丞相曰：「太后獨有孝惠，今崩，哭不悲，君知其解乎？,史记;汉书
弱冠为,拟补_待审,N,N,,,7,0,三国志,卷36.txt,弱冠為侍中、中監軍，數歲卒。,三国志
征康为,拟补_待审,N,N,,,7,0,后汉书,卷16.txt,及從兄騭誅，安帝征康為侍中。,后汉书
征立为,拟补_待审,N,N,,,7,0,三国志,卷40.txt,二十四年，先主為漢中王，徵立為侍中。,三国志
徙昭为,拟补_待审,N,N,,,7,0,三国志,卷14.txt,二年，分邑百戶，賜昭弟訪爵關內侯，徙昭為侍中。,三国志
拜举为,拟补_待审,N,N,,,7,0,后汉书,卷61.txt,」時詔遣八使巡行風俗，皆選素有威名者，乃拜舉為侍中，舉侍中杜喬、守光祿大夫周栩、前青州刺史馮羨、尚書欒巴、侍御史張綱、兗州刺史郭遵、太尉長史劉班並守光祿大夫，分行天下。,后汉书
操以为,拟补_待审,N,N,,,7,0,后汉书,卷74下.txt,義以疾退，終表世不仕，操以為侍中。,列传;后汉书
施延为,拟补_待审,N,N,,,7,0,后汉书,卷46.txt,」書御，有詔拜有道高第士沛國施延為侍中，延後位至太尉。,后汉书
果拜嵩,拟补_待审,N,N,,,7,0,后汉书,卷74下.txt,至許，果拜嵩侍中、零陵太守。,列传;后汉书
父任为,拟补_待审,N,N,,,7,0,汉书,卷071.txt,少時，耆酒多過失，年且三十，乃折節修行，以父任為侍中中郎將、長水校尉。,汉书
王輔,拟补_待审,N,N,,,7,7,全后汉文,卷七.txt,深恐在所慢違「如在」之義，今遣侍中王輔等，持節分詣岱山、東海、滎陽、河、洛，盡心祈焉。,全后汉文;后汉书
甄邯为,拟补_待审,N,N,,,7,0,汉书,卷099上.txt,莽以大司徒孔光名儒，相三主，太后所敬，天下信之，於是盛尊事光，引光女婿甄邯為侍中奉車都尉。,汉书
石六人,拟补_待审,N,N,,,7,0,汉书,卷097下.txt,鄭氏、傅氏侯者凡六人，大司馬二人，九卿二千石六人，侍中諸曹十餘人。,汉书
窦宪,已在库,Y,Y,P0161,东汉,7,7,后汉书,第三十九章-郭陈列传.txt,皇后弟侍中窦宪，荐真定令张林为尚书，帝以问宠，宠对“林虽有才能，而素行贪浊”，宪以此深恨宠。,列传;后汉书
辟彊为,拟补_待审,N,N,,,7,0,史记,卷009.txt,留侯子張辟彊為侍中，年十五，謂丞相曰：「太后獨有孝惠，今崩，哭不悲，君知其解乎？,史记;汉书
迎荐为,拟补_待审,N,N,,,7,0,后汉书,卷62.txt,進恐其不至，迎薦為侍中，及進敗而詔命中絕。,后汉书
世子常,拟补_待审,N,N,,,6,0,史记,卷049.txt,四子，長子伉為侯世子，侯世子常侍中，貴幸。,史记
为元帝,拟补_待审,N,N,,,6,0,汉书,卷009.txt,==【贊】==贊曰：臣外祖兄弟為元帝侍中，語臣曰元帝多材藝，善史書。,汉书
为太仆,拟补_待审,N,N,,,6,0,史记,卷020.txt,子延壽代立，為太僕，侍中。,史记;汉书
为左曹,拟补_待审,N,N,,,6,0,后汉书,卷21.txt,復為左曹侍中，常從征伐。,后汉书
冀州牧,拟补_待审,N,N,,,6,0,三国志,卷38.txt,進用颍川荀爽、韓融、陳紀等為公、卿、郡守，拜尚書韓馥為冀州牧，侍中劉岱為兗州剌史，颍川張咨為南陽太守，陳留孔伷為豫州剌史，東郡張邈為陳留太守，而遷靖巴郡太守，不就，補御史中丞。,三国志;蜀书
军从弟,拟补_待审,N,N,,,6,0,全汉文,卷九.txt,將軍從弟侍中奉車都尉吳、族父左曹屯騎校尉宣皆知宏及栩丹諸矦王后親，而宣除用丹爲御屬。,全汉文;汉书
出禁外,拟补_待审,N,N,,,6,0,后汉书,卷116.txt,又侍中舊與中官俱止禁中，武帝時，侍中莽何羅挾刃謀逆，由是侍中出禁外，有事乃入，畢即出。,后汉书
刘珍,已在库,Y,Y,P0037,东汉,6,3,后汉书,卷55.txt,又遣中常侍奉太牢祠典，護禮儀侍中劉珍等及宗室列侯皆往會事。,列传;后汉书
史氏,拟补_待审,N,N,,,6,0,全汉文,卷三十三.txt,===劾劉更生===更生前爲九卿，坐與望之、堪謀排車騎將軍高、許、史氏侍中者，毀離親戚，欲退去之，而獨專權。,全汉文;汉书
后从弟,拟补_待审,N,N,,,6,0,汉书,卷011.txt,二月，封帝太太后從弟侍中傅商為汝昌侯，太后同母弟子侍中鄭業為陽信侯。,汉书;纪
后同母,拟补_待审,N,N,,,6,0,汉书,卷011.txt,二月，封帝太太后從弟侍中傅商為汝昌侯，太后同母弟子侍中鄭業為陽信侯。,汉书;纪
后迁,拟补_待审,N,N,,,6,0,后汉书,卷59.txt,}}後遷侍中，帝引在帷幄，諷議左右。,后汉书
周广,已在库,Y,Y,P0055,东汉,6,6,后汉书,第五章-李王邓来列传.txt,明年，中常侍樊丰与大将军耿宝、侍中周广、谢惲等共谗陷太尉杨震，震遂自杀。,后汉书
坐帷内,拟补_待审,N,N,,,6,0,后汉书,卷11.txt,羣臣欲言事，輒醉不能見，時不得已，乃令侍中坐帷內與語。,后汉书;東观汉记
大夫恩,拟补_待审,N,N,,,6,0,三国志,卷48.txt,}}」戊戌，詔曰：「大將軍掌中外諸軍事，事統煩多，其加衞將軍御史大夫恩侍中，與大將軍分省諸事。,三国志
太仆,拟补_待审,N,N,,,6,0,全汉文,卷六十.txt,綏和初爲侍中太僕，位特進，㠯病免。,全汉文;汉书
如前加,拟补_待审,N,N,,,6,0,三国志,卷22.txt,明帝即位，进封康鄉侯，後转爲右仆射，典選舉，如前加侍中。,三国志
子世爲,拟补_待审,N,N,,,6,0,全后汉文,卷三十四.txt,』時子世爲侍中，驂乘，歸具白之。,全后汉文;后汉书
子男忽,拟补_待审,N,N,,,6,0,汉书,卷068.txt,時衞尉王莽子男忽侍中，（注：師古曰：「即右將軍王莽也。,前汉纪;汉书
尉南面,拟补_待审,N,N,,,6,0,全后汉文,卷七十二.txt,）===厤數議===三月九日，百官會府公殿下，東面，校尉南面，侍中、郎將、大夫、千石、六百石重行北面，議郎、博士西面。,全后汉文;后汉书
尉甄阜,拟补_待审,N,N,,,6,0,汉书,卷094下.txt,」詔書中郎將韓隆、王昌、副校尉甄阜、侍中謁者帛敞、長水校尉王歙使匈奴，告單于曰：「西域內屬，不當得受，今遣之。,汉书
少从汉,拟补_待审,N,N,,,6,0,三国志,卷63.txt,少從漢侍中單甫受學，用思精密。,三国志
平再,拟补_待审,N,N,,,6,6,后汉书,卷39.txt,平再遷侍中，【永平三年】，拜宗正，數薦達名士承宮、郇恁等。,后汉书
平再迁,拟补_待审,N,N,,,6,0,后汉书,卷39.txt,平再遷侍中，【永平三年】，拜宗正，數薦達名士承宮、郇恁等。,后汉书
张紹,拟补_待审,N,N,,,6,0,三国志,卷33.txt,謹遣私署侍中張紹、光祿大夫譙周、駙馬都尉鄧良奉繼印綬，請命告誠，敬輸忠款，存亡敕賜，惟所裁之。,三国志
拜权爲,拟补_待审,N,N,,,6,0,三国志,卷02.txt,拜權爲侍中鎮南將軍，封列侯，即日召使驂乘；,三国志
月丁卯,拟补_待审,N,N,,,6,0,史记,卷022.txt,|二月丁卯，侍中、中郎將霍禹為右將軍。,前汉纪;史记;汉书
权爲,拟补_待审,N,N,,,6,0,三国志,卷02.txt,拜權爲侍中鎮南將軍，封列侯，即日召使驂乘；,三国志
杜乔,已在库,Y,Y,P0110,东汉,6,6,后汉书,第五十七章-李杜列传.txt,侍中杜乔，学深行直，当世良臣，久托疾病，可敕令起。,后汉书
武为,拟补_待审,N,N,,,6,0,后汉书,卷22.txt,世祖即位，以武為侍中、騎都尉，封山都侯。,后汉书
武帝时,拟补_待审,N,N,,,6,0,后汉书,卷116.txt,又侍中舊與中官俱止禁中，武帝時，侍中莽何羅挾刃謀逆，由是侍中出禁外，有事乃入，畢即出。,后汉书
王邑,已在库,Y,Y,P0152,西汉_新,6,6,全汉文,卷四十八.txt,前大行尸柩在堂，而官爵臣等㠯及親屬，赫然皆貴寵，封舅爲陽安矦，皇后尊號未定，豫封父爲孔鄕矦，出侍中王邑、射聲校尉王邯等。,全汉文;汉书
皇考舅,拟补_待审,N,N,,,6,0,汉书,卷018.txt,」）||汝南|-|樂陵安侯史髙||以悼皇考舅子侍中關内侯與-{發}-霍氏-{姦}-，侯，二千三百戸。,汉书
监刘放,拟补_待审,N,N,,,6,0,三国志,卷04.txt,}}」【正始元年】春二月乙丑，加侍中中書監劉放、侍中中書令孫資為左右光祿大夫。,三国志
自诸曹,拟补_待审,N,N,,,6,0,全汉文,卷三十四.txt,）====私販賣====令近臣自諸曹侍中㠯上，家亡得私販賣，與民爭利。,全汉文;汉书
萌私忿,拟补_待审,N,N,,,6,0,后汉书,卷11.txt,萌私忿侍中，引下斬之，更始救請，不從。,后汉书
著作郎,拟补_待审,N,N,,,6,0,三国志,卷35.txt,臣壽等言：臣前在著作郎，侍中領中書監濟北侯臣荀勖、中書令關內侯臣和嶠奏：使臣定故蜀丞相諸葛亮故事。,三国志
虞子和,已在库,Y,Y,P0176,东汉,6,6,三国志,卷08.txt,）虞子和為侍中，在長安。,三国志;后汉书
衡都尉,拟补_待审,N,N,,,6,0,汉书,卷093.txt,帝嘉長義，拜爲列校尉諸曹，遷水衡都尉侍中，至衛尉九卿。,汉书
许相,已在库,Y,Y,P0181,东汉,6,4,全后汉文,卷九十五.txt,伏聞中常侍曹節、王甫、張讓等，及侍中許相，竝爲列矦。,全后汉文;后汉书
贺所子,拟补_待审,N,N,,,6,0,全汉文,卷六.txt,」封賀所子弟子侍中中郎將彭祖（注：《張安世傳》作「《詩》云︰『無言不讎，無德不報。,全汉文;汉书
车都尉,拟补_待审,N,N,,,6,0,汉书,卷068.txt,自昭帝時，光子禹及兄孫雲皆中郎將，雲弟山奉車都尉侍中，領胡越兵。,汉书
遣私署,拟补_待审,N,N,,,6,0,三国志,卷33.txt,謹遣私署侍中張紹、光祿大夫譙周、駙馬都尉鄧良奉繼印綬，請命告誠，敬輸忠款，存亡敕賜，惟所裁之。,三国志
黄门后,拟补_待审,N,N,,,6,0,后汉书,卷116.txt,誅黃門後，侍中、侍郎出入禁闈，機事頗露，由是王允乃奏比尚書，不得出入，不通賓客，自此始也。,后汉书
上拜涉,拟补_待审,N,N,,,5,5,汉书,第四十章-霍光金日磾传.txt,敞子涉本为左曹，上拜涉为侍中，使待幸绿车载送卫尉舍。,汉书
丕亦为,拟补_待审,N,N,,,5,0,后汉书,第十五章:卓鲁魏刘列传,时弟丕亦为侍中。,后汉书
侍郎为,拟补_待审,N,N,,,5,0,后汉书,卷116.txt,改給事黃門侍郎為侍中侍郎，去給事黃門之號，旋復復故。,后汉书
元中为,拟补_待审,N,N,,,5,0,后汉书,卷15.txt,===來歷===歷字伯珍，少襲爵，以公主子，永元中為侍中，監羽林右騎。,后汉书
元帝时,拟补_待审,N,N,,,5,2,后汉书,第二十三章-郭杜孔张廉王苏羊贾陆.txt,曾祖霸，元帝时为侍中。,后汉书
冀及诸,拟补_待审,N,N,,,5,0,全后汉文,卷四十八.txt,宜令步兵校尉冀及諸侍中還居黃門之官，使權去外戚，政歸國家，豈不休乎！,全后汉文;后汉书
再迁爲,拟补_待审,N,N,,,5,0,全后汉文,卷六十三.txt,桓帝時，徵博士，舉賢良方正，再遷爲侍中，拜五官中郎將，轉長水校尉，遷魏郡太守，徵拜大鴻臚，㠯病乞還。,全后汉文;后汉书
刘晔对,拟补_待审,N,N,,,5,2,三国志,第十二章-崔毛徐何邢鲍司马传.txt,”侍中刘晔对曰：“猎胜於乐。,三国志
匠薛皓,拟补_待审,N,N,,,5,0,后汉书,卷15.txt,歷乃要結光祿勛祋諷，宗正劉瑋，將作大匠薛皓，侍中閭丘弘、陳光、趙代、施延，太中大夫朱倀、第五頡，中散大夫曹成，諫議大夫李尤，符節令張敬，持書侍御史龔調，羽林右監孔顯，城門司馬徐崇，衛尉守丞樂闈，長樂、未央廄令鄭安世等十餘人，俱詣鴻都門證太子無過。,后汉书
卫尉弘,拟补_待审,N,N,,,5,0,汉书,卷098.txt,時太-{后}-從弟長樂衛尉弘子侍中音獨側聽，具知章言，以語鳳。,汉书
受害節,拟补_待审,N,N,,,5,0,全后汉文,卷六十一.txt,今曹節等放縱爲害，而久在左右，又公兄侍中受害節等，永樂太-{后}-所親知也。,全后汉文;后汉书
史中丞,拟补_待审,N,N,,,5,0,三国志,卷13.txt,爽旣誅，入爲御史中丞、侍中廷尉。,三国志
后加,拟补_待审,N,N,,,5,0,三国志,卷22.txt,}}帝遂以宣爲左仆射，後加侍中灌禄大夫。,三国志
后爲,拟补_待审,N,N,,,5,0,全后汉文,卷五十九.txt,後爲侍中，守光祿大夫，遷河南太守，徵爲大鴻臚。,三国志;全后汉文
周廣,拟补_待审,N,N,,,5,5,后汉书,卷10下.txt,」）侍中周廣、阿母野王君王聖、聖女永、永壻黃門侍郎樊嚴等，更相阿黨，互作威福，探刺禁省，更爲唱和，皆大不道。,后汉书
复入为,拟补_待审,N,N,,,5,0,后汉书,第四十七章-杨震列传.txt,帝崩后，复入为侍中卫尉，从献帝西迁，有功勤。,后汉书
奏陛下,拟补_待审,N,N,,,5,0,全汉文,卷四十五.txt,語不可露，願具書所言，因侍中奏陛下，㠯示腹心大臣。,全汉文;汉书
姚恂免,拟补_待审,N,N,,,5,0,汉书,卷099中.txt,寧始將軍姚恂免，侍中崇祿侯孔永為寧始將軍。,汉书
封舅曼,拟补_待审,N,N,,,5,0,汉书,卷010.txt,五月，封舅曼子侍中騎都尉光祿大夫王莽爲新都侯。,前汉纪;汉书
尉马廖,拟补_待审,N,N,,,5,0,后汉书,卷39.txt,於是京師貴戚衛尉馬廖、侍中竇憲慕其行，各奉書致禮，革無所報受。,后汉书;后汉纪
引外属,拟补_待审,N,N,,,5,0,汉书,卷078.txt,」及宣帝寢疾，選大臣可屬者，引外屬侍中樂陵侯史高、太子太傅望之、少傅周堪至禁中，拜高為大司馬車騎將軍，望之為前將軍光祿勳，堪為光祿大夫，皆受遺詔輔政，領尚書事。,前汉纪;汉书
惠时郎,拟补_待审,N,N,,,5,0,史记,卷125.txt,故孝惠時郎侍中皆冠鵕䴊，貝帶，傅脂粉，化閎、籍之屬也。,史记
愷等上,拟补_待审,N,N,,,5,0,后汉书,卷92.txt,太尉愷等上侍中施延等議：「太初過天，日一度，弦望失正，月以晦見西方，食不與天相應；,全后汉文;后汉书
拜涉为,拟补_待审,N,N,,,5,0,汉书,第四十章-霍光金日磾传.txt,敞子涉本为左曹，上拜涉为侍中，使待幸绿车载送卫尉舍。,汉书
施延,已在库,Y,Y,P0097,东汉,5,5,后汉书,卷92.txt,太尉愷等上侍中施延等議：「太初過天，日一度，弦望失正，月以晦見西方，食不與天相應；,全后汉文;后汉书
林阿附,拟补_待审,N,N,,,5,0,后汉书,卷33.txt,在位四年，奏尚書張林阿附侍中竇憲，而素行臧穢，又上洛陽令楊光，憲之賓客，在官貪殘，並不宜處位。,后汉书
欲自刎,拟补_待审,N,N,,,5,0,汉书,卷099下.txt,中黃門各拔刃將忠等送廬，忠拔劍欲自刎，侍中王望傳言大司馬反，黃門持劍共格殺之。,汉书
歆门人,拟补_待审,N,N,,,5,0,汉书,卷099中.txt,尋隨方士入華山，歲餘捕得，辭連國師公歆子侍中東通靈將、五司大夫隆威侯棻，棻弟右曹長水校尉伐虜侯泳，大司空邑弟左闕將軍堂威侯奇，及歆門人侍中騎都尉丁隆等，牽引公卿黨親列侯以下，死者數百人。,汉书
永元中,拟补_待审,N,N,,,5,5,后汉书,卷15.txt,===來歷===歷字伯珍，少襲爵，以公主子，永元中為侍中，監羽林右騎。,后汉书
淳于长,已在库,Y,Y,P0129,西汉,5,2,汉书,卷097下.txt,太后姊子淳于長為侍中，數往來傳語，得太后指，上立封趙婕妤父臨為成陽侯。,汉书
王望传,拟补_待审,N,N,,,5,2,汉书,第七十七章-王莽传下.txt,中黄门各拔刃将忠等送庐，忠拔剑欲自刎，侍中王望传言大司马反，黄门持剑共格杀之。,汉书
王邑为,拟补_待审,N,N,,,5,0,汉书,卷086.txt,莽從弟成都侯王邑為侍中，矯稱太皇太后指白哀帝，為莽求特進給事中。,汉书
皇帝問,拟补_待审,N,N,,,5,0,全汉文,卷三十二.txt,爲書曰︰「皇帝問侍中君卿︰使中御府令高昌奉黃金千斤，賜君卿取十妻。,全汉文;前汉纪;汉书
至殿中,拟补_待审,N,N,,,5,0,汉书,卷092.txt,為京兆尹門下督，從至殿中，侍中諸侯貴人爭欲揖章，莫與京兆尹言者。,前汉纪;汉书
董允书,拟补_待审,N,N,,,5,2,三国志,第九章-董刘马陈董吕传.txt,诸葛亮与长史蒋琬、侍中董允书曰：“孝起前临至吴，为吾说正方腹中有鳞甲，乡党以为不可近。,三国志
都王邑,拟补_待审,N,N,,,5,0,汉书,卷086.txt,莽從弟成都侯王邑為侍中，矯稱太皇太后指白哀帝，為莽求特進給事中。,汉书
隗表为,拟补_待审,N,N,,,5,0,后汉书,卷35.txt,後將軍袁隗表為侍中，以父喪不行。,后汉书
一月为,拟补_待审,N,N,,,4,0,汉书,卷019.txt,|大司徒司直金欽為京兆尹，一月為侍中。,汉书
三人皆,拟补_待审,N,N,,,4,0,汉书,卷088.txt,時，光祿勳王龔以外屬內卿，與奉車都尉劉歆共校書，三人皆侍中。,汉书
上遣,拟补_待审,N,N,,,4,0,汉书,卷100上.txt,上遣侍中中郎將王舜馳傳代伯護單于，并奉璽書印綬，即拜伯為定襄太守。,汉书
不穷戴,拟补_待审,N,N,,,4,0,后汉书,卷79上.txt,故京师爲之语曰：“解經不穷戴侍中。,后汉书
中书令,拟补_待审,N,N,,,4,0,三国志,卷23.txt,次楷，字叔則，侍中中書令、光祿大夫、開府。,三国志
中书监,拟补_待审,N,N,,,4,0,三国志,卷21.txt,建安中，爲郡上計吏，特拜郎中，稍遷侍中中書監，以光祿大夫遜位，年七十五卒於家。,三国志
为天子,拟补_待审,N,N,,,4,0,史记,卷111.txt,是歲也，大將軍姊子霍去病年十八，幸，為天子侍中。,史记
九男皆,拟补_待审,N,N,,,4,0,汉书,第五十四章-王商史丹傅喜传.txt,有子男女二十人，九男皆以丹任并为侍中、诸曹，亲近在左右。,汉书
二年为,拟补_待审,N,N,,,4,0,汉书,卷019.txt,詹事許商為少府，二年為侍中光祿大夫。,汉书
仆光禄,拟补_待审,N,N,,,4,0,全后汉文,卷一百六.txt,（注：下缺）汉□□□之□□王舅，是时宠特进朝侯大仆光禄侍中监营持节□□□功充列王室，遇谤于吕，委位捐尔，调官近（注：《隶释》作「沛」）土。,全后汉文
从故,拟补_待审,N,N,,,4,0,全后汉文,卷八十七.txt,（注：案︰舊本《呂氏春秋序》題河東高誘撰，據《淮南子序》云「自誘之少，從故侍中同縣盧君受其句讀」，謂盧子榦也。,全后汉文
令尹勋,拟补_待审,N,N,,,4,0,后汉书,卷8.txt,九月丁亥，中常侍曹節矯詔誅太傅陳蕃、大將軍竇武及尚書令尹勳、侍中劉瑜、屯騎校尉馮述，皆夷其族。,后汉书
令樊建,拟补_待审,N,N,,,4,0,三国志,卷33.txt,尚書令樊建、侍中張紹、光祿大夫譙周、秘書令卻正、殿中督張通並封列侯。,三国志
令裴秀,拟补_待审,N,N,,,4,0,三国志,卷48.txt,」旣至，車騎將軍賈充、尚書令裴秀、侍中荀勗等欲傲以所不知而不能屈。,三国志
任并为,拟补_待审,N,N,,,4,0,汉书,第五十四章-王商史丹傅喜传.txt,有子男女二十人，九男皆以丹任并为侍中、诸曹，亲近在左右。,汉书
元舅,拟补_待审,N,N,,,4,0,汉书,卷010.txt,以元舅侍中衞尉陽平侯王鳳爲大司馬大將軍，領尚書事。,汉书
充迁,拟补_待审,N,N,,,4,0,后汉书,第七十八章:独行列传,充迁侍中。,后汉书
军伏完,拟补_待审,N,N,,,4,0,后汉书,卷72.txt,封衞將軍董承、輔國將軍伏完、侍中丁沖、种輯、尚書僕射鍾繇、尚書郭溥、御史中丞董芬、彭城相劉艾、馮翊韓斌、東郡太守楊衆、議郎羅邵、伏德、趙蕤為列侯，賞有功也。,后汉书;后汉纪
刘瑜为,拟补_待审,N,N,,,4,0,后汉书,卷69.txt,武於是引同志尹勳為尚書令，劉瑜為侍中，馮述為屯騎校尉；,后汉书
史子弟,拟补_待审,N,N,,,4,0,汉书,卷036.txt,時恭、顯、許、史子弟侍中諸曹，皆側目於望之等，更生懼焉，乃使其外親上變事，言：竊聞故前將軍蕭望之等，皆忠正無私，欲致大治，忤於貴戚尚書。,汉书
史高,已在库,Y,Y,P0052,西汉,4,4,全汉文,卷五.txt,侍中史高與金安上建發其事，言無入霍氏禁闥，卒不得遂其謀，皆讎有功。,全汉文;汉书
各千万,拟补_待审,N,N,,,4,0,汉书,卷099下.txt,因賜治廟者司徒、大司空錢各千萬，侍中、中常侍以下皆封。,汉书
名而为,拟补_待审,N,N,,,4,0,后汉书,第二十六章-梁统列传.txt,冒名而为侍中、卿、校尉、郡守、长吏者十余人，皆贪叨凶淫，各遣私客籍属县富人，被以它罪，闭狱掠拷，使出钱自赎，资物少者至于死徙。,后汉书
名近臣,拟补_待审,N,N,,,4,0,汉书,卷045.txt,充即移書光祿勳中黃門，逮名近臣侍中諸當詣北軍者，移劾門衛，禁止無令得出入宮殿。,汉书
后拜,拟补_待审,N,N,,,4,0,后汉书,第七十八章:独行列传,后拜侍中，卒官。,后汉书
向栩,已在库,Y,Y,P0053,东汉,4,4,后汉书,卷8.txt,侍中向栩、張鈞坐言宦者，下獄死。,后汉书
周毖,已在库,Y,Y,P0056,东汉,4,4,三国志,卷06.txt,侍中周毖、城門校尉伍瓊、議郎何顒等，皆名士也，卓信之，而陰爲紹，乃說卓曰：「夫廢立大事，非常人所及。,三国志
和逌,已在库,Y,Y,P0060,魏,4,4,三国志,卷04.txt,侍中和逌、尚書陳騫等作詩稽留，有司奏免官，詔曰：「吾以暗昧，愛好文雅，廣延詩賦，以知得失，而乃爾紛紜，良用反仄。,三国志
复以资,拟补_待审,N,N,,,4,4,三国志,第十四章-程郭董刘蒋刘传.txt,曹爽诛后，复以资为侍中，领中书令。,三国志
复留为,拟补_待审,N,N,,,4,0,后汉书,第五十四章-蔡邕列传下.txt,迁巴郡太守，复留为侍中。,后汉书
大伯为,拟补_待审,N,N,,,4,0,汉书,卷019.txt,|侍中光祿大夫趙彪大伯為侍中水衡都尉，三年卒。,汉书
大司马,拟补_待审,N,N,,,4,0,汉书,卷099中.txt,大司馬甄邯死，寧始將軍孔永為大司馬，侍中大贅侯輔為寧始將軍。,汉书
太史令,拟补_待审,N,N,,,4,0,后汉书,卷82下.txt,舉孝廉，稍遷太史令，侍中。,后汉书
太后兄,拟补_待审,N,N,,,4,0,汉书,卷009.txt,三月，封皇太后兄侍中中郎將王舜為安平侯。,汉书
太后姊,拟补_待审,N,N,,,4,0,汉书,卷084.txt,後數年，皇太后姊子侍中衛尉定陵侯淳于長有罪，上以太后故，免官勿治罪。,汉书
子举为,拟补_待审,N,N,,,4,0,后汉书,第十一章-皇后纪上.txt,永元初，璜为长乐少府，子举为侍中，兼射声校尉。,后汉书
子二人,拟补_待审,N,N,,,4,0,汉书,卷099下.txt,封皇后父諶為和平侯，拜為寧始將軍，諶子二人皆侍中。,汉书
子伋为,拟补_待审,N,N,,,4,0,汉书,第四十二章-傅常郑甘陈段传.txt,后皇太后同母弟苟参为水衡都尉，死，子伋为侍中，参妻欲为伋求封，汤受其金五十斤，许为求比上奏。,汉书
子寻为,拟补_待审,N,N,,,4,0,汉书,第七十六章-王莽传中.txt,时子寻为侍中京兆大君茂德侯，即作符命，言新室当分陕，立二伯，以丰为右伯，太傅平晏为左伯，如周、召故事。,汉书
子尋为,拟补_待审,N,N,,,4,0,汉书,卷099中.txt,時子尋為侍中京兆大尹茂德侯，即作符命，言新室當分陝，立二伯，以豐為右伯，太傅平晏為左伯，如周召故事。,汉书
子雖为,拟补_待审,N,N,,,4,0,三国志,卷29.txt,平子雖為侍中，馬先生雖給事省中，俱不典工官，巧無益於世。,三国志
孙邕,已在库,Y,Y,P0067,魏,4,2,三国志,卷11.txt,）【正始二年】，太僕陶丘一、永寧衞尉孟觀、侍中孫邕、中書侍郎王基薦寧曰：{{quote|臣聞龍鳳隱耀，應德而臻，明哲潛遁，俟時而動。,三国志
宣帝时,拟补_待审,N,N,,,4,0,汉书,卷093.txt,宣帝時，侍中中郎將張彭祖少與帝微時同席研書，及帝即尊位，彭祖以舊恩封陽都侯，出常參乘，號爲愛幸。,汉书
宣意,拟补_待审,N,N,,,4,4,三国志,卷11.txt,上使侍中宣意曰：『君守平原日淺，故復試君三輔，非有所閒也。,三国志
宾婚为,拟补_待审,N,N,,,4,0,汉书,第九章-天文志.txt,四年，故大将军霍光夫人显、将军霍禹、范明友、奉车霍山及诸昆弟宾婚为侍中、诸曹、九卿、郡守皆谋反，咸伏其辜。,汉书
尉孟观,拟补_待审,N,N,,,4,0,三国志,卷11.txt,）【正始二年】，太僕陶丘一、永寧衞尉孟觀、侍中孫邕、中書侍郎王基薦寧曰：{{quote|臣聞龍鳳隱耀，應德而臻，明哲潛遁，俟時而動。,三国志
尉魏桀,拟补_待审,N,N,,,4,0,后汉书,卷9.txt,）步兵校尉魏桀、侍中朱展、射聲校尉沮儁。,后汉书
已人为,拟补_待审,N,N,,,4,0,三国志,卷62.txt,”}}此文既流行，而質已人為侍中矣。,三国志
已入为,拟补_待审,N,N,,,4,0,三国志,第十七章-是仪胡综传.txt,”此文既流行，而质已入为侍中矣。,三国志
帝即位,拟补_待审,N,N,,,4,0,后汉书,卷45.txt,和帝即位，侍中竇憲使人刺殺齊殤王子都鄉侯暢於上東門，有司畏憲，鹹委疑於暢兄弟。,后汉书
常侍者,拟补_待审,N,N,,,4,4,三国志,卷03.txt,其高選博士，才任侍中常侍者。,三国志
平子雖,拟补_待审,N,N,,,4,4,三国志,卷29.txt,平子雖為侍中，馬先生雖給事省中，俱不典工官，巧無益於世。,三国志
平王凤,拟补_待审,N,N,,,4,0,汉书,卷019.txt,」）||||陽平侯王鳳為侍中衞尉，三年遷。,汉书
府戴崇,拟补_待审,N,N,,,4,0,汉书,卷099上.txt,久之，叔父成都侯商上書，願分戶邑以封莽，及長樂少府戴崇、侍中金涉、胡騎校尉箕閎、上谷都尉陽並、中郎陳湯，皆當世名士，咸為莽言，上由是賢莽。,汉书
延光中,拟补_待审,N,N,,,4,4,后汉书,第二十六章-梁统列传.txt,棠卒，子安国嗣，延光中为侍中，有罪免官，诸梁为郎吏者皆坐免。,后汉书
建平中,拟补_待审,N,N,,,4,0,全后汉文,卷三十一.txt,建平中，侍中劉歆欲立《左氏》，不先暴論大義，而輕移太常，恃其義長，詆挫諸儒，諸儒內懷不服，相與排之。,全后汉文;后汉书
弊海内,拟补_待审,N,N,,,4,0,汉书,卷093.txt,歲餘，趙皇后得立，上甚德之，乃追顯長前功，下詔曰：「前將作大匠解萬年奏請營作昌陵，罷弊海內，侍中衛尉長數白宜止徙家反故處，朕以長言下公卿，議者皆合長計。,汉书
张安世,拟补_待审,N,N,,,4,0,汉书,卷077.txt,劾奏衞將軍張安世子侍中陽都侯彭祖不下殿門，并連及安世居位無補。,汉书
张绍,已在库,Y,Y,P0088,蜀汉,4,4,三国志,第三章-后主传.txt,谨遣私署侍中张绍、光禄大夫谯周、驸马都尉邓良奉赍印缓，请命告诚，敬输忠款，存亡敕赐，惟所裁之。,三国志
復以資,拟补_待审,N,N,,,4,4,三国志,卷14.txt,」）曹爽誅後，復以資為侍中，領中書令。,三国志
復入为,拟补_待审,N,N,,,4,0,后汉书,卷54.txt,帝崩後，復入為侍中衛尉，從獻帝西遷，有功勤。,后汉书
復留为,拟补_待审,N,N,,,4,0,后汉书,卷60下.txt,遷巴郡太守，復留為侍中。,后汉书
心計为,拟补_待审,N,N,,,4,0,后汉书,卷60下.txt,桑弘羊，洛陽賈人也，以能心計為侍中。,后汉书
悅迁爲,拟补_待审,N,N,,,4,0,全后汉文,卷六十七.txt,會悅遷爲侍中，其五年書成，乃奏記-{云}-。,全后汉文;前汉纪
成帝时,拟补_待审,N,N,,,4,4,汉书,第四十章-霍光金日磾传.txt,成帝时为侍中、骑都尉，领三辅胡、越骑。,汉书
所以禁,拟补_待审,N,N,,,4,0,后汉书,卷63.txt,又詔書所以禁侍中尚書中臣子弟不得為吏察孝廉者，以其秉威權，容請托故也。,后汉书
拜子爲,拟补_待审,N,N,,,4,0,汉书,卷068.txt,臨敞病困，拜子爲侍中，以此車送，欲敞見其榮寵也。,汉书
拜涉爲,拟补_待审,N,N,,,4,0,汉书,卷068.txt,」）敞子涉本爲左曹，上拜涉爲侍中，使待幸綠車載送衞尉舍。,汉书
擢莽从,拟补_待审,N,N,,,4,0,汉书,卷098.txt,故曲陽侯根薦莽以自代，上亦以為莽有忠直節，遂擢莽從侍中騎都尉光祿大夫為大司馬。,汉书
擢酺为,拟补_待审,N,N,,,4,0,后汉书,卷45.txt,及肅宗即位，擢酺為侍中、虎賁中郎將。,后汉书
方致位,拟补_待审,N,N,,,4,0,后汉书,卷25.txt,會詔百官舉賢良方正，恭薦中牟名士王方，帝即徵方詣公車，禮之與公卿所舉同，方致位侍中。,后汉书
时子寻,拟补_待审,N,N,,,4,4,汉书,第七十六章-王莽传中.txt,时子寻为侍中京兆大君茂德侯，即作符命，言新室当分陕，立二伯，以丰为右伯，太傅平晏为左伯，如周、召故事。,汉书
时子尋,拟补_待审,N,N,,,4,0,汉书,卷099中.txt,時子尋為侍中京兆大尹茂德侯，即作符命，言新室當分陝，立二伯，以豐為右伯，太傅平晏為左伯，如周召故事。,汉书
时統,拟补_待审,N,N,,,4,0,后汉书,卷30上.txt,時統為侍中，厚隨在京師。,后汉书
时統为,拟补_待审,N,N,,,4,0,后汉书,卷30上.txt,時統為侍中，厚隨在京師。,后汉书
时统,拟补_待审,N,N,,,4,4,后汉书,第二十一章-苏竟杨厚列传上.txt,时统为侍中，厚随在京师。,后汉书
时统为,拟补_待审,N,N,,,4,0,后汉书,第二十一章-苏竟杨厚列传上.txt,时统为侍中，厚随在京师。,后汉书
昌安,拟补_待审,N,N,,,4,0,后汉书,卷10下.txt,）適昌安侯侍中鄧蕃。,后汉书
曹操杀,拟补_待审,N,N,,,4,0,后汉书,卷9.txt,曹操殺侍中臺崇、尚書馮碩等。,后汉书
有秩者,拟补_待审,N,N,,,4,0,后汉书,卷120.txt,而有秩者侍中、中常侍、光祿大夫秩皆二千石，太中大夫秩皆比二千石，尚書、諫議大夫、侍御史、博士皆六百石，議郎、中謁者秩皆比六百石，小黃門、黃門侍郎、中黃門秩皆比四百石，郎中秩皆比三百石，太子舍人秩二百石。,后汉书
未即行,拟补_待审,N,N,,,4,0,三国志,卷31.txt,議未即行，侍中廣漢董扶私謂焉曰：「京師將亂，益州分野有天子氣。,三国志
朱展,已在库,Y,Y,P0101,东汉,4,4,后汉书,卷9.txt,）步兵校尉魏桀、侍中朱展、射聲校尉沮儁。,后汉书
李儒爲,拟补_待审,N,N,,,4,0,全后汉文,卷八.txt,（注：《後漢紀》二十七︰「李傕舉博士李儒爲侍中，詔曰云云。,全后汉文;后汉纪
李诸,拟补_待审,N,N,,,4,0,汉书,卷100上.txt,入侍禁中，設宴飲之會，及趙、李諸侍中皆引滿舉白，談笑大噱。,汉书
杨定請,拟补_待审,N,N,,,4,0,全后汉文,卷八.txt,）===報楊定請侍中尹忠爲長史詔（注：八月）===侍中近侍，就非其宜，必爲關東所笑。,全后汉文;后汉纪
王凤为,拟补_待审,N,N,,,4,0,汉书,卷019.txt,」）||||陽平侯王鳳為侍中衞尉，三年遷。,汉书
王能为,拟补_待审,N,N,,,4,0,汉书,卷019.txt,衞尉王能為侍中光祿勳，二年貶為弘農，坐呂寬自殺。,汉书
皆失色,拟补_待审,N,N,,,4,0,汉书,卷077.txt,」時大臣皆失色，侍中奉車都尉甄邯即時承制罷議者。,汉书
皇后弟,拟补_待审,N,N,,,4,0,后汉书,卷46.txt,皇后弟侍中竇憲，薦真定令張林為尚書，帝以問壟，壟對「林雖有才能，而素行貪濁」，憲以此深恨壟。,后汉书
种輯素,拟补_待审,N,N,,,4,0,后汉书,卷72.txt,侍中种輯素與定親，乃言曰：『段煨欲反。,后汉书;后汉纪
空郑冲,拟补_待审,N,N,,,4,0,三国志,卷04.txt,九月庚子，講尚書業終，賜執經親授者司空鄭冲、侍中鄭小同等各有差。,三国志
算用事,拟补_待审,N,N,,,4,0,史记,卷030.txt,桑弘羊以計算用事，侍中。,史记
經者充,拟补_待审,N,N,,,4,0,全后汉文,卷三十四.txt,}}漢成帝取明經者充侍中，使辟百官公卿，參議可正爲止殿，行則負璽。,全后汉文
綜並为,拟补_待审,N,N,,,4,0,三国志,卷62.txt,權下都建業，詳、綜並為侍中，進封鄉侯，兼左、右領軍。,三国志
群转为,拟补_待审,N,N,,,4,0,三国志,第二十二章-桓二陈徐卫卢传.txt,群转为侍中，领丞相东西曹掾。,三国志
能心計,拟补_待审,N,N,,,4,4,后汉书,卷60下.txt,桑弘羊，洛陽賈人也，以能心計為侍中。,后汉书
荀勗,拟补_待审,N,N,,,4,4,三国志,卷48.txt,」旣至，車騎將軍賈充、尚書令裴秀、侍中荀勗等欲傲以所不知而不能屈。,三国志
荀顗,已在库,Y,Y,P0169,魏_晋,4,4,三国志,卷04.txt,（注：《魏氏春秋》曰：二月丙辰，帝宴羣臣於太極東堂，與侍中荀顗、尚書崔贊、袁亮、鍾毓、給事中中書令虞松等並講述禮典，遂言帝王優劣之差。,三国志
莽秉政,拟补_待审,N,N,,,4,0,后汉书,卷116.txt,王莽秉政，侍中復入，與中官共止。,后汉书
许允,已在库,Y,Y,P0178,魏,4,2,三国志,卷09.txt,侍中許允、尚書陳泰說爽，使早自歸罪。,三国志
诸葛瞻,已在库,Y,Y,P0183,蜀汉,4,2,三国志,卷43.txt,侍中諸葛瞻，丞相亮之子，恪從弟也。,三国志
谢惲,已在库,Y,Y,P0185,东汉,4,2,后汉书,卷5.txt,辛卯，大將軍耿寶、中常侍樊豐、侍中謝惲、周廣、乳母野王君王聖，坐相阿黨，豐、惲、廣下獄死，寶自殺，聖徙鴈門。,后汉书
賁赫自,拟补_待审,N,N,,,4,0,史记,卷091.txt,布所幸姬疾，請就醫，醫家與中大夫賁赫對門，姬數如醫家，賁赫自以為侍中，乃厚餽遺，從姬飲醫家。,史记
賓婚为,拟补_待审,N,N,,,4,0,汉书,卷026.txt,四年，故大將軍霍光夫人顯、將軍霍禹、范明友、奉車霍山及諸昆弟賓婚為侍中、諸曹、九卿、郡守皆謀反，咸伏其辜。,汉书
質已人,拟补_待审,N,N,,,4,4,三国志,卷62.txt,”}}此文既流行，而質已人為侍中矣。,三国志
质已入,拟补_待审,N,N,,,4,4,三国志,第十七章-是仪胡综传.txt,”此文既流行，而质已入为侍中矣。,三国志
贲赫自,拟补_待审,N,N,,,4,0,史记,第三十一章-黥布列传.txt,布所幸姬疾，请就医，医家与中大夫贲赫对门，姬数如医家，贲赫自以为侍中，乃厚餽遗，从姬饮医家。,史记
贾建,已在库,Y,Y,P0190,东汉,4,2,后汉书,卷10下.txt,）適即墨侯侍中賈建。,后汉书
赵高常,拟补_待审,N,N,,,4,0,史记,卷087.txt,趙高常侍中用事，事皆決於趙高。,史记
迁诸曹,拟补_待审,N,N,,,4,0,汉书,卷068.txt,還，復過焉，迺將光西至長安，時年十餘歲，任光爲郎，稍遷諸曹侍中。,汉书
逮后弟,拟补_待审,N,N,,,4,0,后汉书,卷28上.txt,後賢果風太醫令真欽，使求傅氏罪過，遂逮后弟侍中喜，詔獄無所得，乃解，故傅氏終全於哀帝之時。,后汉书
適逢许,拟补_待审,N,N,,,4,0,汉书,卷077.txt,-{豐}-案劾章，欲奏其事，適逢許侍中私出，-{豐}-駐車舉節詔章曰：「下！,汉书
邓蕃,已在库,Y,Y,P0203,东汉,4,2,后汉书,卷10下.txt,）適昌安侯侍中鄧蕃。,后汉书
邕前坐,拟补_待审,N,N,,,4,0,全后汉文,卷七十二.txt,蔡邕前坐侍中西北，近公卿，與光、晃相難問是非焉。,全后汉文;后汉书
郑小同,已在库,Y,Y,P0208,魏,4,2,三国志,卷04.txt,九月庚子，講尚書業終，賜執經親授者司空鄭冲、侍中鄭小同等各有差。,三国志
郭攸,已在库,N,Y,,,4,4,三国志,卷39.txt,上疏曰：「侍中郭攸之、費禕、侍郎董允等，先帝簡拔以遺陛下，至於斟酌規益，進盡忠言，則其任也。,三国志
金涉,已在库,Y,Y,P0222,西汉,4,4,汉书,卷099上.txt,久之，叔父成都侯商上書，願分戶邑以封莽，及長樂少府戴崇、侍中金涉、胡騎校尉箕閎、上谷都尉陽並、中郎陳湯，皆當世名士，咸為莽言，上由是賢莽。,汉书
长史,拟补_待审,N,N,,,4,0,全后汉文,卷七十七.txt,司隸校尉察茂材，太尉（注：公車舉）有道，徵（注：拜議郎、司徒）長史、侍中。,全后汉文;隶释
长子,拟补_待审,N,N,,,4,0,后汉书,卷66.txt,長子侍中蓋、次子景、定及宗族十餘人皆見誅害，唯兄子晨、陵得脫歸鄉里。,后汉书
閎兄弟,拟补_待审,N,N,,,4,0,汉书,卷093.txt,後上置酒麒麟殿，賢父子親屬宴飲，王閎兄弟侍中、中常侍皆在側。,汉书
韩說,拟补_待审,N,N,,,4,0,全后汉文,卷八十一.txt,===平議馮恂宗誠厤術===侍中韓說、博士蔡較、穀城門𠊱劉洪、右郎中陳調于太常府，覆校注說，平議難問，恂、誠各對。,全后汉文;后汉书
丁沖,拟补_待审,N,N,,,3,3,后汉书,卷72.txt,封衞將軍董承、輔國將軍伏完、侍中丁沖、种輯、尚書僕射鍾繇、尚書郭溥、御史中丞董芬、彭城相劉艾、馮翊韓斌、東郡太守楊衆、議郎羅邵、伏德、趙蕤為列侯，賞有功也。,后汉书
丁鴻,拟补_待审,N,N,,,3,3,全后汉文,卷三十一.txt,侍中丁鴻，仁而有讓，達于從政；,全后汉文
三迁爲,拟补_待审,N,N,,,3,0,后汉书,卷37.txt,【永初元年】，入授安帝，三遷爲侍中步兵校尉。,后汉书
上留拜,拟补_待审,N,N,,,3,0,三国志,卷06.txt,後遷巴東太守，卓上留拜侍中，至長安爲左中郎將。,三国志
与两师,拟补_待审,N,N,,,3,0,汉书,第七十八章-叙传上.txt,”是时，许商为少府，师丹为光禄大夫，上于是引商、丹入为光禄勋，伯迁水衡都尉，与两师并侍中，皆秩中二千石。,汉书
与兩師,拟补_待审,N,N,,,3,0,汉书,卷100上.txt,」是時許商為少府，師丹為光祿勳，上於是引商、丹入為光祿大夫，伯遷水衡都尉，與兩師並侍中，皆秩中二千石。,汉书
为诸曹,拟补_待审,N,N,,,3,0,汉书,第五十四章-王商史丹傅喜传.txt,繇是擢为诸曹、侍中、中郎将。,汉书
九月戊,拟补_待审,N,N,,,3,0,汉书,卷019.txt,九月戊子，侍中衞尉王接為大司馬車騎將軍。,前汉纪;汉书
书留补,拟补_待审,N,N,,,3,0,三国志,卷21.txt,太和中，誕爲武都太守，以能書留補侍中，魏氏寶器銘題皆誕書云。,三国志
书馮碩,拟补_待审,N,N,,,3,0,后汉书,卷72.txt,（注：袁宏紀曰：「誅議郎侯祈、尚書馮碩、侍中臺崇，討有罪也。,后汉书;后汉纪
二年迁,拟补_待审,N,N,,,3,0,汉书,卷019.txt,||少府師丹為光祿勳，二年遷侍中光祿大夫。,汉书
仕魏至,拟补_待审,N,N,,,3,0,后汉书,卷64.txt,注[六]魏志曰：「毓字子家，十歲而孤，以學行稱，仕魏至侍中、吏部尚書。,后汉书
任並爲,拟补_待审,N,N,,,3,0,汉书,卷082.txt,有子男女二十人，九男皆以丹任並爲侍中、諸曹，親近在左右。,汉书
任芝,已在库,Y,Y,P0006,东汉,3,3,后汉书,第四十七章-杨震列传.txt,书奏，帝欲止，以问侍中任芝、中常侍乐松。,后汉书
伍瓊,拟补_待审,N,N,,,3,3,后汉书,卷70.txt,公業等與侍中伍瓊、卓長史何顒共說卓，以袁紹爲勃海太守，以發山東之謀。,后汉书
何顒,拟补_待审,N,N,,,3,0,三国志,卷10.txt,攸與議郎鄭泰、何顒、侍中-{种}-輯、越騎校尉伍瓊等謀曰：「董卓無道，甚-{於}-桀紂，天下皆怨之，雖資彊兵，實一匹夫耳。,三国志;后汉纪
使持節,拟补_待审,N,N,,,3,0,后汉书,卷70.txt,使持節侍中守尚書令萬歲亭侯彧，國之望臣，德洽華夏，旣停軍所次，便宜與臣俱進，宣示國命，威懷醜虜。,后汉书
使持节,拟补_待审,N,N,,,3,0,后汉书,第六十四章-郑孔荀列传.txt,使持节侍中守尚书令万岁亭侯彧，国之重臣，德洽华夏，既停军所次，便宜与臣俱进，宣示国命，威怀丑虏。,后汉书
允乃奏,拟补_待审,N,N,,,3,0,后汉书,卷9.txt,獻帝起居注曰：「自誅黃門後，侍中、侍郎出入禁中，機事頗露，由是王允乃奏侍中、黃門不得出入。,后汉书
光中爲,拟补_待审,N,N,,,3,0,后汉书,卷34.txt,棠卒，子安國嗣，延光中爲侍中，有罪免官，諸梁爲郎吏者皆坐免。,后汉书
入說教,拟补_待审,N,N,,,3,0,汉书,卷088.txt,待詔黃門數入說教侍中，以召賀。,汉书
入说教,拟补_待审,N,N,,,3,0,汉书,第六十一章-儒林传.txt,待诏黄门数入说教侍中，以召贺。,汉书
军得官,拟补_待审,N,N,,,3,0,史记,卷020.txt,以隴西騎士從軍得官，侍中，事武帝。,史记
军故貴,拟补_待审,N,N,,,3,0,史记,卷020.txt,以父桀為將軍故貴，侍中，事昭帝。,史记
军綝为,拟补_待审,N,N,,,3,0,三国志,第三章-三嗣主传.txt,九月丁亥，峻卒，以从弟偏将军綝为侍中、武卫将军，领中外诸军事，召还据等。,三国志
军綝爲,拟补_待审,N,N,,,3,0,三国志,卷48.txt,九月丁亥，峻卒，以從弟偏將軍綝爲侍中、武衞將軍，領中外諸軍事，召還據等。,三国志
军都尉,拟补_待审,N,N,,,3,0,史记,卷020.txt,數將兵擊匈奴有功，為護軍都尉，侍中，事昭帝。,史记
刘晔,已在库,Y,Y,P0032,汉魏之际,3,3,三国志,第二十五章-辛毗杨阜高堂隆传.txt,文帝问侍中刘晔等：“武都太守何如人也？,三国志;魏书
刘瞻,拟补_待审,N,N,,,3,0,后汉书,卷94.txt,給事黃門侍郎劉瞻兼侍中，假貂蟬加濟北王，給之。,后汉书
初中为,拟补_待审,N,N,,,3,0,三国志,第二十一章-王卫二刘傅传.txt,伯父巽，黄初中为侍中尚书。,三国志
制問難,拟补_待审,N,N,,,3,0,后汉书,卷37.txt,）使五官中郎將魏應主承制問難，侍中淳于恭奏上，帝親稱制臨決。,后汉书;東观汉记
助俱幸,拟补_待审,N,N,,,3,0,史记,第六十二章-酷吏列传.txt,庄助使人言买臣，买臣以楚辞与助俱幸，侍中，为太中大夫，用事；,史记
助倶幸,拟补_待审,N,N,,,3,0,史记,卷122.txt,莊助使人言買臣，買臣以楚辭與助倶幸，侍中，爲太中大夫，用事；,史记
又南宫,拟补_待审,N,N,,,3,0,后汉书,卷60下.txt,』」又南宮侍中寺，雌雞欲化為雄，一身毛皆似雄，但頭冠尚未變。,后汉书
受害节,拟补_待审,N,N,,,3,0,后汉书,第四十九章-张王种陈列传.txt,今曹节等放纵为害，而久在左右，又公兄侍中受害节等，永乐太后所亲知也。,后汉书
史入登,拟补_待审,N,N,,,3,0,隶释,卷011.txt,司隷(闕)茂大尉舉有道公車徴拜議郎¶司徒長史入登侍中宣顧問延熹八年地震有詔¶詢異公㠯演沉漸對當帝心轉拜尚書齊宻機喉¶¶¶禄勲先是時也狂寇張角(字闕二)妭&KR0647;,隶释;集古录
史蔣琬,拟补_待审,N,N,,,3,0,三国志,卷39.txt,諸葛亮與長史蔣琬、侍中董允書曰：「孝起前臨至吳，為吾說正方腹中有鱗甲，鄉黨以為不可近。,三国志
司中,拟补_待审,N,N,,,3,3,全后汉文,卷五十六.txt,侍中司中，敢告執矩。,全后汉文
司马令,拟补_待审,N,N,,,3,0,全后汉文,卷四十五.txt,遷公車司馬令、侍中，遂相河閒，政㠯禮成，民是用思。,全后汉文
名而爲,拟补_待审,N,N,,,3,0,后汉书,卷34.txt,冒名而爲侍中、卿、校尉、郡守、長吏者十餘人，皆貪叨凶淫，各遣私客籍屬縣富人，被以它罪，閉獄掠拷，使出錢自贖，資物少者至於死徙。,后汉书
后父,拟补_待审,N,N,,,3,0,后汉书,第十二章-皇后纪下.txt,三年，以后父侍中畅为长水校尉，封北宜春侯，食邑五千户。,后汉书;本纪
周珌,拟补_待审,N,N,,,3,3,后汉书,卷74上.txt,時侍中周珌、城門校尉伍瓊為卓所信待，瓊等陰為紹說卓曰：「夫廢立大事，非常人所及。,后汉书
和初爲,拟补_待审,N,N,,,3,0,全汉文,卷六十.txt,綏和初爲侍中太僕，位特進，㠯病免。,全汉文
四迁为,拟补_待审,N,N,,,3,0,后汉书,第二十八章:郑范陈贾张列传,后征，四迁为侍中。,后汉书
四迁爲,拟补_待审,N,N,,,3,0,后汉书,卷36.txt,-{後}--{征}-，四遷爲侍中。,全后汉文;后汉书
处卿校,拟补_待审,N,N,,,3,0,全后汉文,卷九十九.txt,寿张侯以功德加位特进，其次并以高声处卿校，侍中、尚书，据州典郡，不可胜载，为天下著性。,全后汉文
天子飲,拟补_待审,N,N,,,3,0,三国志,卷06.txt,諸將或遣婢詣省閤，或自齎酒啖，過天子飲，侍中不通，喧呼罵詈，遂不能止。,三国志
太后从,拟补_待审,N,N,,,3,0,全汉文,卷四十三.txt,時太后從子侍中音獨側聽，具知章言㠯語鳳。,全汉文
夺喪服,拟补_待审,N,N,,,3,0,三国志,卷09.txt,帝使侍中夺喪服，使饮酒食肉，休受詔而形体益憔悴。,三国志
子举爲,拟补_待审,N,N,,,3,0,后汉书,卷10上.txt,）子舉爲侍中，兼射聲校尉。,后汉书
子拜嵩,拟补_待审,N,N,,,3,0,三国志,卷06.txt,」表遂使之，果如所言，天子拜嵩侍中，遷零陵太守，還稱朝廷、曹公之德也。,三国志
宗亲,拟补_待审,N,N,,,3,0,后汉书,卷102.txt,癸亥，皇后邓氏坐执左道废，迁于桐宫死，宗亲侍中沘阳侯邓康、河南尹邓万、越骑校尉邓弼、虎贲中郎将安阳侯邓会、侍中监羽林左骑邓德、右骑邓寿、昆阳侯邓统、淯阳侯邓秉、议郎邓循皆系暴室，万、会死，康等免官。,后汉书
客千万,拟补_待审,N,N,,,3,0,汉书,第七十七章-王莽传下.txt,因赐治庙者司徒、大司空饯客千万，侍中、中常侍以下皆封。,汉书
州刺史,拟补_待审,N,N,,,3,0,后汉书,第六十六章-董卓列传.txt,以尚书韩馥为冀州刺史，侍中刘岱为兗州刺史，陈留孔亻由为豫州刺史，颍川张咨为南阳太守。,列传;后汉书
布外属,拟补_待审,N,N,,,3,0,汉书,卷075.txt,時，平昌侯王臨以宣布外屬侍中，稱詔欲從奉學其術。,汉书
师公歆,拟补_待审,N,N,,,3,0,汉书,第七十六章-王莽传中.txt,寻随方士入华山，岁余捕得，辞连国师公歆子侍中东通灵将、五司大夫隆威侯棻，棻弟右曹长水校尉伐虏侯泳，大司空邑弟左关将军掌威侯奇，及歆门人侍中骑都尉丁隆等，牵引公卿党亲列侯以下，死者数百人。,汉书
帝外属,拟补_待审,N,N,,,3,0,汉书,第四十七章-眭两夏侯京翼李传.txt,时，平昌侯王临以宣帝外属侍中，称诏欲从奉学其术。,汉书
常伯任,拟补_待审,N,N,,,3,0,全后汉文,卷三十四.txt,）侍中，周成王常伯任侍中，殿下稱制，出卽陪乘，佩璽抱劒。,全后汉文
常洽,已在库,Y,Y,P0076,东汉,3,3,三国志,卷06.txt,帝聞溫與傕書，問侍中常洽曰：「傕弗知臧否，溫言太切，可爲寒心。,三国志
平原相,拟补_待审,N,N,,,3,0,三国志,卷22.txt,纪历位平原相、侍中、大鸿胪，著书数十篇，世谓之陈子。,三国志
平間,拟补_待审,N,N,,,3,3,后汉书,卷35.txt,純少襲爵士，哀、平間為侍中，王莽時至列卿。,后汉书
平間为,拟补_待审,N,N,,,3,0,后汉书,卷35.txt,純少襲爵士，哀、平間為侍中，王莽時至列卿。,后汉书
平间,拟补_待审,N,N,,,3,3,后汉书,第二十七章-张曹郑列传.txt,纯少袭爵士，哀、平间为侍中，王莽时至列卿。,后汉书
平间为,拟补_待审,N,N,,,3,0,后汉书,第二十七章-张曹郑列传.txt,纯少袭爵士，哀、平间为侍中，王莽时至列卿。,后汉书
康为,拟补_待审,N,N,,,3,0,后汉书,第十四章-马援列传.txt,永元二年，光为太仆，康为侍中。,后汉书
庾峻,已在库,Y,Y,P0077,晋,3,3,三国志,卷48.txt,（注：吳平後，晉侍中庾峻等問皓侍中李仁曰：「聞吳主披人面，刖人足，有諸乎？,三国志
张辟强,拟补_待审,N,N,,,3,3,汉书,第七十二章-外戚传上.txt,留侯子张辟强为侍中，年十五，谓丞相陈平曰：“太后独有帝，今哭而不悲，君知其解未？,汉书
彧为汉,拟补_待审,N,N,,,3,0,三国志,第十章-荀彧攸贾诩传.txt,天子拜太祖大将军，进彧为汉侍中，守尚书令。,三国志
彧爲汉,拟补_待审,N,N,,,3,0,三国志,卷10.txt,天子拜太祖大將軍，進彧爲漢侍中，守尚書令。,三国志
征还拜,拟补_待审,N,N,,,3,0,全后汉文,卷六十四.txt,徵還拜侍中，轉執金吾、河南尹。,全后汉文
復入爲,拟补_待审,N,N,,,3,0,全后汉文,卷五十一.txt,帝崩，後復入爲侍中，領衞尉，從獻帝西遷。,全后汉文
復加恩,拟补_待审,N,N,,,3,0,三国志,卷64.txt,鞏其有變，數加賞賜，又復加恩侍中，與綝分省文書。,三国志
护礼仪,拟补_待审,N,N,,,3,0,后汉书,第四十八章-章帝八王列传.txt,又遣中常侍奉太牢祠典，护礼仪侍中刘珍等及宗室列侯皆往会事。,列传;后汉书
故昭帝,拟补_待审,N,N,,,3,0,汉书,卷068.txt,令故昭帝侍中中臣侍守王。,汉书
文帝問,拟补_待审,N,N,,,3,0,三国志,卷25.txt,文帝問侍中劉曄等：「武都太守何如人也？,三国志
文帝问,拟补_待审,N,N,,,3,0,三国志,第二十五章-辛毗杨阜高堂隆传.txt,文帝问侍中刘晔等：“武都太守何如人也？,三国志;魏书
旣忝位,拟补_待审,N,N,,,3,0,全后汉文,卷五十一.txt,今瓌無他功德，但㠯配阿母女，旣忝位侍中，一時之閒，超至封矦，不稽舊制，不合經義，行人諠譁，百寮不安。,全后汉文
时有称,拟补_待审,N,N,,,3,0,后汉纪,卷006.txt,校尉鮑永奏良大不¶敬良尊重莫貳上雖不從而羣臣嚴憚焉永辟平陵¶¶人鮑恢爲都官從事恢亦抗直不避強禦詔曰貴戚¶且歛手以避二鮑其見重如此永字君長上黨屯留¶人父宣守正不虧爲王莽所誅莽欲滅其子孫上黨¶都尉路平承㫖欲害永太守苟諌嘉宣忠節置永府¶中護全之永數爲諫陳安漢室禽姧臣之策諌戒永¶曰機事不密則害生禍倚人門㑹諌喪路平復收永¶弟升㑹新太守趙興至歎曰我受漢茅土不能致身¶立節鮑宣之死豈可害其子邪勑縣出升復召永爲¶功,后汉纪;東观汉记
是行也,拟补_待审,N,N,,,3,0,三国志,卷01.txt,（注：是行也，侍中王粲作五言詩以美其事，曰：「從軍有苦樂，但問所從誰。,三国志
有矯称,拟补_待审,N,N,,,3,0,后汉书,卷29.txt,時，有矯稱侍中止傳舍者，興欲謁之。,后汉书
朝臣会,拟补_待审,N,N,,,3,0,后汉书,卷95.txt,夜漏上水，朝臣會，侍中、尚書、御史、謁者、虎賁、羽林郎將執事，皆赤幘陛□。,后汉书
李仁,已在库,Y,Y,P0102,吴,3,3,三国志,卷48.txt,（注：吳平後，晉侍中庾峻等問皓侍中李仁曰：「聞吳主披人面，刖人足，有諸乎？,三国志
李禎,拟补_待审,N,N,,,3,3,三国志,卷06.txt,侍中李禎，傕州里，素與傕通，語傕「所以持刀者，軍中不可不爾，此國家故事」。,三国志
杜輔,拟补_待审,N,N,,,3,3,汉书,卷098.txt,皇-{后}-使侍中杜輔、掖庭令濁賢交送政君太子宮，見丙殿。,汉书
校尉見,拟补_待审,N,N,,,3,0,后汉书,卷116.txt,司隸校尉見侍中，執板揖，河南尹亦如之。,后汉书
欲以为,拟补_待审,N,N,,,3,0,汉书,第六十六章-佞幸传.txt,天子召见，欲以为侍中，逡请间言事。,汉书
欲以爲,拟补_待审,N,N,,,3,0,汉书,卷093.txt,天子召見，欲以爲侍中，逡請間言事。,汉书
欲诛植,拟补_待审,N,N,,,3,0,三国志,卷06.txt,」卓怒，罷坐，欲誅植，侍中蔡邕勸之，得免。,三国志
母家貴,拟补_待审,N,N,,,3,0,史记,卷020.txt,以宣帝大母家貴，侍中，重厚忠信。,史记
汉歸义,拟补_待审,N,N,,,3,0,史记,卷020.txt,|金翁叔名日磾，以匈奴休屠王太子從渾邪王將眾五萬，降漢歸義，侍中，事武帝，覺捕侍中謀反者馬何羅等功侯，三千戶。,史记
爲列矦,拟补_待审,N,N,,,3,0,全汉文,卷五十六.txt,及根兄子成都矦況幸得㠯外親繼父爲列矦侍中，不思報厚恩，亦聘取故掖庭貴人㠯爲妻，皆無人臣禮，大不敬不道。,全汉文
爲卫尉,拟补_待审,N,N,,,3,0,汉书,卷082.txt,是時，太子長舅陽平侯王鳳爲衛尉、侍中，與皇后、太子皆憂，不知所出。,汉书
爲诸曹,拟补_待审,N,N,,,3,0,汉书,卷082.txt,繇是擢爲諸曹、侍中、中郎將。,汉书
爲长史,拟补_待审,N,N,,,3,0,三国志,卷23.txt,晉元帝爲安東將軍，郃爲長史，侍中王曠與司馬越書曰：「裴郃在此，雖不治事，然識量弘淹，此下人士大敬附之。,三国志
王曠,拟补_待审,N,N,,,3,3,三国志,卷23.txt,晉元帝爲安東將軍，郃爲長史，侍中王曠與司馬越書曰：「裴郃在此，雖不治事，然識量弘淹，此下人士大敬附之。,三国志
王辅,已在库,Y,Y,P0150,东汉,3,3,后汉书,第七章-孝顺孝冲孝质帝纪.txt,深恐在所慢违'如在'之义，今遣侍中王辅等，持节分诣岱山、东海、荥阳、河、洛，尽心祈焉。,后汉书;本纪
皇帝问,拟补_待审,N,N,,,3,0,汉书,第四十章-霍光金日磾传.txt,为书曰：“皇帝问侍中君卿：使中御府令高昌奉黄金千斤，赐君卿取十妻。,传;汉书
相知,拟补_待审,N,N,,,3,3,全汉文,卷十三.txt,）==與侍中從弟安國書==臧報侍中相知，忿俗儒淫辭冒義，有意欲校亂反正，由來久矣。,全汉文
神以授,拟补_待审,N,N,,,3,0,三国志,卷01.txt,受胙納神以授侍中，此爲敬恭不終實也，古者親執祭事，故吾親納于神，終抱而歸也。,三国志
秦置,拟补_待审,N,N,,,3,0,全后汉文,卷三十四.txt,）漢因秦置侍中舍人。,全后汉文
秺金賞,拟补_待审,N,N,,,3,0,汉书,卷019.txt,|秺侯金賞為侍中太僕，七年遷。,汉书
符命,拟补_待审,N,N,,,3,0,三国志,卷02.txt,」相國華歆、太尉賈詡、御史大夫王朗及九卿上言曰：「臣等被召到，伏見太史丞許芝、左中郎將李伏所上圖讖、符命，侍中劉廙等宣叙衆心，人靈同謀。,三国志
等問皓,拟补_待审,N,N,,,3,0,三国志,卷48.txt,（注：吳平後，晉侍中庾峻等問皓侍中李仁曰：「聞吳主披人面，刖人足，有諸乎？,三国志
终为,拟补_待审,N,N,,,3,0,后汉书,第四章-宗室四王三侯列传.txt,更始立，歙从入关，封为元氏王，终为侍中。,后汉书
综并为,拟补_待审,N,N,,,3,0,三国志,第十七章-是仪胡综传.txt,权下都建业，详、综并为侍中，进封乡侯，兼左右领军。,三国志
羣转爲,拟补_待审,N,N,,,3,0,三国志,卷22.txt,羣转爲侍中，领丞相东西曹掾。,三国志
能书留,拟补_待审,N,N,,,3,0,三国志,卷21.txt,太和中，誕爲武都太守，以能書留補侍中，魏氏寶器銘題皆誕書云。,三国志
至少府,拟补_待审,N,N,,,3,0,三国志,卷12.txt,{{*|《魏書》曰：信父丹，官至少府侍中，世以儒雅顯。,三国志
至御史,拟补_待审,N,N,,,3,0,后汉书,卷116.txt,自侍中至御史，皆以文属焉。,后汉书
行合兄,拟补_待审,N,N,,,3,0,后汉书,卷56.txt,一八三四頁五行合兄侍中儵按：殿本「儵」作「鯈」。,后汉书
袁绍也,拟补_待审,N,N,,,3,0,后汉书,第六十九章-袁绍刘表列传下.txt,初，表之结袁绍也，侍中从事邓义谏不听。,列传;后汉书
護禮仪,拟补_待审,N,N,,,3,0,后汉书,卷55.txt,又遣中常侍奉太牢祠典，護禮儀侍中劉珍等及宗室列侯皆往會事。,后汉书
貴人飲,拟补_待审,N,N,,,3,0,汉书,卷054.txt,嘗與侍中貴人飲，侵陵之，莫敢應。,汉书
贵人饮,拟补_待审,N,N,,,3,0,汉书,第二十四章-李广苏建传.txt,尝与侍中贵人饮，侵陵之，莫敢应。,汉书
践脩前,拟补_待审,N,N,,,3,0,三国志,第二章-吴主传.txt,故先遣使者犒劳，又遣尚书、侍中践脩前言，以定任子。,三国志
踐修前,拟补_待审,N,N,,,3,0,三国志,卷47.txt,故先遣使者犒勞，又遣尚書、侍中踐修前言，以定任子。,三国志
车郎御,拟补_待审,N,N,,,3,0,后汉书,卷119.txt,河南尹、執金吾、雒陽令奉引，奉車郎御，侍中參乘。,后汉书
辟强为,拟补_待审,N,N,,,3,0,汉书,第七十二章-外戚传上.txt,留侯子张辟强为侍中，年十五，谓丞相陈平曰：“太后独有帝，今哭而不悲，君知其解未？,汉书
迎荐爲,拟补_待审,N,N,,,3,0,全后汉文,卷六十七.txt,五府竝辟，司空袁逢舉有道，大將軍何進請爲從事中郎，迎薦爲侍中，皆未就。,全后汉文
适逢许,拟补_待审,N,N,,,3,0,汉书,第四十九章-盖诸葛刘郑孙毋将何传.txt,丰案劾章，欲奉其事，适逢许侍中私出，丰驻车举节诏章曰：“下！,传;汉书
通謀反,拟补_待审,N,N,,,3,0,汉书,卷006.txt,侍中僕射莽何羅與弟重合侯通謀反，侍中駙馬都尉金日磾、奉車都尉霍光、騎都尉上官桀討之。,前汉纪;汉书
邓会,拟补_待审,N,N,,,3,0,后汉书,卷102.txt,癸亥，皇后邓氏坐执左道废，迁于桐宫死，宗亲侍中沘阳侯邓康、河南尹邓万、越骑校尉邓弼、虎贲中郎将安阳侯邓会、侍中监羽林左骑邓德、右骑邓寿、昆阳侯邓统、淯阳侯邓秉、议郎邓循皆系暴室，万、会死，康等免官。,后汉书
郭举为,拟补_待审,N,N,,,3,0,后汉书,卷101.txt,三二三四頁一０行憲女弟婿郭舉為侍中射聲校尉按：竇憲傳作「憲女婿」，通鑑同，此云「憲女弟婿」，未詳孰是。,后汉书
郭举爲,拟补_待审,N,N,,,3,0,后汉书,卷101.txt,竇憲爲大將軍，憲弟笃、景等皆卿、校尉，憲女弟婿郭举爲侍中、射聲校尉，與卫尉鄧叠母元俱出入宫中，謀爲不轨。,后汉书
金賞为,拟补_待审,N,N,,,3,0,汉书,卷019.txt,|秺侯金賞為侍中太僕，七年遷。,汉书
长爲,拟补_待审,N,N,,,3,0,汉书,卷093.txt,初，長爲侍中，奉兩宮使，親密。,汉书
閭丘弘,拟补_待审,N,N,,,3,0,后汉书,卷15.txt,歷乃要結光祿勛祋諷，宗正劉瑋，將作大匠薛皓，侍中閭丘弘、陳光、趙代、施延，太中大夫朱倀、第五頡，中散大夫曹成，諫議大夫李尤，符節令張敬，持書侍御史龔調，羽林右監孔顯，城門司馬徐崇，衛尉守丞樂闈，長樂、未央廄令鄭安世等十餘人，俱詣鴻都門證太子無過。,后汉书
门不服,拟补_待审,N,N,,,3,0,三国志,卷48.txt,」黃門不服，侍中刁玄、張邠啟：「黃門、藏吏辭語不同，請付獄推盡。,三国志
闳兄弟,拟补_待审,N,N,,,3,0,汉书,第六十六章-佞幸传.txt,后上置酒麒麟殿，贤父子亲属宴饮，王闳兄弟侍中、中常侍皆在侧。,汉书
阳周珌,拟补_待审,N,N,,,3,0,后汉书,卷72.txt,乃任吏部尚書漢陽周珌、侍中汝南伍瓊、（注：《英雄記》「珌」作「毖」，字仲遠，武威人。,后汉书
陵俱为,拟补_待审,N,N,,,3,0,汉书,第二十四章-李广苏建传.txt,初，武与李陵俱为侍中，武使匈奴明年，陵降，不敢求武。,汉书
陵俱爲,拟补_待审,N,N,,,3,0,汉书,卷054.txt,初，武與李陵俱爲侍中，武使匈奴明年，陵降，不敢求武。,汉书
雜守魏,拟补_待审,N,N,,,3,0,三国志,卷30.txt,王治于賴城，魏賜其王壹多雜守魏侍中，號大都尉，受魏王印。,三国志
韋誕駮,拟补_待审,N,N,,,3,0,三国志,卷11.txt,侍中韋誕駮曰：「禮賢徵士，王政之所重也，古者考行於鄉。,三国志
黄初中,拟补_待审,N,N,,,3,3,三国志,第二十一章-王卫二刘傅传.txt,伯父巽，黄初中为侍中尚书。,三国志
一襲拜,拟补_待审,N,N,,,2,0,東观汉记,018,嘉之賜布五百匹衣一襲拜侍中領騎都尉内備帷幄¶,東观汉记
三迁至,拟补_待审,N,N,,,2,0,全后汉文,卷十一.txt,永建中，拜議郎，三遷至侍中。,全后汉文
不足採,拟补_待审,N,N,,,2,0,三国志,卷14.txt,臣言誠不足採，侍中劉曄先帝謀臣，常曰蜀不可伐。,三国志
中大夫,拟补_待审,N,N,,,2,0,全汉文,卷三十三.txt,元帝卽位，進侍中中大夫。,全汉文
为成帝,拟补_待审,N,N,,,2,0,后汉书,第二十七章:张曹郑列传,父放，为成帝侍中。,后汉书
主以问,拟补_待审,N,N,,,2,0,三国志,第十章-刘彭廖李刘魏杨传.txt,后主以问侍中董允、留府长史蒋琬，琬、允咸保仪疑延。,三国志
举伏诛,拟补_待审,N,N,,,2,0,后汉书,卷116.txt,章帝元和中，侍中郭舉與後宮通，拔佩刀驚上，舉伏誅，侍中由是復出外。,后汉书
举斐任,拟补_待审,N,N,,,2,0,三国志,21,時舉斐任侍中，並無所就。,三国志
也徴拜,拟补_待审,N,N,,,2,0,后汉纪,011,之久身所安也徴拜侍中苞性恬虗以死自乞有詔¶,后汉纪
书未報,拟补_待审,N,N,,,2,0,后汉书,卷43.txt,時齊殤王子都鄉侯暢奔吊國憂，上書未報，侍中竇憲遂令人刺殺暢於城門屯□之中，而主名不立。,后汉书
书未报,拟补_待审,N,N,,,2,0,后汉书,第三十六章-朱乐何列传.txt,时齐殇王子都乡侯暢奔吊国忧，上书未报，侍中窦宪遂令人刺杀暢于城门屯卫之中，而主名不立。,后汉书
二月庚,拟补_待审,N,N,,,2,0,汉书,卷019.txt,十二月庚子，侍中駙馬都尉董賢為大司馬衞將軍。,汉书
伍琼,已在库,Y,Y,P0007,东汉,2,2,后汉书,第六十四章-郑孔荀列传.txt,公业等与侍中伍琼、卓长史何颙共说卓，以袁绍为勃海太守，以发山东之谋。,后汉书
何並斬,拟补_待审,N,N,,,2,0,汉书,卷100下,」晉灼曰：「何並斬侍中王林卿奴，是立志也。,汉书
何颙,拟补_待审,N,N,,,2,0,三国志,第十章-荀彧攸贾诩传.txt,攸与议郎郑泰、何颙、侍中种辑、越骑校尉伍琼等谋曰：“董卓无道，甚於桀纣，天下皆怨之，虽资强兵，实一匹夫耳。,三国志
侍樊丰,拟补_待审,N,N,,,2,0,后汉书,第六章-孝安帝纪.txt,辛卯，大将军耿宝、中常侍樊丰、侍中谢惲、周广、乳母野王君王圣，坐相阿党，丰、惲、广下狱死，宝自杀，圣徙雁门。,后汉书
侍樊豐,拟补_待审,N,N,,,2,0,后汉书,卷5.txt,辛卯，大將軍耿寶、中常侍樊豐、侍中謝惲、周廣、乳母野王君王聖，坐相阿黨，豐、惲、廣下獄死，寶自殺，聖徙鴈門。,后汉书
候擢拜,拟补_待审,N,N,,,2,0,隶释,020,試博士大常丞以明氣候擢拜侍中右中郎將遷九¶,隶释
允前爲,拟补_待审,N,N,,,2,0,三国志,卷09.txt,允前爲侍中，顧當與帝別，涕泣歔欷。,三国志
元元年,拟补_待审,N,N,,,2,0,汉书,第四十章-霍光金日磾传.txt,先是，后元元年，侍中仆射莽何罗与弟重合侯通谋为逆，时，光与金日磾、上官桀等共诛之，功未录。,汉书
元和中,拟补_待审,N,N,,,2,0,后汉书,卷116.txt,章帝元和中，侍中郭舉與後宮通，拔佩刀驚上，舉伏誅，侍中由是復出外。,后汉书
先帝诏,拟补_待审,N,N,,,2,0,全后汉文,卷四十九.txt,先帝詔侍中騎都尉賈逵，修理舊文，殊蓺異術，王敎一耑，苟有可㠯加于國者，靡不悉集。,全后汉文
公九卿,拟补_待审,N,N,,,2,0,三国志,卷03.txt,三公九卿侍中尚書，天下至德，皆知非道而不敢言者，以陛下春秋方剛，心畏雷霆。,三国志
关内,拟补_待审,N,N,,,2,0,汉书,卷018.txt,」）||汝南|-|樂陵安侯史髙||以悼皇考舅子侍中關内侯與-{發}-霍氏-{姦}-，侯，二千三百戸。,汉书
军吕据,拟补_待审,N,N,,,2,0,三国志,第十九章-诸葛滕二孙濮阳传.txt,权疾困，召恪、弘及太常滕胤、将军吕据、侍中孙峻，属以后事。,三国志
军吕據,拟补_待审,N,N,,,2,0,三国志,卷64.txt,權疾困，召恪、弘及太常滕胤、將軍呂據、侍中孫峻，屬以後事。,三国志
军耿宝,拟补_待审,N,N,,,2,0,后汉书,第五章-李王邓来列传.txt,明年，中常侍樊丰与大将军耿宝、侍中周广、谢惲等共谗陷太尉杨震，震遂自杀。,后汉书
军耿寶,拟补_待审,N,N,,,2,0,后汉书,卷15.txt,明年，中常侍樊豐與大將軍耿寶、侍中周廣、謝惲等共讒陷太尉楊震，震遂自殺。,后汉书
军陈羣,拟补_待审,N,N,,,2,0,三国志,卷12.txt,』太尉锺繇、司徒華歆、镇軍大將軍陳羣、侍中辛毗、尚書卫臻、守廷尉高柔等並表『勛父信有功於太祖』，求请勛罪。,三国志
军陈群,拟补_待审,N,N,,,2,0,三国志,第十二章-崔毛徐何邢鲍司马传.txt,”太尉锺繇、司徒华歆、镇军大将军陈群、侍中辛毗、尚书卫臻、守廷尉高柔等并表”勋父信有功於太祖“，求请勋罪。,三国志
初中爲,拟补_待审,N,N,,,2,0,三国志,卷21.txt,伯父巽，黃初中爲侍中尚書。,三国志
制问难,拟补_待审,N,N,,,2,0,后汉书,第二十九章-桓荣丁鸿列传.txt,肃宗诏鸿与广平王羡及诸儒楼望、成封、桓郁、贾逵等，论定《五经》同异于北宫白虎观，使五官中郎将魏应主承制问难，侍中淳于恭奏上，帝亲称制临决。,后汉书
刺史迁,拟补_待审,N,N,,,2,0,后汉纪,027,亂之才由是徴拜議郎權爲青州刺史遷侍中尚書¶,后汉纪
十三篇,拟补_待审,N,N,,,2,0,汉书,卷030.txt,孫卿賦十篇，秦時雜賦九篇，李思孝景皇帝頌十五篇，廣川惠王越賦五篇，長沙王群臣賦三篇，魏內史賦二篇，東暆令延年賦七篇，衛士令李忠賦二篇，張偃賦二篇，賈充賦四篇，張仁賦六篇，秦充賦二篇，李步昌賦二篇，侍郎謝多賦十篇，平陽公主舍人周長孺賦二篇，雒陽錡華賦九篇，眭弘賦一篇，別栩陽賦五篇，臣昌市賦六篇，臣義賦二篇，黃門書者假史王商賦十三篇，侍中徐博賦四篇，黃門書者王廣呂嘉賦五篇，漢中都尉丞華龍賦二篇，左馮翊,汉书
升迁爲,拟补_待审,N,N,,,2,0,全后汉文,卷七十七.txt,」連表上不納，而升遷爲侍中。,全后汉文
卿列校,拟补_待审,N,N,,,2,0,全后汉文,卷八十九.txt,公卿列校，侍中尚書，皆九州之選也，而不與之從容言議，諮論古事，訪國家正事，問四海豪英，琢磨珪璧，染練金錫，何㠯昭仁心于民物，廣令聞于天下哉！,全后汉文
台崇,已在库,Y,Y,P0049,东汉,2,2,后汉书,第十章-孝献帝纪.txt,曹操杀侍中台崇、尚书冯硕等。,后汉书
史蒋琬,拟补_待审,N,N,,,2,0,三国志,第九章-董刘马陈董吕传.txt,诸葛亮与长史蒋琬、侍中董允书曰：“孝起前临至吴，为吾说正方腹中有鳞甲，乡党以为不可近。,三国志
司马望,拟补_待审,N,N,,,2,0,三国志,卷04.txt,」傅暢《晉諸公贊》曰：帝常與中護軍司馬望、侍中王沈、散騎常侍裴秀、黃門侍郎鍾會等講宴於東堂，并屬文論。,三国志
同産弟,拟补_待审,N,N,,,2,0,汉书,卷018.txt,|||-|樂成敬侯許延壽||以皇太子外祖父同産弟侍中關内侯有舊恩侯，千五百戸。,汉书
吾奉引,拟补_待审,N,N,,,2,0,后汉书,卷40上.txt,法駕，公*[卿]*不在鹵簿中，唯執金吾奉引，侍中驂乘。,后汉书
和嶠爲,拟补_待审,N,N,,,2,0,三国志,卷10.txt,臣-{松}-之案和嶠爲侍中，荀顗亡沒久矣。,三国志
和洽爲,拟补_待审,N,N,,,2,0,三国志,卷01.txt,（注：《魏氏春秋》曰：以荀攸爲尚書令，涼茂爲僕射，毛玠、崔琰、常林、徐奕、何夔爲尚書，王粲、杜襲、衞覬、和洽爲侍中。,三国志
复使向,拟补_待审,N,N,,,2,0,汉书,第十八章-艺文志.txt,会向卒，哀帝复使向子侍中奉车都尉歆卒父业。,汉书
夫復拜,拟补_待审,N,N,,,2,0,隶释,021,拜太中大夫復拜侍中屯騎校尉宗正光禄勲遂授¶,隶释
始云迁,拟补_待审,N,N,,,2,0,隶释,021,太尉傳至太中大夫始云遷侍中其前自長史入登¶,隶释
子中庶,拟补_待审,N,N,,,2,0,三国志,卷23.txt,歷位太子中庶子、侍中尚書。,三国志
子伋爲,拟补_待审,N,N,,,2,0,汉书,卷070.txt,」後皇太后同母弟苟參爲水衡都尉，死，子伋爲侍中，（注：師古曰：「伋音汲。,汉书
子璜爲,拟补_待审,N,N,,,2,0,三国志,卷06.txt,兄子璜爲侍中中軍校尉典兵；,三国志
字叔則,拟补_待审,N,N,,,2,0,三国志,卷23.txt,次楷，字叔則，侍中中書令、光祿大夫、開府。,三国志
字純嘏,拟补_待审,N,N,,,2,0,三国志,卷29.txt,子粹，字純嘏，侍中。,三国志
安中爲,拟补_待审,N,N,,,2,0,全后汉文,卷九十四.txt,）==鮑衡==:衡，建安中爲侍中。,全后汉文
安初爲,拟补_待审,N,N,,,2,0,三国志,卷01.txt,少受業於鄭玄，建安初爲侍中。,三国志
尉發覺,拟补_待审,N,N,,,2,0,汉书,卷017.txt,"==孝昭功臣表=={|class=""wikitable""style=""font-size:80%""|-!號謚姓名!!功狀戶數!!始封!!子!!孫!!曾孫!!玄孫|-|秺敬侯金日磾||以駙馬都尉發覺侍中莽何羅反侯，二千二百一十八戶。",汉书
尚书亮,拟补_待审,N,N,,,2,0,三国志,卷04,使中護軍望、兼太常河南尹肅持節，與少府袤、尚書亮、侍中表等奉法駕，迎公于元城。,三国志
尚书授,拟补_待审,N,N,,,2,0,后汉书,卷95.txt,尚書授侍中常侍迎受，報聞。,后汉书
師公歆,拟补_待审,N,N,,,2,0,汉书,卷099中.txt,尋隨方士入華山，歲餘捕得，辭連國師公歆子侍中東通靈將、五司大夫隆威侯棻，棻弟右曹長水校尉伐虜侯泳，大司空邑弟左闕將軍堂威侯奇，及歆門人侍中騎都尉丁隆等，牽引公卿黨親列侯以下，死者數百人。,汉书
常侍会,拟补_待审,N,N,,,2,0,三国志,卷02.txt,臣輒與侍中常侍會議禮儀，太史官擇吉日訖，復奏。,三国志
常在侧,拟补_待审,N,N,,,2,0,史记,第六十六章-滑稽列传.txt,诏拜以为郎，常在侧侍中。,史记
常在側,拟补_待审,N,N,,,2,0,史记,卷126.txt,詔拜以為郎，常在側侍中。,史记
常楼望,拟补_待审,N,N,,,2,0,后汉书,第七十五章-儒林列传下.txt,太常楼望、侍中承宫、长水校尉樊EA52等皆受业于恭。,后汉书
常樓望,拟补_待审,N,N,,,2,0,后汉书,卷79下.txt,太常樓望、侍中承宮、長水校尉樊儵等皆受業於恭。,后汉书
平間作,拟补_待审,N,N,,,2,0,后汉书,卷26.txt,弘少而溫順，哀、平間作侍中，王莽時為共工。,后汉书
平间作,拟补_待审,N,N,,,2,0,后汉书,第十六章-伏侯宋蔡冯赵牟韦列传.txt,弘少而温顺，哀、平间作侍中，王莽时为共工。,后汉书
幸北塢,拟补_待审,N,N,,,2,0,全后汉文,卷五十一.txt,（注：《魏志‧董卓傳》注引《獻帝起居注》︰「李傕移乘輿幸北塢，侍中楊琦上封事。,全后汉文
康爲,拟补_待审,N,N,,,2,0,后汉书,卷24.txt,永元二年，光爲太僕，康爲侍中。,后汉书
弇曾孙,拟补_待审,N,N,,,2,0,后汉书,卷10下.txt,（注：案：鄧禹玄孫少府襃尚舞陰長公主，耿弇曾孫侍中良尚濮陽長公主，岑彭玄孫魏郡守熙尚涅陽長公主，來歙玄孫虎賁中郎將定尚平氏長公主，並安帝妹也。,后汉书
引見迁,拟补_待审,N,N,,,2,0,后汉纪,009,平徵爲議郞上數引見遷侍中宗正平薦舉承宮郇¶,后汉纪
復使向,拟补_待审,N,N,,,2,0,汉书,卷030.txt,會向卒，哀帝復使向子侍中奉車都尉歆卒父業。,汉书
承制问,拟补_待审,N,N,,,2,0,后汉书,第四章-肃宗孝章帝纪.txt,"""于是下太常，将、大夫、博士、议郎、郎官及诸生、诸儒会白虎观，讲议《五经》同异，使五官中郎将魏应承制问，侍中淳于恭奏，帝亲称制临决，如孝宣甘露石渠故事，作《白虎议奏》。",后汉书
掌难问,拟补_待审,N,N,,,2,0,后汉书,第七十五章-儒林列传下.txt,时会京师诸儒于白虎观，讲论《五经》同异，使应专掌难问，侍中淳于恭奏之，帝亲临称制，如石渠故事。,后汉书
掌難問,拟补_待审,N,N,,,2,0,后汉书,卷79下.txt,時會京師諸儒於白虎觀，講論《五經》同異，使應專掌難問，侍中淳于恭奏之，帝親臨稱制，如石渠故事。,后汉书
时勑,拟补_待审,N,N,,,2,0,后汉书,卷9.txt,帝疑賦卹有虛，乃親於御坐前量試作糜，乃知非實，（注：袁宏《紀》曰：「時勑侍中劉艾取米豆五升於御前作糜，得滿三盂，於是詔《尚書》曰：『米豆五升，得糜三盂，而人委頓，何也？,后汉书
月丁酉,拟补_待审,N,N,,,2,0,汉书,卷019.txt,"|-|colspan=""15""|===孝哀===|-|建平元年||四月丁酉，侍中光祿大夫傅喜為大司馬。",汉书
月丙寅,拟补_待审,N,N,,,2,0,汉书,卷019.txt,十一月丙寅，侍中騎都尉光祿大夫王莽為大司馬。,汉书
月己未,拟补_待审,N,N,,,2,0,汉书,卷019.txt,|-|竟寧元年||六月己未，侍中衞尉王鳳為大司馬大將軍。,汉书
月癸卯,拟补_待审,N,N,,,2,0,汉书,卷019.txt,|-|二|||四月癸卯，侍中太僕王音為御史大夫，一年遷。,汉书
月癸酉,拟补_待审,N,N,,,2,0,汉书,卷019.txt,|-|黃龍元年||十二月癸酉，侍中樂陵侯史高為大司馬車騎將軍。,汉书
有矫称,拟补_待审,N,N,,,2,0,后汉书,第二十章-申屠刚鲍永郅恽列传.txt,时，有矫称侍中止传舍者，兴欲谒之。,后汉书
杜辅,已在库,Y,Y,P0111,西汉,2,2,汉书,第七十四章-元后传.txt,皇后使侍中杜辅、掖庭令浊贤交送政君太子宫，见丙殿。,汉书
桓帝妹,拟补_待审,N,N,,,2,0,后汉书,卷10下.txt,益陽公主，桓帝妹，侍中寇榮從兄子尚焉。,后汉书
楙历位,拟补_待审,N,N,,,2,0,三国志,第九章-诸夏侯曹传.txt,楙历位侍中尚书、安西镇东将军，假节。,三国志
楙歷位,拟补_待审,N,N,,,2,0,三国志,卷09.txt,楙歷位侍中尚書、安西鎮東將軍，假節。,三国志
樊丰,拟补_待审,N,N,,,2,0,后汉书,第四十七章-杨震列传.txt,时诏遣使者大为阿母修弟，中常侍樊丰及侍中周广、谢恽等更相扇动，倾摇朝廷。,后汉书
樊豐,拟补_待审,N,N,,,2,0,后汉书,卷54.txt,」時詔遣使者大為阿母修第，中常侍樊豐及侍中周廣﹑謝惲等更相扇動，傾搖朝廷。,后汉书
武帝使,拟补_待审,N,N,,,2,0,三国志,卷10.txt,-{干}-寶《晉紀》曰：武帝使侍中荀顗、和嶠倶至東宮，觀察太子。,三国志
毓宴还,拟补_待审,N,N,,,2,0,三国志,卷28.txt,』是時大將軍曹爽專朝政，日縱酒沉醉，會兄侍中毓宴還，言其事。,三国志
氏亲属,拟补_待审,N,N,,,2,0,汉书,第六十六章-佞幸传.txt,董氏亲属皆侍中诸曹奉朝请，宠在丁、傅之右矣。,汉书
氏親属,拟补_待审,N,N,,,2,0,汉书,卷093.txt,董氏親屬皆侍中諸曹奉朝請，寵在丁、傅之右矣。,汉书
爲左曹,拟补_待审,N,N,,,2,0,全后汉文,卷二十一.txt,後拜太常，轉少府，免，復爲左曹侍中。,全后汉文
爲衞尉,拟补_待审,N,N,,,2,0,全汉文,卷四十三.txt,建昭中，爲衞尉侍中。,全汉文
爲郞迁,拟补_待审,N,N,,,2,0,前汉纪,013,孟時年十餘歳因將光西入關仕光爲郞遷侍中去¶,前汉纪
牧孙竒,拟补_待审,N,N,,,2,0,隶释,021,又云震長子牧富波相牧孫竒侍中竒子亮陽成亭¶,隶释;集古录
王閎,拟补_待审,N,N,,,2,2,全汉文,卷四十三,，侍中王閎上書諫，不從。,全汉文
璩官至,拟补_待审,N,N,,,2,0,三国志,第二十一章:王卫二刘傅传,璩官至侍中。,三国志
皇后使,拟补_待审,N,N,,,2,0,汉书,第七十四章-元后传.txt,皇后使侍中杜辅、掖庭令浊贤交送政君太子宫，见丙殿。,汉书
秘书监,拟补_待审,N,N,,,2,0,后汉书,第五十六章:荀韩钟陈列传,累迁秘书监、侍中。,后汉书
稍迁爲,拟补_待审,N,N,,,2,0,三国志,卷09.txt,允刑竟復吏，出爲郡守，稍遷爲侍中尚書中領軍。,三国志
縁方称,拟补_待审,N,N,,,2,0,三国志,卷10.txt,荀勗位亞-{台}-司，不與嶠同班，無縁方稱侍中。,三国志
纪爲,拟补_待审,N,N,,,2,0,后汉书,卷53.txt,注[二]續漢志曰，征爽爲司空，融爲尚書，紀爲侍中。,后汉书
耽上选,拟补_待审,N,N,,,2,0,后汉书,卷92.txt,」太常就耽上選侍中韓說、博士蔡較、谷城門候劉洪、右郎中陳調於太常府，覆校注記，平議難問。,后汉书
耿纪,已在库,Y,Y,P0165,汉魏之际,2,2,三国志,卷16.txt,荀彧进之太祖，（注：《傅子》曰：畿自荆州还，后至许，见侍中耿纪，语终夜。,三国志
臣密参,拟补_待审,N,N,,,2,0,三国志,卷47.txt,珩還言曰：「臣密參侍中劉曄，數爲賊設奸計，終不久愨。,三国志
臧報,拟补_待审,N,N,,,2,0,全汉文,卷十三.txt,）==與侍中從弟安國書==臧報侍中相知，忿俗儒淫辭冒義，有意欲校亂反正，由來久矣。,全汉文
董允,已在库,Y,Y,P0171,蜀汉,2,2,三国志,第十章-刘彭廖李刘魏杨传.txt,后主以问侍中董允、留府长史蒋琬，琬、允咸保仪疑延。,三国志
處卿校,拟补_待审,N,N,,,2,0,隶释,卷006.txt,髙聲處卿校侍中尚書㨿州典郡&KR0263;,隶释
衞尉长,拟补_待审,N,N,,,2,0,全汉文,卷八.txt,侍中衞尉長，數白宜早止，徙家反故處。,全汉文
袁紹也,拟补_待审,N,N,,,2,0,后汉书,卷74下.txt,初，表之結袁紹也，侍中從事鄧義諫不聽。,后汉书
見其子,拟补_待审,N,N,,,2,0,汉书,卷099下.txt,王邑晝夜戰，罷極，士死傷略盡，馳入宮，間關至漸臺，見其子侍中睦解衣冠欲逃，邑叱之令還，父子共守莽。,汉书
覺捕得,拟补_待审,N,N,,,2,0,史记,卷020.txt,前事武帝，覺捕得侍中謀反者馬何羅等功侯，三千戶。,史记
覺捕斬,拟补_待审,N,N,,,2,0,史记,卷020.txt,覺捕斬侍中謀反者馬何羅弟重合侯通功侯，三千戶。,史记
见其子,拟补_待审,N,N,,,2,0,汉书,第七十七章-王莽传下.txt,王邑昼夜战，罢极，士死伤略尽，驰入宫，间关至渐台，见其子侍中睦解衣冠欲逃，邑叱之令还，父子共守莽。,汉书
议郎迁,拟补_待审,N,N,,,2,0,東观汉记,016,禮讓甚見親厚郁以永平十四年為議郎遷侍中上自¶,東观汉记
賜所幸,拟补_待审,N,N,,,2,0,全汉文,卷十三.txt,㠯一通賜所幸侍中霍光，光甚好之，言爲口實。,全汉文
賦爰登,拟补_待审,N,N,,,2,0,隶释,卷019.txt,彞倫以遝于若郯子之所習介盧之所識¶¶者网不該羅情原始要終故能學爲人英文爲辭¶宗紹羲和之顯跡系相如之遐風向若生於春秋之¶間游乎闕里之堂將同貫宰貢齊衡游夏豈值取足¶於身中名於一涂㢤是以先生恒屈於不知已仕¶居下位再爲史官而發應間之論時不容道遂興思¶玄之賦爰登侍中則黨言允諧出相河間則黎民時¶雝庸渠限其所至哉若夫巡狩誥頌所以陳主徳¶二亰南都所以賛羙畿輦者與雅頌爭流英英乎其¶有味與若又造事屬辭因物興(闕)下筆,隶释
輿车前,拟补_待审,N,N,,,2,0,后汉书,卷72.txt,傕兵數百人皆持大戟在乘輿車前，侍中劉艾大呼云：『是天子也！,后汉书
车左右,拟补_待审,N,N,,,2,0,三国志,卷06.txt,傕兵數百人皆持大戟在乘輿車左右，侍中劉艾大呼云：「是天子也。,三国志
通谋反,拟补_待审,N,N,,,2,0,汉书,第七章-武帝纪.txt,侍中仆射莽河罗与弟重合侯通谋反，侍中驸马都尉金日磾、奉车都尉霍光、骑都尉上官桀讨之。,汉书
郎稍迁,拟补_待审,N,N,,,2,0,東观汉记,017,憲嗣爵乃徵愷拜為郎稍遷侍中愷之入朝在位者莫¶,東观汉记
郑文信,已在库,Y,Y,P0210,汉魏之际,2,0,三国志,卷23.txt,馮翊甲族桓、田、吉、郭及故侍中鄭文信等，頗以其各有器實，共紀識之。,三国志
郭举,已在库,Y,Y,P0215,东汉,2,0,后汉书,卷116.txt,章帝元和中，侍中郭舉與後宮通，拔佩刀驚上，舉伏誅，侍中由是復出外。,后汉书
郭及故,拟补_待审,N,N,,,2,0,三国志,卷23.txt,馮翊甲族桓、田、吉、郭及故侍中鄭文信等，頗以其各有器實，共紀識之。,三国志
酒送天,拟补_待审,N,N,,,2,0,后汉书,卷72.txt,諸將或遣婢詣省問，或齎酒送天子，侍中不通，喧呼罵詈」也。,后汉书
銀縢組,拟补_待审,N,N,,,2,0,后汉书,卷120.txt,璽以金銀縢組，侍中組負以從。,后汉书
长史宓,拟补_待审,N,N,,,2,0,后汉书,第十二章-皇后纪下.txt,显忌大将军耿宝位尊权重，威行前朝，乃风有司奏宝及其党与中常侍樊丰、虎贲中郎将谢惲、惲弟侍中笃、笃弟大将军长史宓、侍中周广、阿母野王君王圣、圣女永、永婿黄门侍郎樊严等，更相阿党，互作威福，探刺禁省，更为唱和，皆大不道。,后汉书
闾丘弘,已在库,Y,Y,P0228,东汉,2,0,后汉书,第五章-李王邓来列传.txt,历乃要结光禄勋礻殳讽，宗正刘玮，将作大匠薛皓，侍中闾丘弘、陈光、赵代、施延，太中大夫朱伥、第五颉，中散大夫曹成，谏议大夫李尤，符节令张敬，持书侍御史龚调，羽林右监孔显，城门司马徐崇，卫尉守丞乐闱，长乐、未央厩令郑安世等十余人，俱诣鸿都门证太子无过。,后汉书
阳拜,拟补_待审,N,N,,,2,0,后汉书,第六十三章:窦何列传,子机渭阳侯拜侍中；,后汉书
陈羣,拟补_待审,N,N,,,2,0,三国志,卷01.txt,」侍中陳羣、尚書桓階奏曰：「漢自安帝已來，政去公室，國統數絕，至於今者，唯有名號，尺土一民，皆非漢有，期運久已盡，歷數久已終，非適今日也。,三国志
隗表爲,拟补_待审,N,N,,,2,0,全后汉文,卷八十四.txt,中平中，辟大將軍何進府，後將軍袁隗表爲侍中；,全后汉文
霍光,已在库,Y,Y,P0242,西汉,2,2,全汉文,卷十三.txt,㠯一通賜所幸侍中霍光，光甚好之，言爲口實。,全汉文
马入爲,拟补_待审,N,N,,,2,0,全后汉文,卷三十四.txt,李郃㠯公車司馬入爲侍中。,全后汉文
魏欲遣,拟补_待审,N,N,,,2,0,三国志,第二章-吴主传.txt,魏欲遣侍中辛毗、尚书桓阶往与盟誓，并徵任子，权辞让不受。,三国志
魏王,拟补_待审,N,N,,,2,0,三国志,卷02.txt,」魏王侍中劉廙、辛毗、劉曄、尚書令桓階、尚書陳矯、陳羣、給事黃門侍郎王毖、董遇等言：「臣伏讀左中郎將李伏上事，考圖緯之言，以效神明之應，稽之古代，未有不然者也。,三国志
伏无忌,已在库,Y,Y,P0009,东汉,1,0,東观汉记,000,珍等卒復命侍中伏無忌與諫議大夫黄景¶,東观汉记
金日磾,已在库,Y,Y,P0220,西汉,1,1,西汉会要,西漢會要_卷23.txt,金日磾遷侍中駙馬都尉光祿大夫，出則驂乘。,西汉会要
