cand_row,book,juan,sentence,person,status,note
117,史記,第三十一章:黥布列传,布所幸姬疾，请就医，医家与中大夫贲赫对门，姬数如医家，贲赫自以为侍中，乃厚餽遗，从姬饮医家。,,待审,
122,史記,第二十七章:李斯列传,赵高使其客十馀辈诈为御史、谒者、侍中，更往覆讯斯。,,待审,
123,史記,第五十一章:卫将军骠骑列传,上闻，乃召青为建章监，侍中，及同母昆弟贵，赏赐数日间累千金。,,待审,
125,史記,第五十一章:卫将军骠骑列传,然少而侍中，贵，不省士。,,待审,
126,史記,第五十一章:卫将军骠骑列传,以御见，侍中，为校尉，数从大将军。,,待审,
127,史記,第五十五章:朝鲜列传,左将军素侍中，幸，将燕代卒，悍，乘胜，军多骄。,,待审,
128,史記,第六十二章:酷吏列传,庄助使人言买臣，买臣以楚辞与助俱幸，侍中，为太中大夫，用事；,,待审,
131,史記,第六十章:汲郑列传,大将军青侍中，上踞厕而视之。,,待审,
133,史記,第二十八章:梁孝王世家,梁之侍中、郎、谒者著籍引出入天子殿门，与汉宦官无异。,,待审,
134,史記,第十九章:外戚世家,召其兄卫长君弟青为侍中。,,待审,
135,史記,第十九章:外戚世家,四子，长子伉为侯世子，侯世子常侍中，贵幸。,,待审,
1068,史記,020,|金翁叔名日磾，以匈奴休屠王太子從渾邪王將眾五萬，降漢歸義，侍中，事武帝，覺捕侍中謀反者馬何羅等功侯，三千戶。,,待审,
1070,史記,020,以父桀為將軍故貴，侍中，事昭帝。,,待审,
1072,史記,020,入侍中，授昭帝韓詩，為御史大夫。,,待审,
1073,史記,020,通詩、禮、尚書，為博士，授魯大儒，入侍中，為昭帝師，遷為光祿大夫，大鴻臚，長信少府。,,待审,
1074,史記,020,以隴西騎士從軍得官，侍中，事武帝。,,待审,
1075,史記,020,數將兵擊匈奴有功，為護軍都尉，侍中，事昭帝。,,待审,
1076,史記,020,侍中，事昭帝。,,待审,
1077,史記,020,以宣帝大母家貴，侍中，重厚忠信。,,待审,
1080,史記,022,|二月丁卯，侍中、中郎將霍禹為右將軍。,,待审,
1081,史記,022,|右將軍平恩侯許嘉為車騎將軍，侍中、光祿大夫樂昌侯王商為右將軍，右將軍馮奉世為左將軍。,,待审,
1087,史記,049,召其兄衛長君弟青為侍中。,,待审,
1088,史記,049,四子，長子伉為侯世子，侯世子常侍中，貴幸。,,待审,
1089,史記,058,梁之侍中、郎、謁者著籍引出入天子殿門，與漢宦官無異。,,待审,
1093,史記,087,趙高使其客十餘輩詐為御史、謁者、侍中，更往覆訊斯。,,待审,
1094,史記,091,布所幸姬疾，請就醫，醫家與中大夫賁赫對門，姬數如醫家，賁赫自以為侍中，乃厚餽遺，從姬飲醫家。,,待审,
1097,史記,111,上聞，乃召青為建章監，侍中，及同母昆弟貴，賞賜數日閒累千金。,,待审,
1099,史記,111,然少而侍中，貴，不省士。,,待审,
1100,史記,111,以御見，侍中，為校尉，數從大將軍。,,待审,
1101,史記,115,左將軍素侍中，幸，將燕代卒，悍，乘勝，軍多驕。,,待审,
1102,史記,120,大將軍青侍中，上踞廁而視之。,,待审,
1103,史記,122,莊助使人言買臣，買臣以楚辭與助倶幸，侍中，爲太中大夫，用事；,,待审,
380,漢書,第七十七章:王莽传下,乃拜侍中掌牧大夫李棽为大将军、扬州牧，赐名圣，使将兵奋击。,,待审,
381,漢書,第七十七章:王莽传下,因赐治庙者司徒、大司空饯客千万，侍中、中常侍以下皆封。,,待审,
383,漢書,第七十七章:王莽传下,”伊休侯者，歆长子也，为侍中五官中朗将，莽素爱之。,,待审,
386,漢書,第七十七章:王莽传下,三日庚戌，晨旦明，群臣扶掖莽，自前殿南下椒除，西出白虎门，和新公王揖奉车待门外，莽就车，之渐台，欲阻池水，犹抱持符命、威斗，公、卿、大夫、侍中、黄门郎从官尚千余人随之。,,待审,
391,漢書,第七十三章:外戚传下,丁氏侯者凡二人，大司马一人，将军、九卿、二千石六人，侍中、诸曹亦十余人。,,待审,
394,漢書,第七十二章:外戚传上,上以为忠，由是亲近，为侍中，稍迁至太仆。,,待审,
397,漢書,第七十五章:王莽传上,莽以大司徒孔光名儒，相三主，太后所敬，天下信之，于是盛尊事光，引光女婿甄邯为侍中奉车都尉。,,待审,
399,漢書,第七十五章:王莽传上,及为侍中，故定陵侯淳于长有大逆罪，公不敢私，建白诛讨。,,待审,
404,漢書,第七十八章:叙传上,”是时，许商为少府，师丹为光禄大夫，上于是引商、丹入为光禄勋，伯迁水衡都尉，与两师并侍中，皆秩中二千石。,,待审,
405,漢書,第七十六章:王莽传中,是日，封拜卿大夫、侍中、尚书官凡数百人。,,待审,
406,漢書,第七十六章:王莽传中,时子寻为侍中京兆大君茂德侯，即作符命，言新室当分陕，立二伯，以丰为右伯，太傅平晏为左伯，如周、召故事。,,待审,
408,漢書,第七十六章:王莽传中,又置师友祭酒及侍中、谏议、《六经》祭酒各一人，凡九祭酒，秩上卿。,,待审,
409,漢書,第七十六章:王莽传中,宁始将军姚恂免，侍中、崇禄侯孔永为宁始将军。,,待审,
412,漢書,第七十六章:王莽传中,太傅平晏勿领尚书事，省侍中、诸曹兼官者。,,待审,
414,漢書,第七十四章:元后传,长子凤嗣侯，为卫尉侍中，皇后自有子后，希复进见。,,待审,
416,漢書,第七十四章:元后传,”以参为侍中水衡都尉。,,待审,
417,漢書,第七十四章:元后传,王氏子弟皆卿、大夫、侍中、诸曹，分据势官满朝廷。,,待审,
421,漢書,第七十四章:元后传,先是，定陵侯淳于长以外属能谋议，为卫尉侍中，在辅政之次。,,待审,
424,漢書,第七十四章:元后传,及根兄子成都侯况幸得以外亲继父为列侯侍中，不思报厚恩，亦聘取故掖庭贵人以为妻，皆无人臣礼，大不敬不道。,,待审,
428,漢書,第三十五章:严朱吾丘主父徐严终王,始，买臣与严助俱侍中，贵用事，汤尚为小吏，趋走买臣等前。,,待审,
429,漢書,第三十五章:严朱吾丘主父徐严终王,迁侍中中郎，坐法免。,,待审,
433,漢書,第三十六章:严朱吾丘主父徐严终王,上使侍中、驸马都尉、乐昌侯王商诘问捐之曰：“珠厓内属为郡久矣，今背畔逆节，而云不当击，长蛮夷之乱，亏先帝功德，经义何以处之？,,待审,
438,漢書,第三十章:张汤传,放为侍中、中郎将，监平乐屯兵，置莫府，仪比将军。,,待审,
440,漢書,第三十章:张汤传,后复征放为侍中光禄大夫，秩中二千石。,,待审,
441,漢書,第三十章:张汤传,”及禹诛灭，而安世子孙相继，自宣、元以来为侍中、中常侍、诸曹散骑、列校尉者凡十余人。,,待审,
442,漢書,第三章:魏豹田儋韩王信传,增少为郎，诸曹、侍中、光禄大夫，昭帝时至前将军，与大将军霍光定策立宣帝，益封千户。,,待审,
445,漢書,第二十五章:卫青霍去病传,去病以皇后姊子，年十八为侍中。,,待审,
446,漢書,第二十五章:卫青霍去病传,然少而侍中，贵不省士。,,待审,
447,漢書,第二十五章:卫青霍去病传,荀彘，太原广武人，以御见，侍中，用校尉数从大将军。,,待审,
449,漢書,第二十四章:李广苏建传,陵字少卿，少为侍中建章监。,,待审,
451,漢書,第二十章:张冯汲郑传,大将军青侍中，上踞厕视之。,,待审,
452,漢書,第五十七章:谷永杜邺传,制书侍中、驸马都尉迁不忠巧佞，免归故郡，间未旬月，则有诏还，大臣奏正其罚，卒不得遣，而反兼官奉使，显宠过故。,,待审,
453,漢書,第五十三章:匡张孔马传,光与大司空师丹奏言：“诏书‘侍中、驸马都尉迁巧佞无义，漏泄不忠，国之贼也，免归故郡。,,待审,
454,漢書,第五十三章:匡张孔马传,”卒不得遣，复为侍中。,,待审,
455,漢書,第五十三章:匡张孔马传,上乃知光前免非其罪，以过近臣毁短光者，复免傅嘉，曰：“前为侍中，毁谮仁贤，诬诉大臣，令俊艾者久失其位。,,待审,
458,漢書,第五十八章:何武王嘉师丹传,赖宗庙之灵，侍中、驸马都尉贤等发觉以闻，咸伏厥辜。,,待审,
459,漢書,第五十八章:何武王嘉师丹传,数月，复以光禄大夫给事中，由是为少府、光禄勋、侍中，甚见尊重。,,待审,
463,漢書,第五十四章:王商史丹傅喜传,繇是擢为诸曹、侍中、中郎将。,,待审,
465,漢書,第五十四章:王商史丹傅喜传,而商子弟亲属为驸马都尉、侍中、中常侍、诸曹大夫郎吏者，皆出补吏，莫得留给事宿卫者。,,待审,
466,漢書,第五十四章:王商史丹傅喜传,高侍中，贵幸，以发举反者大司马霍禹功封乐陵侯。,,待审,
467,漢書,第五十四章:王商史丹傅喜传,元帝即位，为驸马都尉侍中，出常骖乘，甚有宠。,,待审,
468,漢書,第五十四章:王商史丹傅喜传,是时，太子长舅阳平侯王凤为卫尉、侍中，与皇后、太子皆忧，不知所出。,,待审,
469,漢書,第五十四章:王商史丹傅喜传,有子男女二十人，九男皆以丹任并为侍中、诸曹，亲近在左右。,,待审,
470,漢書,第五十章:萧望之传,上闻之，使侍中、成都侯金安上谕意曰：“所用皆更治民以考功。,,待审,
476,漢書,第六十一章:儒林传,待诏黄门数入说教侍中，以召贺。,,待审,
477,漢書,第六十一章:儒林传,元帝即位，地馀侍中，贵幸，至少府。,,待审,
480,漢書,第六十九章:西南夷两粤朝鲜传,左将军素侍中，幸，将燕，代卒，悍，乘胜，军多骄。,,待审,
488,漢書,第六十六章:佞幸传,天子召见，欲以为侍中，逡请间言事。,,待审,
489,漢書,第六十六章:佞幸传,帝嘉长义，拜为列校尉诸曹，迁水衡都尉侍中，至卫尉九卿。,,待审,
491,漢書,第六十六章:佞幸传,初，长为侍中，奉两宫使，亲密。,,待审,
492,漢書,第六十六章:佞幸传,贤宠爱日甚，为驸马都尉侍中，出则参乘，入御左右，旬月间赏赐累巨万，贵震朝廷。,,待审,
495,漢書,第六十六章:佞幸传,是时，成帝外家王氏衰废，唯平阿侯谭子去疾，哀帝为太子时为庶子得幸，及即位，为侍中、骑都尉。,,待审,
496,漢書,第六十六章:佞幸传,后上置酒麒麟殿，贤父子亲属宴饮，王闳兄弟侍中、中常侍皆在侧。,,待审,
500,漢書,第六章:楚元王传,哀帝初即位，大司马王莽举歆宗室有材行，为侍中太中大夫，迁骑都尉、奉车光禄大夫，贵幸。,,待审,
501,漢書,第十七章:文三王传,梁之侍中、郎、谒者著引籍出入天子殿门，与汉宦官亡异。,,待审,
504,漢書,第四十一章:赵充国辛庆忌传,上乃拜侍中乐成侯许延寿为强弩将军，即拜酒泉太守武贤为破羌将军，赐玺书嘉纳其册。,,待审,
505,漢書,第四十七章:眭两夏侯京翼李传,时，平昌侯王临以宣帝外属侍中，称诏欲从奉学其术。,,待审,
507,漢書,第四十七章:眭两夏侯京翼李传,今朝廷忽于时月之令，诸侍中、尚书近臣宜皆令通知月令之意，设群下请事；,,待审,
508,漢書,第四十三章:隽疏于薛平彭传,少时，耆酒多过失，年且三十，乃折节修行，以父任为侍中中郎将、长水校尉。,,待审,
517,漢書,第四十九章:盖诸葛刘郑孙毋将何传,会日暮追及，收缚冠奴，奴曰：“我非侍中，奴耳。,,待审,
519,漢書,第四十二章:傅常郑甘陈段传,后皇太后同母弟苟参为水衡都尉，死，子伋为侍中，参妻欲为伋求封，汤受其金五十斤，许为求比上奏。,,待审,
522,漢書,第四十四章:王贡两龚鲍传,侍中、驸马都尉董贤本无葭莩之亲，但以令色谀言自进，赏赐亡度，竭尽府藏，并合三第尚以为小，复坏暴室。,,待审,
525,漢書,第四十章:霍光金日磾传,时，卫尉王莽子男忽侍中，扬语曰：“帝崩，忽常在左右，安得遗诏封三子事！,,待审,
529,漢書,第四十章:霍光金日磾传,自昭帝时，光子禹及兄孙云皆中郎将，云弟山奉车都尉、侍中，邻胡、越兵。,,待审,
533,漢書,第四十章:霍光金日磾传,上奇焉，即日赐汤沐衣冠，拜为马监，迁侍中、驸马都尉、光禄大夫。,,待审,
534,漢書,第四十章:霍光金日磾传,日磾两子，赏、建，俱侍中，与昭帝略同年，共卧起。,,待审,
535,漢書,第四十章:霍光金日磾传,安上字子侯，少为侍中，惇笃有智，宣帝爰之。,,待审,
537,漢書,第四十章:霍光金日磾传,敞子涉本为左曹，上拜涉为侍中，使待幸绿车载送卫尉舍。,,待审,
538,漢書,第四十章:霍光金日磾传,成帝时为侍中、骑都尉，领三辅胡、越骑。,,待审,
539,漢書,第四十章:霍光金日磾传,涉两子，汤、融，皆侍中、诸曹、将、大夫。,,待审,
540,漢書,第四十章:霍光金日磾传,徙光禄大夫、侍中，秩中二千石，封都成侯。,,待审,
541,漢書,第四十章:霍光金日磾传,时，王莽新诛平帝外家卫氏，召明礼少府宗伯凤入说为人后之宜，白令公卿、将军、侍中、朝臣并听，欲以内厉平帝而外塞百姓之议。,,待审,
545,漢書,第九章:天文志,四年，故大将军霍光夫人显、将军霍禹、范明友、奉车霍山及诸昆弟宾婚为侍中、诸曹、九卿、郡守皆谋反，咸伏其辜。,,待审,
547,漢書,第十一章:五行志中之上,永光二年，阳平顷侯禁薨，子凤嗣侯，为侍中卫尉。,,待审,
566,漢書,第十章:元帝纪,赞曰：臣外祖兄弟为元帝侍中，语臣曰：元帝多材艺，善史书。,,待审,
567,漢書,第八章:百官公卿表上,仆射，秦官，自侍中、尚书、博士、郎皆有。,,待审,
568,漢書,第八章:百官公卿表上,侍中、左右曹、诸吏、散骑、中常侍，皆加官，所加或列侯、将军、卿大夫、将、都尉、尚书、太医、太官令至郎中，亡员，多至数十人。,,待审,
569,漢書,第八章:百官公卿表上,侍中、中常侍得入禁中，诸曹受尚书事，诸吏得举法，散骑骑并乘舆车。,,待审,
1506,漢書,009,贊曰：臣外祖兄弟為元帝侍中，語臣曰元帝多材藝，善史書。,,待审,
1529,漢書,019,僕射，秦官，自侍中、尚書、博士、郎皆有。,,待审,
1530,漢書,019,侍中、左右曹、諸吏、散騎、中常侍，皆加官，（注：應劭曰：「入侍天子，故曰侍中。,,待审,
1531,漢書,019,侍中、中常侍得入禁中，諸曹受尚書事，諸吏得舉法，散騎騎並乘輿車。,,待审,
1550,漢書,019,|少府師丹為光祿勳，二年遷侍中光祿大夫。,,待审,
1551,漢書,019,詹事許商為少府，二年為侍中光祿大夫。,,待审,
1553,漢書,019,|侍中光祿大夫趙彪大伯為侍中水衡都尉，三年卒。,,待审,
1564,漢書,019,|大司徒司直金欽為京兆尹，一月為侍中。,,待审,
1568,漢書,026,四年，故大將軍霍光夫人顯、將軍霍禹、范明友、奉車霍山及諸昆弟賓婚為侍中、諸曹、九卿、郡守皆謀反，咸伏其辜。,,待审,
1569,漢書,027,永光二年，陽平頃侯禁薨，子鳳嗣侯，為侍中衛尉。,,待审,
1578,漢書,036,哀帝初即位，大司馬王莽舉歆宗室有材行，為侍中太中大夫，遷騎都尉、奉車光祿大夫，貴幸。,,待审,
1581,漢書,047,梁之侍中、郎、謁者著引籍出入天子殿門，與漢宦官亡異。,,待审,
1582,漢書,050,大將軍青侍中，上踞廁視之。,,待审,
1586,漢書,054,初，武與李陵俱爲侍中，武使匈奴明年，陵降，不敢求武。,,待审,
1588,漢書,055,去病以皇后姊子，年十八為侍中。,,待审,
1589,漢書,055,然少而侍中，貴不省士。,,待审,
1590,漢書,055,荀彘，太原廣武人，以御見，侍中，用校尉數從大將軍。,,待审,
1593,漢書,059,放為侍中、中郎將，監平樂屯兵，置莫府，儀比將軍。,,待审,
1595,漢書,059,後復徵放為侍中光祿大夫，秩中二千石。,,待审,
1596,漢書,059,」及禹誅滅，而安世子孫相繼，自宣、元以來為侍中、中常侍、諸曹散騎、列校尉者凡十餘人。,,待审,
1601,漢書,064上,始買臣與嚴助俱侍中，貴用事，湯尚爲小吏，趨走買臣等前。,,待审,
1602,漢書,064上,遷侍中中郎，坐法免。,,待审,
1612,漢書,068,自昭帝時，光子禹及兄孫雲皆中郎將，雲弟山奉車都尉侍中，領胡越兵。,,待审,
1614,漢書,068,上竒焉，即日賜湯沐衣冠，拜爲馬監，遷侍中駙馬都尉光祿大夫。,,待审,
1615,漢書,068,日磾兩子，賞、建，俱侍中，與昭帝略同年，共卧起。,,待审,
1616,漢書,068,安上字子侯，少爲侍中，惇篤有智，宣帝愛之。,,待审,
1618,漢書,068,」）敞子涉本爲左曹，上拜涉爲侍中，使待幸綠車載送衞尉舍。,,待审,
1619,漢書,068,臨敞病困，拜子爲侍中，以此車送，欲敞見其榮寵也。,,待审,
1622,漢書,068,徙光祿大夫侍中，秩中二千石，封都成侯。,,待审,
1623,漢書,068,」）入說爲人後之誼，白令公卿、將軍、侍中、朝臣並聽，（注：師古曰：「白令皆聽之。,,待审,
1624,漢書,069,上乃拜侍中樂成侯許延壽爲強弩將軍，即拜酒泉太守武賢爲破羌將軍，賜璽書嘉納其冊。,,待审,
1626,漢書,071,少時，耆酒多過失，年且三十，乃折節修行，以父任為侍中中郎將、長水校尉。,,待审,
1630,漢書,075,時，平昌侯王臨以宣布外屬侍中，稱詔欲從奉學其術。,,待审,
1641,漢書,077,會日暮追及，收縛冠奴，奴曰：「我非侍中，奴耳。,,待审,
1649,漢書,081,光與大司空師丹奏言：「詔書『侍中、駙馬都尉遷巧佞無義，漏洩不忠，國之賊也，免歸故郡。,,待审,
1650,漢書,081,」卒不得遣，復為侍中。,,待审,
1651,漢書,081,上乃知光前免非其罪，以過近臣毀短光者，復免傅嘉，曰：「前為侍中，毀譖仁賢，誣訴大臣，令俊艾者久失其位。,,待审,
1652,漢書,082,繇是擢爲諸曹、侍中、中郎將。,,待审,
1654,漢書,082,而商子弟親屬爲駙馬都尉、侍中、中常侍、諸曹大夫郎吏者，皆出補吏，莫得留給事宿衛者。,,待审,
1655,漢書,082,高侍中，貴幸，以發舉反者大司馬霍禹功封樂陵侯。,,待审,
1656,漢書,082,元帝即位，爲駙馬都尉侍中，出常驂乘，甚有寵。,,待审,
1657,漢書,082,是時，太子長舅陽平侯王鳳爲衛尉、侍中，與皇后、太子皆憂，不知所出。,,待审,
1658,漢書,082,有子男女二十人，九男皆以丹任並爲侍中、諸曹，親近在左右。,,待审,
1666,漢書,086,數月，復以光祿大夫給事中，由是為少府、光祿勳、侍中，甚見尊重。,,待审,
1668,漢書,088,待詔黃門數入說教侍中，以召賀。,,待审,
1669,漢書,088,元帝即位，地餘侍中，貴幸，至少府。,,待审,
1678,漢書,093,天子召見，欲以爲侍中，逡請間言事。,,待审,
1679,漢書,093,帝嘉長義，拜爲列校尉諸曹，遷水衡都尉侍中，至衛尉九卿。,,待审,
1681,漢書,093,初，長爲侍中，奉兩宮使，親密。,,待审,
1682,漢書,093,賢寵愛日甚，爲駙馬都尉侍中，出則參乘，入御左右，旬月間賞賜累巨萬，貴震朝廷。,,待审,
1685,漢書,093,是時，成帝外家王氏衰廢，唯平阿侯譚子去疾，哀帝爲太子時爲庶子得幸，及即位，爲侍中、騎都尉。,,待审,
1686,漢書,093,後上置酒麒麟殿，賢父子親屬宴飲，王閎兄弟侍中、中常侍皆在側。,,待审,
1688,漢書,095,左將軍素侍中，幸，將燕，代卒，悍，乘勝，軍多驕。,,待审,
1691,漢書,097上,上以為忠，由是親近，為侍中，稍遷至太僕。,,待审,
1696,漢書,098,長子鳳嗣侯，為衛尉侍中，皇-{后}-自有子後，希復進見。,,待审,
1698,漢書,098,」以參為侍中水衡都尉。,,待审,
1699,漢書,098,王氏子弟皆卿、大夫、侍中、諸曹，分據勢官滿朝廷。,,待审,
1703,漢書,098,先是，定陵侯淳于長以外屬能謀議，為衛尉侍中，在輔政之次。,,待审,
1706,漢書,098,及根兄子成都侯況幸得以外親繼父為列侯侍中，不思報厚恩，亦聘取故掖庭貴人以為妻，皆無人臣禮，大不敬不道。,,待审,
1708,漢書,099上,遷騎都尉光祿大夫侍中，宿衛謹敕，爵位益尊，節操愈謙。,,待审,
1709,漢書,099上,莽以大司徒孔光名儒，相三主，太后所敬，天下信之，於是盛尊事光，引光女婿甄邯為侍中奉車都尉。,,待审,
1711,漢書,099上,及為侍中，故定陵侯淳于長有大逆罪，公不敢私，建白誅討。,,待审,
1714,漢書,099下,莽以王況讖言荊楚當興，李氏為輔，欲厭之，乃拜侍中掌牧大夫李棽為大將軍、揚州牧，賜名聖，使將兵奮擊。,,待审,
1715,漢書,099下,因賜治廟者司徒、大司空錢各千萬，侍中、中常侍以下皆封。,,待审,
1717,漢書,099下,」伊休侯者，歆長子也，為侍中五官中郎將，莽素愛之。,,待审,
1720,漢書,099下,莽就車，之漸臺，欲阻池水，猶抱持符命、威斗，公卿大夫、侍中、黃門郎從官尚千餘人隨之。,,待审,
1722,漢書,099,是日，封拜卿大夫、侍中、尚書官凡數百人。,,待审,
1723,漢書,099,時子尋為侍中京兆大尹茂德侯，即作符命，言新室當分陝，立二伯，以豐為右伯，太傅平晏為左伯，如周召故事。,,待审,
1726,漢書,099,又置師友祭酒及侍中、諫議、六經祭酒各一人，凡九祭酒，秩上卿。,,待审,
1735,漢書,100上,」是時許商為少府，師丹為光祿勳，上於是引商、丹入為光祿大夫，伯遷水衡都尉，與兩師並侍中，皆秩中二千石。,,待审,
145,後漢書,第一章:刘玄刘盆子列传,萌私忿侍中，引下斩之，更始救请，不从。,,待审,
148,後漢書,第一章:刘玄刘盆子列传,以明经数言事，拜侍中，从更始在长安。,,待审,
152,後漢書,第七十五章:儒林列传下,拜谏议大夫、侍中、右中郎将。,,待审,
153,後漢書,第七十五章:儒林列传下,永平初，为博士，再迁侍中。,,待审,
157,後漢書,第七十五章:儒林列传下,十八年，以病乞身，为侍中骑都尉，卒于官。,,待审,
158,後漢書,第七十五章:儒林列传下,”十八年，拜侍中骑都尉。,,待审,
159,後漢書,第七十五章:儒林列传下,永平初，为侍中、越骑校尉，入讲省内。,,待审,
160,後漢書,第七十五章:儒林列传下,岁余复征，再迁侍中，卒于官。,,待审,
161,後漢書,第七十五章:儒林列传下,迁侍中，出为弘农太守，卒官。,,待审,
162,後漢書,第七十八章:独行列传,后拜侍中，卒官。,,待审,
163,後漢書,第七十八章:独行列传,充迁侍中。,,待审,
164,後漢書,第七十八章:独行列传,征拜侍中，每朝廷大事，侃然正色，百官惮之。,,待审,
166,後漢書,第七十六章:文苑列传上,永宁元年，太后又诏珍与B05A駼作建武已来名臣传，迁侍中、越骑校尉。,,待审,
167,後漢書,第七十六章:文苑列传上,顺帝时，为侍中。,,待审,
168,後漢書,第七十四章:儒林列传上,征拜议郎，稍迁侍中、弘农太守。,,待审,
169,後漢書,第七十四章:儒林列传上,永平初，迁侍中祭酒。,,待审,
170,後漢書,第七十四章:儒林列传上,帝善之，拜为侍中，数进见问得失。,,待审,
172,後漢書,第七十四章:儒林列传上,”帝即敕尚书解遵禁锢，拜凭虎贲中郎将，以侍中兼领之。,,待审,
174,後漢書,第七十四章:儒林列传上,顺帝以登明识礼乐，使持节临太学，奏定曲律，转拜侍中。,,待审,
175,後漢書,第七十四章:儒林列传上,擢拜侍中，典领秘书近署，甚见纳异。,,待审,
176,後漢書,第七十四章:儒林列传上,服阕，征拜侍中。,,待审,
177,後漢書,第七章:冯岑贾列传,少为侍中、虎贲中郎将，朝廷多称其能。,,待审,
178,後漢書,第七章:冯岑贾列传,时邓太后临朝，光宠最盛，以建为侍中，顺帝时为光禄勋。,,待审,
179,後漢書,第三十一章:刘赵淳于江刘周赵列传,建光中，公车特征，至，拜侍中。,,待审,
180,後漢書,第三十一章:刘赵淳于江刘周赵列传,平再迁侍中，永平三年，拜宗正，数荐达名士承宫、郇恁等。,,待审,
181,後漢書,第三十一章:刘赵淳于江刘周赵列传,永平中，辟太尉府，显宗素闻其行，诏拜谏议大夫，迁侍中，又迁长乐卫尉。,,待审,
182,後漢書,第三十一章:刘赵淳于江刘周赵列传,引见极日，访以政事，迁侍中骑都尉，礼待甚优。,,待审,
185,後漢書,第三十一章:刘赵淳于江刘周赵列传,”乃征恺，拜为郎，稍迁侍中。,,待审,
186,後漢書,第三十一章:刘赵淳于江刘周赵列传,复拜侍中，迁长水校尉。,,待审,
187,後漢書,第三十九章:郭陈列传,郭氏自弘后，数世皆传法律，子孙至公者一人，廷尉七人，侯者三人，刺史、二千石、侍中、中郎将者二十余人，侍御史、正、监、平者甚众。,,待审,
189,後漢書,第三十九章:郭陈列传,书御，有诏拜有道高第士沛国施延为侍中，延后位至太尉。,,待审,
190,後漢書,第三十八章:袁张韩周列传,初拜郎中，稍迁侍中，出为蜀郡太守。,,待审,
191,後漢書,第三十八章:袁张韩周列传,和帝时，历位将军、大夫、侍中，出为东郡太守，征拜太仆、光禄勋。,,待审,
192,後漢書,第三十八章:袁张韩周列传,及肃宗即位，擢D825为侍中、虎贲中郎将。,,待审,
194,後漢書,第三十六章:朱乐何列传,后穆因进见，口复陈曰：“臣闻汉家旧典，置侍中、中常侍各一人，省尚书事，黄门侍郎一人，传发书奏，皆用姓族。,,待审,
198,後漢書,第九章:耿弇列传,大贵人数为耿氏请，阳嘉三年，顺帝遂绍封宝子箕牟平侯，为侍中。,,待审,
199,後漢書,第二十一章:苏竟杨厚列传上,拜侍中，数月，以病免。,,待审,
200,後漢書,第二十一章:苏竟杨厚列传上,时统为侍中，厚随在京师。,,待审,
201,後漢書,第二十一章:苏竟杨厚列传上,及至，拜议郎，三迁为侍中，特蒙引见，访以时政。,,待审,
206,後漢書,第二十七章:张曹郑列传,拜褒侍中，从驾南巡，既还，以事下三公，未及奏，诏召玄武司马班固，问改定礼制之宜。,,待审,
207,後漢書,第二十七章:张曹郑列传,有顷征，再迁，复为侍中。,,待审,
210,後漢書,第二十九章:桓荣丁鸿列传,帝以郁先师子，有礼让，甚见亲厚，常居中论经书，问以政事，稍迁侍中。,,待审,
211,後漢書,第二十九章:桓荣丁鸿列传,帝自制《五家要说章句》，令郁校定于宣明殿，以侍中监虎贲中郎将。,,待审,
212,後漢書,第二十九章:桓荣丁鸿列传,肃宗即位，郁以母忧乞身，诏听以侍中行服。,,待审,
214,後漢書,第二十九章:桓荣丁鸿列传,顷之，转为侍中奉车都尉。,,待审,
215,後漢書,第二十九章:桓荣丁鸿列传,永初元年，入授安帝，三迁为侍中步兵校尉。,,待审,
216,後漢書,第二十九章:桓荣丁鸿列传,顷之，拜侍中。,,待审,
218,後漢書,第二十五章:朱冯虞郑周列传,尚显宗女获嘉长公主，少为侍中，以恭肃谦约称，位至将作大匠。,,待审,
219,後漢書,第二十五章:朱冯虞郑周列传,定弟石，袭母公主封获嘉侯，亦为侍中，稍迁卫尉。,,待审,
220,後漢書,第二十五章:朱冯虞郑周列传,出为平原相，征拜侍中。,,待审,
223,後漢書,第二十八章:郑范陈贾张列传,八年，复为侍中，领骑都尉。,,待审,
224,後漢書,第二十八章:郑范陈贾张列传,位至侍中，以老病乞身，帝赐以大夫禄，归乡里。,,待审,
225,後漢書,第二十八章:郑范陈贾张列传,后征，四迁为侍中。,,待审,
226,後漢書,第二十六章:梁统列传,棠卒，子安国嗣，延光中为侍中，有罪免官，诸梁为郎吏者皆坐免。,,待审,
227,後漢書,第二十六章:梁统列传,三年，顺帝选商女及妹入掖庭，迁侍中、屯骑校尉。,,待审,
228,後漢書,第二十六章:梁统列传,初为黄门侍郎，转侍中、虎贲中郎将，越骑、步兵校尉，执金吾。,,待审,
230,後漢書,第二十六章:梁统列传,冒名而为侍中、卿、校尉、郡守、长吏者十余人，皆贪叨凶淫，各遣私客籍属县富人，被以它罪，闭狱掠拷，使出钱自赎，资物少者至于死徙。,,待审,
232,後漢書,第二十四章:樊宏阴识列传,迁侍中，以母忧辞归。,,待审,
233,後漢書,第二十四章:樊宏阴识列传,九年，迁侍中，赐爵关内侯。,,待审,
234,後漢書,第二十四章:樊宏阴识列传,明年夏，帝风眩疾甚，后以兴领侍中，受顾命于云台广室。,,待审,
237,後漢書,第二章:王刘张李彭卢列传,及躬败，萌乃归降，光武即位，以为侍中。,,待审,
242,後漢書,第五十七章:李杜列传,稍迁为南郡太守，转东海相，入拜侍中。,,待审,
243,後漢書,第五十九章:皇甫张段列传,军至，拜侍中，转执金吾河南尹。,,待审,
245,後漢書,第五十二章:张衡列传,后迁侍中，帝引在帷幄，讽议左右。,,待审,
246,後漢書,第五十二章:张衡列传,及为侍中，上疏请得专事东观，收捡遗文，毕力补缀。,,待审,
248,後漢書,第五十五章:左周黄列传,至光和末，大尉杨赐上书荐琬有拨乱之才，由是征拜议郎，擢为青州刺史，迁侍中。,,待审,
249,後漢書,第五十八章:吴延史卢赵列传,稍迁侍中。,,待审,
250,後漢書,第五十八章:吴延史卢赵列传,帝以非急务，转为侍中，迁尚书。,,待审,
251,後漢書,第五十六章:荀韩钟陈列传,进恐其不至，迎荐为侍中，及进败而诏命中绝。,,待审,
253,後漢書,第五十六章:荀韩钟陈列传,董卓入洛阳，乃使就家拜五官中郎将，不得已，到京师，迁侍中。,,待审,
255,後漢書,第五十四章:蔡邕列传下,其诸生皆敕州郡三公举用辟召，或出为刺史、太守，入为尚书、侍中，乃有封侯赐爵者，士君子皆耻与为列焉。,,待审,
256,後漢書,第五十四章:蔡邕列传下,迁巴郡太守，复留为侍中。,,待审,
257,後漢書,第五十章:杜栾刘李刘谢列传,以所举将为尚书，难与齐列，乞从冗散，拜侍中。,,待审,
259,後漢書,第五十章:杜栾刘李刘谢列传,勋后再迁至九卿，以病免，拜为侍中。,,待审,
264,後漢書,第八十章:方术列传下,稍迁侍中。,,待审,
265,後漢書,第八十章:方术列传下,灵帝时，大将军何进荐扶，征拜侍中，甚见器重。,,待审,
266,後漢書,第八章:吴盖陈臧列传,光武即位，以为侍中、骑都尉。,,待审,
267,後漢書,第六十一章:党锢列传,又再迁侍中、虎贲中郎将。,,待审,
268,後漢書,第六十一章:党锢列传,察孝廉，举高第，三迁侍中。,,待审,
270,後漢書,第六十三章:窦何列传,子机渭阳侯拜侍中；,,待审,
271,後漢書,第六十三章:窦何列传,绍弟靖西乡侯，为侍中，监羽林左骑。,,待审,
273,後漢書,第六十三章:窦何列传,光和三年，贵人立为皇后，征进入，拜侍中、将作大匠、河南尹。,,待审,
274,後漢書,第六十九章:袁绍刘表列传下,至许，果拜嵩侍中、零陵太守。,,待审,
276,後漢書,第六十九章:袁绍刘表列传下,义以疾退，终表世不仕，操以为侍中，其余多至大官。,,待审,
277,後漢書,第六十五章:皇甫嵩朱俊列传,坚寿亦显名，后为侍中，辞不拜，病卒。,,待审,
281,後漢書,第六十六章:董卓列传,以弟B857为左将军，封鄠侯，兄子璜为侍中、中军校尉，皆典兵事。,,待审,
286,後漢書,第六十四章:郑孔荀列传,及帝都许，以彧为侍中，守尚书令。,,待审,
287,後漢書,第六十四章:郑孔荀列传,使持节侍中守尚书令万岁亭侯彧，国之重臣，德洽华夏，既停军所次，便宜与臣俱进，宣示国命，威怀丑虏。,,待审,
288,後漢書,第六十四章:郑孔荀列传,”书奏，帝从之，遂以彧为侍中、光禄大夫，持节，参丞相军事。,,待审,
290,後漢書,第六章:邓寇列传,元兴元年，和帝复封乾本国，拜侍中。,,待审,
291,後漢書,第六章:邓寇列传,昌安侯袭嗣子藩，亦尚显宗女平皋长公主，和帝时为侍中。,,待审,
292,後漢書,第六章:邓寇列传,及从兄骘诛，安帝征康为侍中。,,待审,
295,後漢書,第六章:邓寇列传,邓氏自中兴后，累世宠贵，凡侯者二十九人，公二人，大将军以下十三人，中二千石十四人，列校二十二人，州牧、郡守四十八人，其余侍中、将、大夫、郎、谒者不可胜数，东京莫与为比。,,待审,
297,後漢書,第十一章:任李万邳刘耿列传,复为左曹侍中，常从征伐。,,待审,
298,後漢書,第十七章:宣张二王杜郭吴承郑赵,更始即位，征为侍中。,,待审,
299,後漢書,第十七章:宣张二王杜郭吴承郑赵,十七年，拜侍中祭酒。,,待审,
300,後漢書,第十七章:宣张二王杜郭吴承郑赵,建和初，四府表荐，征拜议郎，侍讲禁内，再迁为侍中。,,待审,
301,後漢書,第十七章:宣张二王杜郭吴承郑赵,献帝西迁都，为侍中，同舆辇至长安，封江南亭侯，代杨彪为司空，免，顷之，复为司徒，录尚书事。,,待审,
302,後漢書,第十七章:宣张二王杜郭吴承郑赵,更始即位，征为侍中。,,待审,
303,後漢書,第十七章:宣张二王杜郭吴承郑赵,永平十七年，拜侍中祭酒。,,待审,
304,後漢書,第十七章:宣张二王杜郭吴承郑赵,建和初，四府表荐，征拜为议郎，侍讲宫中，再迁为侍中。,,待审,
306,後漢書,第十三章:窦融列传,建初二年，女弟立为皇后，拜宪为郎，稍迁侍中、虎贲中郎将；,,待审,
307,後漢書,第十三章:窦融列传,和帝即位，太后临朝，宪以侍中，内干机密，出宣诰命。,,待审,
308,後漢書,第十三章:窦融列传,是时，笃为卫尉，景、瑰皆侍中、奉车、驸马都尉，四家竞修第宅，穷极工匠。,,待审,
310,後漢書,第十三章:窦融列传,叔父霸为城门校尉，霸弟褒将作大匠，褒弟嘉少府，其为侍中、将、大夫、郎吏十余人。,,待审,
311,後漢書,第十二章:朱景王杜马刘傅坚马列,世祖即位，以俊为侍中。,,待审,
312,後漢書,第十二章:朱景王杜马刘傅坚马列,世祖即位，以武为侍中、骑都尉，封山都侯。,,待审,
313,後漢書,第十五章:卓鲁魏刘列传,更始立，以茂为侍中祭酒，从至长安，知更始政乱，以年老乞骸骨归。,,待审,
315,後漢書,第十五章:卓鲁魏刘列传,迁侍中，数召宴见，问以得失，赏赐恩礼宠异焉。,,待审,
316,後漢書,第十五章:卓鲁魏刘列传,其夜拜侍中，敕使陪乘，劳问甚渥。,,待审,
317,後漢書,第十五章:卓鲁魏刘列传,时弟丕亦为侍中。,,待审,
320,後漢書,第十五章:卓鲁魏刘列传,十三年，迁为侍中，免。,,待审,
321,後漢書,第十五章:卓鲁魏刘列传,永初二年，诏公卿举儒术笃学者，大将军邓骘举丕，再迁，复为侍中、左中郎将，再为三老。,,待审,
322,後漢書,第十五章:卓鲁魏刘列传,迁侍中，赐衣一袭。,,待审,
324,後漢書,第十六章:伏侯宋蔡冯赵牟韦列传,卒，子无忌嗣，亦传家学，博物多识，顺帝时，为侍中屯骑校尉。,,待审,
326,後漢書,第十六章:伏侯宋蔡冯赵牟韦列传,哀、平间以儒学显，征试博士，对策陈灾异，以高等擢拜议郎，迁侍中。,,待审,
327,後漢書,第十六章:伏侯宋蔡冯赵牟韦列传,卯延光中为侍中，薨，子留嗣。,,待审,
328,後漢書,第十四章:马援列传,永元二年，光为太仆，康为侍中。,,待审,
329,後漢書,第四十一章:杨李翟应霍爰徐列传,除博士，迁侍中、光禄大夫。,,待审,
330,後漢書,第四十一章:杨李翟应霍爰徐列传,仕郡，征拜议郎，迁侍中。,,待审,
331,後漢書,第四十一章:杨李翟应霍爰徐列传,桓帝时征博士，太尉杨秉等举贤良方正，再迁为侍中。,,待审,
334,後漢書,第四十七章:杨震列传,今瑰无佗功行，但以配阿母女，一时之间，既位侍中，又至封侯，不稽旧制，不合经义，行人喧哗，百姓不安。,,待审,
336,後漢書,第四十七章:杨震列传,牧孙奇，灵帝时为侍中，帝尝从容问奇曰：“朕何如桓帝？,,待审,
337,後漢書,第四十七章:杨震列传,帝崩后，复入为侍中卫尉，从献帝西迁，有功勤。,,待审,
338,後漢書,第四十七章:杨震列传,及帝东还，夜走度河，众率诸官属步从至太阳，拜侍中。,,待审,
339,後漢書,第四十七章:杨震列传,桓帝即位，以明《尚书》征入劝讲，拜太中大夫、左中郎将，迁侍中、尚书。,,待审,
340,後漢書,第四十七章:杨震列传,后以司空高第，再迁侍中、越骑校尉。,,待审,
342,後漢書,第四十七章:杨震列传,熹平中，以博习旧闻，公车征拜议郎，迁侍中、京兆尹。,,待审,
343,後漢書,第四十七章:杨震列传,征还为侍中、五官中郎将，迁颍川、南阳太守，复拜侍中，三迁永乐少府、太仆、卫尉。,,待审,
344,後漢書,第四十九章:张王种陈列传,及进败，献帝即位，拜劭为侍中。,,待审,
350,後漢書,第四十八章:章帝八王列传,宋氏为卿、校、侍中、大夫、谒者、郎吏十余人。,,待审,
352,後漢書,第四章:宗室四王三侯列传,更始立，歙从入关，封为元氏王，终为侍中。,,待审,
363,後漢書,第十一章:皇后纪上,永元初，璜为长乐少府，子举为侍中，兼射声校尉。,,待审,
365,後漢書,第十一章:皇后纪上,永宁二年二月，寝病渐笃，乃乘辇于前殿，见侍中、尚书，因北至太子新所缮宫。,,待审,
370,後漢書,第十二章:皇后纪下,父完，沉深有大度，袭爵不其侯，尚桓帝女阳安公主，为侍中。,,待审,
373,後漢書,第十章:孝献帝纪,初令侍中、给事黄门侍郎员各六人。,,待审,
1106,後漢書,101,竇憲爲大將軍，憲弟笃、景等皆卿、校尉，憲女弟婿郭举爲侍中、射聲校尉，與卫尉鄧叠母元俱出入宫中，謀爲不轨。,,待审,
1108,後漢書,102,癸亥，皇后邓氏坐执左道废，迁于桐宫死，宗亲侍中沘阳侯邓康、河南尹邓万、越骑校尉邓弼、虎贲中郎将安阳侯邓会、侍中监羽林左骑邓德、右骑邓寿、昆阳侯邓统、淯阳侯邓秉、议郎邓循皆系暴室，万、会死，康等免官。,,待审,
1110,後漢書,103,是時御史劉儵建議立靈帝，以儵爲侍中，中常侍侯览畏其亲近，必當間己，白拜儵泰山太守，因令司隸迫促殺之。,,待审,
1111,後漢書,10上,）子舉爲侍中，兼射聲校尉。,,待审,
1113,後漢書,10上,永寧二年二月，寢病漸篤，乃乘輦於前殿，見侍中、尚書，因北至太子新所繕宮。,,待审,
1125,後漢書,11,萌私忿侍中，引下斬之，更始救請，不從。,,待审,
1128,後漢書,11,以明經數言事，拜侍中，從更始在長安。,,待审,
1130,後漢書,114,」時憙子世爲侍中，驂乘，歸具白之，憙以爲恨，頻譴責均，均自劾去，道發病亡。,,待审,
1131,後漢書,116,侍中，比二千石。,,待审,
1133,後漢書,116,（注：蔡質漢儀曰：「侍中、常伯，選舊儒高德，博學淵懿。,,待审,
1134,後漢書,116,司隸校尉見侍中，執板揖，河南尹亦如之。,,待审,
1138,後漢書,116,」獻帝起居注曰：「帝初即位，初置侍中、給事黃門侍郎，員各六人，出入禁中，近侍帷幄，省尚書事。,,待审,
1139,後漢書,116,改給事黃門侍郎為侍中侍郎，去給事黃門之號，旋復復故。,,待审,
1140,後漢書,116,舊侍中、黃門侍郎以在中宮者，不與近密交政。,,待审,
1141,後漢書,116,誅黃門後，侍中、侍郎出入禁闈，機事頗露，由是王允乃奏比尚書，不得出入，不通賓客，自此始也。,,待审,
1146,後漢書,120,」）侍中、中常侍加黃金璫，附蟬爲文，貂尾爲飾，謂之「趙惠文冠」。,,待审,
1149,後漢書,120,而有秩者侍中、中常侍、光祿大夫秩皆二千石，太中大夫秩皆比二千石，尚書、諫議大夫、侍御史、博士皆六百石，議郎、中謁者秩皆比六百石，小黃門、黃門侍郎、中黃門秩皆比四百石，郎中秩皆比三百石，太子舍人秩二百石。,,待审,
1150,後漢書,14,更始立，歙從入關，封為元氏王，終為侍中。,,待审,
1155,後漢書,16,【元興元年】，和帝復封乾本國，拜侍中。,,待审,
1156,後漢書,16,昌安侯襲嗣子藩，亦尚顯宗女平臯長公主，和帝時為侍中。,,待审,
1157,後漢書,16,及從兄騭誅，安帝征康為侍中。,,待审,
1160,後漢書,16,鄧氏自中興後，累世寵貴，凡侯者二十九人，公二人，大將軍以下十三人，中二千石十四人，列校二十二人，州牧、郡守四十八人，其餘侍中、將、大夫、郎、謁者不可勝數，東京莫與為比。,,待审,
1162,後漢書,17,少為侍中、虎賁中郎將，朝廷多稱其能。,,待审,
1163,後漢書,17,時鄧太后臨朝，光寵最盛，以建為侍中，順帝時為光祿勛。,,待审,
1164,後漢書,18,光武即位，以為侍中、騎都尉。,,待审,
1168,後漢書,21,復為左曹侍中，常從征伐。,,待审,
1169,後漢書,22,世祖即位，以俊為侍中。,,待审,
1170,後漢書,22,世祖即位，以武為侍中、騎都尉，封山都侯。,,待审,
1172,後漢書,23,【建初二年】，女弟立為皇后，拜憲為郎，稍遷侍中、虎賁中郎將；,,待审,
1173,後漢書,23,和帝即位，太后臨朝，憲以侍中，內幹機密，出宣誥命。,,待审,
1174,後漢書,23,是時，篤為衛尉，景、瑰皆侍中、奉車、駙馬都尉，四家競修第宅，窮極工匠。,,待审,
1176,後漢書,23,叔父霸為城門校尉，霸弟褒將作大匠，褒弟嘉少府，其為侍中、將、大夫、郎吏十餘人。,,待审,
1178,後漢書,25,更始立，以茂為侍中祭酒，從至長安，知更始政亂，以年老乞骸骨歸。,,待审,
1180,後漢書,25,遷侍中，數召宴見，問以得失，賞賜恩禮寵異焉。,,待审,
1181,後漢書,25,其夜拜侍中，敕使陪乘，勞問甚渥。,,待审,
1182,後漢書,25,時弟丕亦為侍中。,,待审,
1185,後漢書,25,十三年，遷為侍中，免。,,待审,
1186,後漢書,25,【永初二年】，詔公卿舉儒術篤學者，大將軍鄧騭舉丕，再遷，復為侍中、左中郎將，再為三老。,,待审,
1187,後漢書,25,遷侍中，賜衣一襲。,,待审,
1188,後漢書,26,卒，子無忌嗣，亦傳家學，博物多識，順帝時，為侍中屯騎校尉。,,待审,
1190,後漢書,26,哀、平間以儒學顯，徵試博士，對策陳災異，以高等擢拜議郎，遷侍中。,,待审,
1191,後漢書,26,卯延光中為侍中，薨，子留嗣。,,待审,
1192,後漢書,27,更始即位，征為侍中。,,待审,
1193,後漢書,27,十七年，拜侍中祭酒。,,待审,
1194,後漢書,27,建和初，四府表薦，征拜議郎，侍講禁內，再遷為侍中。,,待审,
1195,後漢書,27,獻帝西遷都，為侍中，同輿輦至長安，封江南亭侯，代楊彪為司空，免，頃之，復為司徒，錄尚書事。,,待审,
1199,後漢書,30上,拜侍中，數月，以病免。,,待审,
1200,後漢書,30上,時統為侍中，厚隨在京師。,,待审,
1201,後漢書,30上,及至，拜議郎，三遷為侍中，特蒙引見，訪以時政。,,待审,
1205,後漢書,32,遷侍中，以母憂辭歸。,,待审,
1206,後漢書,32,九年，遷侍中，賜爵關內侯。,,待审,
1207,後漢書,32,明年夏，帝風眩疾甚，後以興領侍中，受顧命於雲臺廣室。,,待审,
1209,後漢書,33,尚顯宗女獲嘉長公主，少為侍中，以恭肅謙約稱，位至將作大匠。,,待审,
1210,後漢書,33,定弟石，襲母公主封獲嘉侯，亦為侍中，稍遷衛尉。,,待审,
1211,後漢書,33,出為平原相，徵拜侍中。,,待审,
1213,後漢書,34,棠卒，子安國嗣，延光中爲侍中，有罪免官，諸梁爲郎吏者皆坐免。,,待审,
1214,後漢書,34,三年，順帝選商女及妹入掖庭，遷侍中、屯騎校尉。,,待审,
1215,後漢書,34,初爲黃門侍郎，轉侍中、虎賁中郎將，越騎、步兵校尉，執金吾。,,待审,
1217,後漢書,34,冒名而爲侍中、卿、校尉、郡守、長吏者十餘人，皆貪叨凶淫，各遣私客籍屬縣富人，被以它罪，閉獄掠拷，使出錢自贖，資物少者至於死徙。,,待审,
1221,後漢書,35,拜褒侍中，從駕南巡，既還，以事下三公，未及奏，詔召玄武司馬班固，問改定禮制之宜。,,待审,
1222,後漢書,35,有頃征，再遷，復為侍中。,,待审,
1225,後漢書,36,八年，-{復}-爲侍中，領騎都尉。,,待审,
1226,後漢書,36,位至侍中，以老病乞身，帝賜以大夫祿，歸鄕-{里}-。,,待审,
1228,後漢書,37,帝以郁先師子，有禮讓，甚見親厚，常居中論經書，問以政事，稍遷侍中。,,待审,
1229,後漢書,37,{{*|《東觀記》曰「【永平十四年】爲議郎，遷侍中」也。,,待审,
1230,後漢書,37,』」）以侍中監虎賁中郎將。,,待审,
1231,後漢書,37,』」）肅宗即位，郁以母憂乞身，詔聽以侍中行服。,,待审,
1232,後漢書,37,議者皆以郁身爲名儒，學者之宗，可許之，於是詔郁以侍中行服」也。,,待审,
1236,後漢書,37,頃之，拜侍中。,,待审,
1238,後漢書,37,一二五五頁一行以侍中監虎賁中郎將按：刊誤謂漢無監虎賁官，蓋是「兼」字，與丁鴻同也。,,待审,
1239,後漢書,39,建光中，公車特徵，至，拜侍中。,,待审,
1240,後漢書,39,平再遷侍中，【永平三年】，拜宗正，數薦達名士承宮、郇恁等。,,待审,
1241,後漢書,39,永平中，辟太尉府，顯宗素聞其行，詔拜諫議大夫，遷侍中，又遷長樂衛尉。,,待审,
1242,後漢書,39,引見極日，訪以政事，遷侍中騎都尉，禮待甚優。,,待审,
1245,後漢書,39,」乃征愷，拜為郎，稍遷侍中。,,待审,
1246,後漢書,39,復拜侍中，遷長水校尉。,,待审,
1251,後漢書,43,後穆因進見，口復陳曰：「臣聞漢家舊典，置侍中、中常侍各一人，省尚書事，黃門侍郎一人，傳發書奏，皆用姓族。,,待审,
1254,後漢書,45,初拜郎中，稍遷侍中，出為蜀郡太守。,,待审,
1255,後漢書,45,和帝時，歷位將軍、大夫、侍中，出為東郡太守，征拜太僕、光祿勳。,,待审,
1256,後漢書,45,及肅宗即位，擢酺為侍中、虎賁中郎將。,,待审,
1258,後漢書,46,郭氏自弘後，數世皆傳法律，子孫至公者一人，廷尉七人，侯者三人，刺史、二千石、侍中、中郎將者二十餘人，侍御史、正、監、平者甚觿。,,待审,
1260,後漢書,46,」書御，有詔拜有道高第士沛國施延為侍中，延後位至太尉。,,待审,
1262,後漢書,48,和帝【永元九年】，應賢良方正對策，除愽士，遷侍中、光祿大夫。,,待审,
1263,後漢書,48,仕郡，徵拜議郎，遷侍中。,,待审,
1272,後漢書,54,今纓無佗功行，但以配阿母女，一時之閒，既位侍中，又至封侯，不稽舊制，不合經義，行人諠嘩，百姓不安。,,待审,
1274,後漢書,54,牧孫奇，靈帝時為侍中，帝嘗從容問奇曰：「朕何如桓帝？,,待审,
1275,後漢書,54,帝崩後，復入為侍中衛尉，從獻帝西遷，有功勤。,,待审,
1276,後漢書,54,及帝東還，夜走度河，觿率諸官屬步從至太陽，拜侍中。,,待审,
1277,後漢書,54,桓帝即位，以明尚書征入勸講，[一]拜太中大夫﹑左中郎將，遷侍中﹑尚書。,,待审,
1278,後漢書,54,後以司空高第，再遷侍中、越騎校尉。,,待审,
1280,後漢書,54,熹平中，以博習舊聞，公車徵拜議郎，[一]遷侍中﹑京兆尹。,,待审,
1281,後漢書,54,征還為侍中﹑五官中郎將，遷穎川﹑南陽太守，復拜侍中，三遷永樂少府﹑太僕﹑衛尉。,,待审,
1283,後漢書,55,宋氏為卿、校、侍中、大夫、謁者、郎吏十餘人。,,待审,
1284,後漢書,56,」太祖辟粲為丞相掾，後為侍中。,,待审,
1285,後漢書,56,及進敗，獻帝即位，拜劭為侍中。,,待审,
1290,後漢書,57,以所舉將為尚書，難與齊列，乞從冗散，拜侍中。,,待审,
1292,後漢書,57,勳後再遷至九卿，以病免，拜為侍中。,,待审,
1294,後漢書,59,後遷侍中，帝引在帷幄，諷議左右。,,待审,
1295,後漢書,59,及為侍中，上疏請得專事東觀，收撿遺文，畢力補綴。,,待审,
1298,後漢書,60下,桑弘羊，洛陽賈人也，以能心計為侍中。,,待审,
1300,後漢書,60下,其諸生皆勅州郡三公舉用辟召，或出為刺史、太守，入為尚書、侍中，乃有封侯賜爵者，士君子皆恥與為列焉。,,待审,
1302,後漢書,60下,遷巴郡太守，復留為侍中。,,待审,
1303,後漢書,61,時詔遣八使巡行風俗，皆選素有威名者，乃拜舉為侍中，舉侍中杜喬、守光祿大夫周栩、前青州刺史馮羨、尚書欒巴、侍御史張綱、兗州刺史郭遵、太尉長史劉班並守光祿大夫，分行天下。,,待审,
1304,後漢書,61,至光和末，太尉楊賜上書薦琬有撥亂之才，由是征拜議郎，擢為青州刺史，遷侍中。,,待审,
1305,後漢書,62,進恐其不至，迎薦為侍中，及進敗而詔命中絕。,,待审,
1307,後漢書,62,董卓入洛陽，乃使就家拜五官中郎將，不得已，到京師，遷侍中。,,待审,
1312,後漢書,63,稍遷為南郡太守，轉東海相，入拜侍中。,,待审,
1313,後漢書,64,稍遷侍中。,,待审,
1314,後漢書,64,[一]帝以非急務，轉為侍中，遷尚書。,,待审,
1315,後漢書,64,注[六]魏志曰：「毓字子家，十歲而孤，以學行稱，仕魏至侍中、吏部尚書。,,待审,
1316,後漢書,65,軍至，拜侍中。,,待审,
1318,後漢書,67,又再遷侍中、虎賁中郎將。,,待审,
1319,後漢書,67,」）察孝廉，舉高第，三遷侍中。,,待审,
1321,後漢書,69,子機渭陽侯，拜侍中；,,待审,
1322,後漢書,69,紹弟靖西鄉侯，為侍中，監羽林左騎。,,待审,
1324,後漢書,69,【光和二年】，貴人立為皇后，徵進入，拜侍中、將作大匠、河南尹。,,待审,
1327,後漢書,70,及帝都許，以彧爲侍中，守尚書令。,,待审,
1329,後漢書,70,使持節侍中守尚書令萬歲亭侯彧，國之望臣，德洽華夏，旣停軍所次，便宜與臣俱進，宣示國命，威懷醜虜。,,待审,
1330,後漢書,70,」書奏，帝從之，遂以彧爲侍中、光祿大夫，持節，參丞相軍事。,,待审,
1331,後漢書,71,堅壽亦顯名，後為侍中，辭不拜，病卒。,,待审,
1334,後漢書,72,）以弟旻為左將軍，封鄠侯，兄子璜為侍中、中軍校尉，皆典兵事。,,待审,
1345,後漢書,74下,至許，果拜嵩侍中、零陵太守。,,待审,
1347,後漢書,74下,義以疾退，終表世不仕，操以為侍中。,,待审,
1350,後漢書,79上,征拜議郎，稍遷侍中、弘農太守。,,待审,
1351,後漢書,79上,永平初，遷侍中祭酒。,,待审,
1352,後漢書,79上,帝善之，拜爲侍中，数进見問得失。,,待审,
1354,後漢書,79上,”帝即敕尚書解遵禁锢，拜憑虎贲中郎将，以侍中兼領之。,,待审,
1356,後漢書,79上,顺帝以登明識禮乐，使持節臨太學，奏定曲律，轉拜侍中。,,待审,
1357,後漢書,79上,擢拜侍中，典領秘書近署，甚見纳异。,,待审,
1358,後漢書,79上,服阕，征拜侍中。,,待审,
1359,後漢書,79下,拜諫議大夫、侍中、右中郎將。,,待审,
1360,後漢書,79下,永平初，為博士，再遷侍中。,,待审,
1364,後漢書,79下,十八年，以病乞身，為侍中騎都尉，卒於官。,,待审,
1365,後漢書,79下,」十八年，拜侍中騎都尉。,,待审,
1366,後漢書,79下,永平初，為侍中、越騎校尉，入講省內。,,待审,
1367,後漢書,79下,歲餘复徵，再遷侍中，卒於官。,,待审,
1368,後漢書,79下,遷侍中，出為弘農太守，卒官。,,待审,
1373,後漢書,80上,{{YL|永-{寧}-元年}}，太-{後}-又詔珍與騊駼作建武已來名臣傳，遷侍中、越騎校尉。,,待审,
1375,後漢書,81,后拜侍中，卒官。,,待审,
1376,後漢書,81,充迁侍中。,,待审,
1377,後漢書,81,征拜侍中，每朝廷大事，侃然正色，百官惮之。,,待审,
1380,後漢書,82下,稍遷侍中。,,待审,
1381,後漢書,82下,靈帝時，大將軍何進薦扶，徵拜侍中，甚見器重。,,待审,
1382,後漢書,9,初令侍中、給事黃門侍郎員各六人。,,待审,
1383,後漢書,9,（注：《續漢志》曰：「侍中，比二千石，無員。,,待审,
1384,後漢書,9,」《漢官儀》曰：「侍中，左蟬右貂，本秦丞相史，往來殿內，故謂之侍中。,,待审,
1385,後漢書,9,武帝時，孔安國爲侍中，以其儒者，特聽掌御唾壺，朝廷榮之。,,待审,
1386,後漢書,9,獻帝起居注曰：「自誅黃門後，侍中、侍郎出入禁中，機事頗露，由是王允乃奏侍中、黃門不得出入。,,待审,
1392,後漢書,92,以腢臣會司徒府議蔡邕集載：「三月九日，百官會府公殿下，東面，校尉南面，侍中、郎將、大夫、千石、六百石重行北面，議郎、博士西面。,,待审,
1395,後漢書,94,」）侍中、尚書、陛者皆神坐後。,,待审,
1396,後漢書,94,』」獻帝傳曰「興平元年正月甲子，帝加元服，司徒淳於嘉為賓，加賜玄纁駟馬，*[賜]*貴人、*(公主)**[王、公]*、卿、司隸*[校尉]*、城門五校及侍中、尚書、給事黃門侍郎各一人為太子舍人」也。,,待审,
1397,後漢書,94,給事黃門侍郎劉瞻兼侍中，假貂蟬加濟北王，給之。,,待审,
1398,後漢書,95,二刻，侍中、尚書、御史、謁者皆陛。,,待审,
1400,後漢書,95,夜漏上水，朝臣會，侍中、尚書、御史、謁者、虎賁、羽林郎將執事，皆赤幘陛□。,,待审,
951,全漢文,卷三十,及爲侍中，故定陵矦湻于長有大逆罪，公不敢私，建白誅討。,,待审,
953,全漢文,卷三十三,宣帝時，爲侍中，賜爵關內矦，進封都成矦，遷建章衞尉，諡曰敬矦。,,待审,
964,全漢文,卷九,前爲侍中，毀譖仁賢，誣愬大臣，令俊艾者久失其位。,,待审,
966,全漢文,卷二十七,武帝時，待詔，遷侍中中郎，坐法免，復召爲郎，拜東郡都尉，入爲光祿大夫侍中，後坐事誅。,,待审,
979,全漢文,卷五十六,及根兄子成都矦況幸得㠯外親繼父爲列矦侍中，不思報厚恩，亦聘取故掖庭貴人㠯爲妻，皆無人臣禮，大不敬不道。,,待审,
988,全漢文,卷六,（注：《漢書‧黃霸傳》︰「樂陵矦史高㠯外屬舊恩，侍中，貴重，霸薦高可太尉。,,待审,
995,全漢文,卷十三,武帝時，爲諫議大夫，遷侍中博士，出爲臨淮太守。,,待审,
999,全漢文,卷十九,武帝初，舉賢良對策，擢爲中大夫，後拜會稽太守，入爲侍中，坐與淮南王交私棄市。,,待审,
1014,全漢文,卷四十八,成帝初，州舉茂材，復補博士，出爲東平王太傅，入爲光祿大夫，丞相司直，給事中，歷少府、光祿勳侍中、太子太傅。,,待审,
803,全後漢文,卷一百六,汉□□□之□□王舅，是时宠特进朝侯大仆光禄侍中监营持节□□□功充列王室，遇谤于吕，委位捐尔，调官近（注：《隶释》作「沛」）土。,,待审,
807,全後漢文,卷七十一,魯旭侍中，牧守宣藩，部符數郡。,,待审,
808,全後漢文,卷七十七,祖侍中、廣川相。,,待审,
811,全後漢文,卷七十七,遷侍中、屯騎校尉、宗正、光祿勳、太尉，股肱元首，宣□□□，臣工允敕，帝載粵熹，寢疾遜位。,,待审,
813,全後漢文,卷七十九,季㠯高第爲侍-{御}-史、諫議大夫、侍中、虎賁中郎將、陳畱太守。,,待审,
814,全後漢文,卷七十九,少辟侍中，襲先公之爵，㠯議郎出爲濟陰太守。,,待审,
815,全後漢文,卷七十二,三月九日，百官會府公殿下，東面，校尉南面，侍中、郎將、大夫、千石、六百石重行北面，議郎、博士西面。,,待审,
817,全後漢文,卷七十五,【建寍元年】，召拜議郎，納忠盡規，匪懈于位，遷侍中、虎賁中郎將。,,待审,
820,全後漢文,卷七十八,司徒舉高第，拜侍中、越騎校尉。,,待审,
821,全後漢文,卷七十八,納于侍中，在帝左右。,,待审,
823,全後漢文,卷三十一,章帝卽位，拜侍中虎賁中郎將，出爲東郡太守。,,待审,
825,全後漢文,卷三十一,永平中，襲父綝爵陵陽矦，拜侍中，兼射聲校尉。,,待审,
826,全後漢文,卷三十一,和帝時，爲左中郎將，進侍中，領騎都尉，兼領祕書近署。,,待审,
828,全後漢文,卷三十三,和帝時，拜《魯詩》博士，遷侍中，出爲樂安相。,,待审,
829,全後漢文,卷三十三,徵拜議郎，進侍中，遷光祿勳。,,待审,
830,全後漢文,卷三十三,復徵，再遷中散大夫，進侍中，免。,,待审,
831,全後漢文,卷三十三,永初中，復徵，再遷侍中左中郎將，卒年七十五。,,待审,
833,全後漢文,卷三十九,聊蒼，爲漢侍中，著子書。,,待审,
836,全後漢文,卷三十四,』時{{參|憲|熹}}子世爲侍中，驂乘，歸具白之。,,待审,
838,全後漢文,卷三十四,侍中，周官也。,,待审,
846,全後漢文,卷三十四,侍中，秩千石。,,待审,
848,全後漢文,卷三十四,漢成帝取明經者充侍中，使辟百官公卿，參議可正爲止殿，行則負璽。,,待审,
851,全後漢文,卷三十四,侍中，周官，號曰常伯。,,待审,
852,全後漢文,卷三十四,侍中，周成王常伯任侍中，殿下稱制，出卽陪乘，佩璽抱劒。,,待审,
853,全後漢文,卷三十四,《漢官表》曰：「凡侍中、左右曹諸吏、散騎、中常侍，皆加官也。,,待审,
855,全後漢文,卷三十四,）位次侍中，侍從左右，關通內外，給事于中，故曰給事{{*|案：《太平-{御}-覽》引下有「中」字。,,待审,
856,全後漢文,卷三十四,尚書令侍中，上東西寺及侍中寺。,,待审,
860,全後漢文,卷九十九,寿张侯以功德加位特进，其次并以高声处卿校，侍中、尚书，据州典郡，不可胜载，为天下著性。,,待审,
866,全後漢文,卷二十七,建武初，爲諫議大夫、博士，封關內矦，遷少府，拜侍中、祭酒、騎都尉。,,待审,
867,全後漢文,卷二十七,和帝時，徵爲郎，遷侍中、步兵校尉、宗正，免。,,待审,
868,全後漢文,卷二十七,復拜侍中，遷長水校尉。,,待审,
869,全後漢文,卷二十七,永平中，襲爵關內矦，拜議郎，遷侍中，兼虎賁中郎將。,,待审,
871,全後漢文,卷二十七,司隸舉茂材，大尉舉有道，公車徵拜議郎、司徒長史，入登侍中，宣美顧問。,,待审,
872,全後漢文,卷二十七,復拜侍中、屯騎校尉、宗正、光祿勳，遂授大尉，悉謨百揆四門之職，懷夫三事，和昭鼎實。,,待审,
874,全後漢文,卷二十九,元和中，拜侍中。,,待审,
876,全後漢文,卷二十九,建初初，爲尚書令，出爲平原相，徵拜侍中，遷太司農。,,待审,
877,全後漢文,卷二十二,永建初，襲父雍爵乘氏矦，遷侍中、屯騎校尉。,,待审,
878,全後漢文,卷二十二,初爲黃門侍郎，轉侍中、虎賁中郎將、越騎步兵校尉、執金吾。,,待审,
883,全後漢文,卷五十一,今瓌無他功德，但㠯配阿母女，旣忝位侍中，一時之閒，超至封矦，不稽舊制，不合經義，行人諠譁，百寮不安。,,待审,
884,全後漢文,卷五十一,桓帝卽位，拜太中大夫、左中郎將，遷侍中、尚書、光祿大夫，㠯梁冀擅權，稱病去官。,,待审,
885,全後漢文,卷五十一,司空舉高第，遷侍中、越騎校尉。,,待审,
886,全後漢文,卷五十一,靈帝時侍中，出爲汝南太守。,,待审,
887,全後漢文,卷五十一,帝崩，後復入爲侍中，領衞尉，從獻帝西遷。,,待审,
889,全後漢文,卷五十一,熹平中，徵拜議郎，遷侍中、京兆尹。,,待审,
890,全後漢文,卷五十一,光和中，復爲侍中、五官中郎將，遷潁川、南陽太守。,,待审,
891,全後漢文,卷五十一,復爲侍中，三遷永樂少府、太僕、衞尉。,,待审,
893,全後漢文,卷五十九,後爲侍中，守光祿大夫，遷河南太守，徵爲大鴻臚。,,待审,
894,全後漢文,卷五十二,陽嘉中，遷侍中。,,待审,
895,全後漢文,卷五十八,初仕郡，徵拜議郎，遷侍中。,,待审,
897,全後漢文,卷五十八,）建光初，徵有道高第，拜侍中。,,待审,
899,全後漢文,卷五十八,熹平中，爲侍中、五官中郎將。,,待审,
901,全後漢文,卷五十六,永寍初，遷侍中、越騎校尉。,,待审,
903,全後漢文,卷五十六,給事中掌侍從左右，無員，位次侍中、常侍，或名儒，或國親。,,待审,
907,全後漢文,卷八,（注：《後漢紀》二十七︰「李傕舉博士李儒爲侍中，詔曰云云。,,待审,
919,全後漢文,卷六十一,桓帝㠯博士徵，拜議郎，著作東觀，進侍中，歷左馮翊、京兆尹，㠯疾免。,,待审,
920,全後漢文,卷六十七,五府竝辟，司空袁逢舉有道，大將軍何進請爲從事中郎，迎薦爲侍中，皆未就。,,待审,
923,全後漢文,卷六十七,會悅遷爲侍中，其五年書成，乃奏記-{云}-。,,待审,
924,全後漢文,卷六十七,建安初，進侍中，守尚書令，後封萬歲亭矦。,,待审,
925,全後漢文,卷六十三,桓帝時，徵博士，舉賢良方正，再遷爲侍中，拜五官中郎將，轉長水校尉，遷魏郡太守，徵拜大鴻臚，㠯病乞還。,,待审,
926,全後漢文,卷六十三,獻帝初，拜五官中郎將，遷侍中。,,待审,
928,全後漢文,卷六十五,靈帝時，拜侍-{御}-史，封中陵鄕矦，三遷尚書令，拜侍中，徙京兆尹。,,待审,
930,全後漢文,卷六十六,靈帝初，爲侍中，與竇武謀誅宦官，被誅。,,待审,
931,全後漢文,卷六十四,徵還拜侍中，轉執金吾、河南尹。,,待审,
932,全後漢文,卷六十四,）建和初，舉有道方正，對策，拜議郎，再遷侍中，襲封廚亭矦。,,待审,
933,全後漢文,卷六十四,獻帝西遷，爲侍中，封江南亭矦，代楊彪爲司空，免。,,待审,
934,全後漢文,卷六十四,}}舉賢良方正，對策第一，拜議郎，再遷尚書，又再遷侍中、虎賁中郎將。,,待审,
937,全後漢文,卷十六,哀、平閒徵試博士，對策高等，拜議郎，遷侍中。,,待审,
939,全後漢文,卷十六,建初中，㠯皇-{后}-兄拜爲郎，遷侍中、虎賁中郎將。,,待审,
942,全後漢文,卷四十九,拜侍中，免。,,待审,
943,全後漢文,卷四十二,光和末，徵拜議郎，擢青州刺史，遷侍中。,,待审,
945,全後漢文,卷四十五,遷公車司馬令、侍中，遂相河閒，政㠯禮成，民是用思。,,待审,
1026,前漢紀,013,孟時年十餘歳因將光西入關仕光爲郞遷侍中去¶,,待审,
1415,後漢紀,009,平徵爲議郞上數引見遷侍中宗正平薦舉承宮郇¶,,待审,
1418,後漢紀,011,之久身所安也徴拜侍中苞性恬虗以死自乞有詔¶,,待审,
1452,後漢紀,027,亂之才由是徴拜議郎權爲青州刺史遷侍中尚書¶,,待审,
1479,東觀漢記,001,興為侍中興受詔雲臺廣室甘露降四十五日(案日太/平御覽)¶,,待审,
1486,東觀漢記,015,涕歎息乃還就國兼射聲校尉(案范書本傳明帝永平/十三年鴻以侍中兼此)¶,,待审,
1488,東觀漢記,016,禮讓甚見親厚郁以永平十四年為議郎遷侍中上自¶,,待审,
1489,東觀漢記,016,戴憑字次仲(案范書本傳憑/汝南平輿人)為侍中數進見問得失上¶,,待审,
1491,東觀漢記,016,侍中兼領之正旦朝賀百僚畢㑹上令羣臣能說經者¶,,待审,
1494,東觀漢記,017,憲嗣爵乃徵愷拜為郎稍遷侍中愷之入朝在位者莫¶,,待审,
1495,東觀漢記,018,嘉之賜布五百匹衣一襲拜侍中領騎都尉内備帷幄¶,,待审,
1497,東觀漢記,018,李育字元春(案范書本傳/育扶風漆人)為侍中時章帝西謁園陵育¶,,待审,
1755,隸釋,009,儒學者之宗可許之詔聽以侍中行服後其子焉¶,,待审,
1759,隸釋,011,大夫勸講亐華光之内遷侍中　騎校尉宗正光禄¶,,待审,
1762,隸釋,020,試博士大常丞以明氣候擢拜侍中右中郎將遷九¶,,待审,
1764,隸釋,021,拜太中大夫復拜侍中屯騎校尉宗正光禄勲遂授¶,,待审,
1765,隸釋,021,太尉傳至太中大夫始云遷侍中其前自長史入登¶,,待审,
2,三國志,第七章:张顾诸葛步传,及登卒后，为侍中，拜羽林都督，平三典军事，迁扬武将军。,,待审,
3,三國志,第七章:张顾诸葛步传,后为吴郡西部都尉，与诸葛恪等共平山越，别得精兵八千人，还屯军章坑，拜昭义中郎将，入为侍中。,,待审,
4,三國志,第七章:张顾诸葛步传,遣玑与弟璿诣洛阳为任，晋以阐为都督西陵诸军事、卫将军、仪同三司，加侍中，假节领交州牧，封宜都公；,,待审,
5,三國志,第三章:三嗣主传,九月丁亥，峻卒，以从弟偏将军綝为侍中、武卫将军，领中外诸军事，召还据等。,,待审,
6,三國志,第三章:三嗣主传,“戊戌，诏曰：“大将军掌中外诸军事，事统烦多，其加卫将军御史大夫恩侍中，与大将军分省诸事。,,待审,
7,三國志,第三章:三嗣主传,元兴元年八月，以上大将军施绩、大将军丁奉为左右大司马，张布为骠骑将军，加侍中，诸增位班赏，一皆如旧。,,待审,
8,三國志,第二十章:王楼贺韦华传,孙皓即位，封高陵亭候，迁中书仆射，职省，为侍中，常领左国史。,,待审,
11,三國志,第八章:张严程阚薛传,玄子尚，孙皓时为侍郎，以言语辩捷见知，擢为侍中、中书令。,,待审,
12,三國志,第八章:张严程阚薛传,嘉禾中，为中书令，加侍中。,,待审,
14,三國志,第十七章:是仪胡综传,后从太子还建业，复拜侍中、中执法，平诸官事、领辞讼如旧。,,待审,
15,三國志,第十七章:是仪胡综传,权下都建业，详、综并为侍中，进封乡侯，兼左右领军。,,待审,
16,三國志,第十七章:是仪胡综传,”此文既流行，而质已入为侍中矣。,,待审,
20,三國志,第四章:刘繇太史慈士燮传,繇兄岱，字公山，历位侍中，兖州刺史。,,待审,
24,三國志,第九章:董刘马陈董吕传,先主称尊号，以良为侍中。,,待审,
27,三國志,第九章:董刘马陈董吕传,“亮寻请祎为参军，允迁为侍中，领虎贲中郎将，统宿卫亲兵。,,待审,
28,三國志,第九章:董刘马陈董吕传,七年，以侍中守尚书令，为大将军费祎副贰。,,待审,
29,三國志,第九章:董刘马陈董吕传,陈祗代允为侍中，与黄皓互相表里，皓始预政事。,,待审,
30,三國志,第九章:董刘马陈董吕传,吕乂卒，祗又以侍中守尚书令，加镇军将军，大将军姜维虽班在祗上，常率众在外，希亲朝政。,,待审,
32,三國志,第五章:诸葛亮传,侍中、侍郎郭攸之、费祎、董允等，此皆良实，志虑忠纯，是以先帝简拔以遗陛下。,,待审,
33,三國志,第五章:诸葛亮传,侍中、尚书、长史、参军，此悉贞良死节之臣，愿陛下亲之信之，则汉室之隆，可计日而待也。,,待审,
34,三國志,第五章:诸葛亮传,臣寿等言：臣前在著作郎，侍中领中书监济北侯臣荀勖、中书令关内侯臣和峤奏，使臣定故蜀丞相诸葛亮故事。,,待审,
35,三國志,第五章:诸葛亮传,其明年为羽林中郎将，屡迁射声校尉、侍中、尚书仆射，加军师将军。,,待审,
36,三國志,第五章:诸葛亮传,”后为侍中，守尚书令。,,待审,
38,三國志,第六章:关张马黄赵传,弱冠为侍中、中监军，数岁卒。,,待审,
40,三國志,第十三章:黄李吕马王张传,且败军之将，免死为幸，何古人之可慕也”文帝善之，拜为镇南将军，封育阳侯，加侍中，使之陪乘。,,待审,
42,三國志,第十五章:邓张宗杨传,迁为侍中，徙尚书。,,待审,
43,三國志,第十四章:蒋琬费祎姜维传,”还，迁为侍中。,,待审,
44,三國志,第十章:刘彭廖李刘魏杨传,二十四年，先主为汉中王，徵立为侍中。,,待审,
47,三國志,第一章:武帝纪,十一月，初置尚书、侍中、六卿。,,待审,
50,三國志,第九章:诸夏侯曹传,明帝崩，齐王即位，加爽侍中，改封武安侯，邑万二千户，赐剑履上殿，入朝不趋，赞拜不名。,,待审,
52,三國志,第二十一章:王卫二刘傅传,魏国既建，拜侍中。,,待审,
54,三國志,第二十一章:王卫二刘傅传,魏国既建，拜侍中，与王粲并典制度。,,待审,
55,三國志,第二十一章:王卫二刘傅传,文帝即王位，为侍中，赐爵关内侯。,,待审,
57,三國志,第二十三章:和常杨杜赵裴传,魏国既建，为侍中，后有白毛玠谤毁太祖，太祖见近臣，怒甚。,,待审,
59,三國志,第二十三章:和常杨杜赵裴传,魏国既建，为侍中，与王粲、和洽并用。,,待审,
60,三國志,第二十三章:和常杨杜赵裴传,文帝即王位，为侍中。,,待审,
61,三國志,第二十九章:方技传,璩六十一为侍中，直省内，欻见白狗，问之众人，悉无见者。,,待审,
63,三國志,第二十二章:桓二陈徐卫卢传,文帝践阼，迁尚书令，封高乡亭侯，加侍中。,,待审,
64,三國志,第二十二章:桓二陈徐卫卢传,群转为侍中，领丞相东西曹掾。,,待审,
65,三國志,第二十二章:桓二陈徐卫卢传,及践阼，迁尚书仆射，加侍中，徙尚书令，进爵颖乡侯。,,待审,
66,三國志,第二十二章:桓二陈徐卫卢传,后徵泰为尚书右仆射，典选举，加侍中光禄大夫。,,待审,
67,三國志,第二十二章:桓二陈徐卫卢传,加侍中光禄大夫，迁司徒。,,待审,
68,三國志,第二十二章:桓二陈徐卫卢传,“帝遂以宣为左仆射，后加侍中光禄大夫。,,待审,
70,三國志,第二十二章:桓二陈徐卫卢传,明帝即位，进封康乡侯，后转为右仆射，典选举，如前加侍中。,,待审,
71,三國志,第二十二章:桓二陈徐卫卢传,青龙二年，入为侍中。,,待审,
75,三國志,第二十二章:桓二陈徐卫卢传,毌丘俭作乱，大将军司马景王出征，毓纲纪后事，加侍中。,,待审,
76,三國志,第二十五章:辛毗杨阜高堂隆传,文帝践阼，迁侍中，赐爵关内侯。,,待审,
78,三國志,第二十五章:辛毗杨阜高堂隆传,迁侍中，犹领太史令。,,待审,
80,三國志,第六章:董二袁刘传,兄子璜为侍中中军校尉典兵；,,待审,
86,三國志,第十三章:钟繇华歆王朗传,拜御史中丞，迁侍中尚书仆射，并录前功封东武亭侯。,,待审,
87,三國志,第十三章:钟繇华歆王朗传,乃表繇以侍中守司隶校尉，持节督关中诸军，委之以后事，特使不拘科制。,,待审,
88,三國志,第十三章:钟繇华歆王朗传,后以失爽意，徙侍中，出为魏郡太守。,,待审,
90,三國志,第十三章:钟繇华歆王朗传,歆至，拜议郎，参司空军事，入为尚书，转侍中，代荀彧为尚书令。,,待审,
91,三國志,第十三章:钟繇华歆王朗传,顷之，为侍中，迁太常。,,待审,
92,三國志,第十二章:崔毛徐何邢鲍司马传,文帝践阼，为侍中尚书仆射，赐爵关内侯，出为司隶校尉，徙太常。,,待审,
96,三國志,第十五章:刘司马梁张温贾传,文帝践阼，以恢为侍中，出为魏郡太守。,,待审,
97,三國志,第十六章:任苏杜郑仓传,徵拜侍中，与董昭同寮。,,待审,
100,三國志,第十六章:任苏杜郑仓传,使侍中、尚书坐则侍帷幄，行则从华辇，亲对诏问，所陈必达，则群臣之行，能否皆可得而知；,,待审,
102,三國志,第十四章:程郭董刘蒋刘传,二年，分邑百户，赐昭弟访爵关内侯，徙昭为侍中。,,待审,
103,三國志,第十四章:程郭董刘蒋刘传,黄初元年，以晔为侍中，赐爵关内侯。,,待审,
105,三國志,第十四章:程郭董刘蒋刘传,是岁，俱加侍中、光禄大夫。,,待审,
106,三國志,第十四章:程郭董刘蒋刘传,曹爽诛后，复以资为侍中，领中书令。,,待审,
107,三國志,第十四章:程郭董刘蒋刘传,资复逊位归第，就拜骠骑将军，转侍中，特进如故。,,待审,
108,三國志,第十章:荀彧攸贾诩传,天子拜太祖大将军，进彧为汉侍中，守尚书令。,,待审,
111,三國志,第四章:少帝纪,正始元年春二月乙丑，加侍中中书监刘放、侍中中书令孙资为左右光禄大夫。,,待审,
115,三國志,第四章:少帝纪,其以壹为侍中车骑将军、假节、交州牧、吴侯，开府辟召仪同三司，依古侯伯八命之礼，衮冕赤舄，事从丰厚。,,待审,
572,三國志,01,十一月，初置尚書、侍中、六卿。,,待审,
575,三國志,01,乙亥，二貴人入宮，御史大夫、中二千石將大夫、議郎會殿中，魏國二卿及侍中、中郎二人，與漢公卿並升殿宴。,,待审,
577,三國志,01,受胙納神以授侍中，此爲敬恭不終實也，古者親執祭事，故吾親納于神，終抱而歸也。,,待审,
578,三國志,01,紀字季行，少有美名，爲丞相掾，王甚敬異之，遷侍中，守少府。,,待审,
580,三國志,02,使侍中守光祿勳郗慮持節奉策免溫官。,,待审,
595,三國志,04,【正始元年】春二月乙丑，加侍中中書監劉放、侍中中書令孫資為左右光祿大夫。,,待审,
603,三國志,04,其以壹為侍中車騎將軍、假節、交州牧、吳侯，開府辟召儀同三司，依古侯伯八命之禮，衮冕赤舄，事從豐厚。,,待审,
606,三國志,05,溫本國侯，進為輔國大將軍，加侍中，領射聲校尉，德鎮軍大將軍。,,待审,
607,三國志,05,德暮年官更轉為宗正，遷侍中。,,待审,
608,三國志,05,世祖以此望德，由此出德為大鴻臚，加侍中、光祿大夫，尋疾薨，贈中軍大將軍，開府侍中如故，諡恭公，子喜嗣。,,待审,
609,三國志,05,喜精粹有器美，歷中書郎、右衛將軍、侍中，位至輔國大將軍，加散騎常侍。,,待审,
611,三國志,06,後大將軍何進辟爲東曹屬，稍遷侍中、河南尹、越騎校尉。,,待审,
613,三國志,06,後遷巴東太守，卓上留拜侍中，至長安爲左中郎將。,,待审,
617,三國志,06,侍中、侍郎見傕帶仗，皆惶恐，亦帶劒持刀，先入在帝側。,,待审,
624,三國志,06,」表遂使之，果如所言，天子拜嵩侍中，遷零陵太守，還稱朝廷、曹公之德也。,,待审,
625,三國志,06,文帝時爲侍中，太和中卒，巽在荊州，目龐統爲半英雄，證裴潛終以清行顯；,,待审,
630,三國志,09,父炽，侍中、長水校尉。,,待审,
632,三國志,09,明帝崩，齊王即位，加爽侍中，改封武安侯，邑萬二千戶，賜劒履上殿，入朝不趨，贊拜不名。,,待审,
634,三國志,09,正始初，乃出爲潁川太守，轉大將軍長史，遷侍中尚書。,,待审,
636,三國志,09,至正始初，曲合於曹爽，亦以才能，故爽用爲散騎侍郎，遷侍中尚書。,,待审,
637,三國志,09,正始中，遷侍中尚書僕射。,,待审,
641,三國志,10,天子拜太祖大將軍，進彧爲漢侍中，守尚書令。,,待审,
642,三國志,10,侍中守尚書令彧，積德累行，少長無悔，遭世紛擾，懷忠念治。,,待审,
643,三國志,10,建安初爲祕書監侍中，被詔刪《漢書》作《漢紀》三十篇，因事以明臧否，致有典要；,,待审,
655,三國志,12,{{*|《魏書》曰：信父丹，官至少府侍中，世以儒雅顯。,,待审,
659,三國志,13,拜御史中丞，遷侍中尚書僕射，并錄前功封東武亭侯。,,待审,
660,三國志,13,乃表繇以侍中守司隷校尉，持節督關中諸軍，委之以後事，特使不拘科制。,,待审,
661,三國志,13,謹按侍中守司隷校尉東武亭侯鍾繇，幸得蒙恩，以斗筲之才，仍見拔擢，顯從近密，銜命督使。,,待审,
662,三國志,13,後以失爽意，徙侍中，出爲魏郡太守。,,待审,
664,三國志,13,歆至，拜議郎，參司空軍事，入爲尚書，轉侍中，代荀彧爲尚書令。,,待审,
665,三國志,13,頃之，爲侍中，遷太常。,,待审,
666,三國志,13,歷河南尹、侍中，所居有稱。,,待审,
667,三國志,13,明帝時，入爲侍中、大司農。,,待审,
669,三國志,14,二年，分邑百戶，賜昭弟訪爵關內侯，徙昭為侍中。,,待审,
670,三國志,14,【黃初元年】，以曄為侍中，賜爵關內侯。,,待审,
673,三國志,14,是歲，俱加侍中、光祿大夫。,,待审,
674,三國志,14,」）曹爽誅後，復以資為侍中，領中書令。,,待审,
675,三國志,14,）資复遜位歸第，就拜驃騎將軍，轉侍中，特進如故。,,待审,
677,三國志,15,文帝践阼，以恢爲侍中，出爲魏郡太守。,,待审,
678,三國志,16,徵拜侍中，与董昭同寮。,,待审,
684,三國志,16,使侍中、尚书坐则侍帷幄，行则从华辇，亲对诏问，所陈必达，则群臣之行，能否皆可得而知；,,待审,
687,三國志,21,魏國旣建，拜侍中。,,待审,
690,三國志,21,齊王即位，稍遷侍中、大將軍長史。,,待审,
691,三國志,21,復爲侍中，典著作。,,待审,
694,三國志,21,）魏國旣建，拜侍中，與王粲並典制度。,,待审,
695,三國志,21,文帝即王位，爲侍中，賜爵關內侯。,,待审,
696,三國志,21,時舉斐任侍中，並無所就。,,待审,
697,三國志,21,建安中，爲郡上計吏，特拜郎中，稍遷侍中中書監，以光祿大夫遜位，年七十五卒於家。,,待审,
698,三國志,21,太和中，誕爲武都太守，以能書留補侍中，魏氏寶器銘題皆誕書云。,,待审,
701,三國志,22,文帝践阼，遷尚書令，封高鄉亭侯，加侍中。,,待审,
702,三國志,22,纪历位平原相、侍中、大鸿胪，著书数十篇，世谓之陈子。,,待审,
703,三國志,22,羣转爲侍中，领丞相东西曹掾。,,待审,
704,三國志,22,及践阼，遷尚書仆射，加侍中，徙尚書令，进爵颖鄉侯。,,待审,
705,三國志,22,後徵泰爲尚書右仆射，典選舉，加侍中光禄大夫。,,待审,
706,三國志,22,”）加侍中光禄大夫，遷司徒。,,待审,
709,三國志,22,明帝即位，进封康鄉侯，後转爲右仆射，典選舉，如前加侍中。,,待审,
710,三國志,22,稍迁侍中、尚书。,,待审,
715,三國志,22,毌丘俭作乱，大將軍司马景王出征，毓纲纪後事，加侍中。,,待审,
716,三國志,23,魏國既建，爲侍中，後有白毛玠謗毀太祖，太祖見近臣，怒甚。,,待审,
718,三國志,23,魏國既建，爲侍中，與王粲、和洽並用。,,待审,
724,三國志,24,充無後，以壽子謐為嗣，弱冠為祕書監侍中，性驕佚而才出壽。,,待审,
726,三國志,25,文帝踐阼，遷侍中，賜爵關內侯。,,待审,
728,三國志,25,遷侍中，猶領太史令。,,待审,
729,三國志,27,茂至侍中、尚書。,,待审,
733,三國志,29,平子雖為侍中，馬先生雖給事省中，俱不典工官，巧無益於世。,,待审,
734,三國志,29,璩六十一為侍中，直省內，欻見白狗，問之眾人，悉無見者。,,待审,
736,三國志,30,王治于賴城，魏賜其王壹多雜守魏侍中，號大都尉，受魏王印。,,待审,
738,三國志,31,」於是靈帝徵扶，即拜侍中。,,待审,
742,三國志,35,侍中、侍郎郭攸之、費禕、董允等，此皆良實，志慮忠純，是以先帝簡拔以遺陛下。,,待审,
743,三國志,35,侍中、尚書、長史、參軍，此悉貞良死節之臣，願陛下親之信之，則漢室之隆，可計日而待也。,,待审,
744,三國志,35,臣壽等言：臣前在著作郎，侍中領中書監濟北侯臣荀勖、中書令關內侯臣和嶠奏：使臣定故蜀丞相諸葛亮故事。,,待审,
745,三國志,35,其明年為羽林中郎將，屢遷射聲校尉、侍中、尚書僕射，加軍師將軍。,,待审,
746,三國志,35,」後為侍中，守中書令。,,待审,
747,三國志,36,弱冠為侍中、中監軍，數歲卒。,,待审,
750,三國志,39,先主稱尊號，以良為侍中。,,待审,
753,三國志,39,」亮尋請禕為參軍，允遷為侍中，領虎賁中郎將，統宿衛親兵。,,待审,
754,三國志,39,七年，以侍中守尚書令，為大將軍費禕副貳。,,待审,
755,三國志,39,陳祗代允為侍中，與黃皓互相表裡，皓始預政事。,,待审,
756,三國志,39,呂乂卒，祗又以侍中守尚書令，加鎮軍將軍，大將軍姜維雖班在祗上，常率眾在外，希親朝政。,,待审,
757,三國志,40,二十四年，先主為漢中王，徵立為侍中。,,待审,
760,三國志,43,」文帝善之，拜為鎮南將軍，封育陽候，加侍中，使之陪乘。,,待审,
762,三國志,44,”）還，遷為侍中。,,待审,
764,三國志,45,遷為侍中，徙尚書。,,待审,
767,三國志,48,九月丁亥，峻卒，以從弟偏將軍綝爲侍中、武衞將軍，領中外諸軍事，召還據等。,,待审,
769,三國志,48,}}」戊戌，詔曰：「大將軍掌中外諸軍事，事統煩多，其加衞將軍御史大夫恩侍中，與大將軍分省諸事。,,待审,
770,三國志,48,【元興元年】八月，以上大將軍施績、大將軍丁奉爲左右大司馬，張布爲驃騎將軍，加侍中，諸增位班賞，一皆如舊。,,待审,
773,三國志,49,）繇兄岱，字公山，歷位侍中，兗州刺史。,,待审,
774,三國志,52,及登卒後，爲侍中，拜羽林都督，平三典軍事，遷揚武將軍。,,待审,
775,三國志,52,卒，表赠侍中、骠骑将军、仪同三司。,,待审,
777,三國志,52,闡累世在西陵，卒被-{征}-命，自以失職，又懼有讒禍，於是據城降晉，遣璣與弟璿詣洛陽爲任，晉以闡爲都督西陵諸軍事、衞將軍、儀同三司，加侍中，假節領交州牧，封宜都公。,,待审,
778,三國志,53,）孫皓時為侍郎，以言語辯捷見知，擢為侍中、中書令。,,待审,
779,三國志,57,育后仕朝，常在台阁，为东观令，遥拜清河太守，加位侍中，推刺占射，文艺多通。,,待审,
782,三國志,59,後爲侍中，出補武昌左部督，治軍整頓。,,待审,
790,三國志,62,後從太子還建業，復拜侍中、中執法，平諸官事、領辭訟如舊。,,待审,
791,三國志,62,權下都建業，詳、綜並為侍中，進封鄉侯，兼左、右領軍。,,待审,
792,三國志,62,此文既流行，而質已人為侍中矣。,,待审,
797,三國志,64,孫權末，徙武衛都尉，為侍中。,,待审,
800,三國志,64,鞏其有變，數加賞賜，又復加恩侍中，與綝分省文書。,,待审,
801,三國志,64,皓既踐阼，加興侍中，領青州牧。,,待审,
802,三國志,65,孫皓即位，封高陵亭侯，遷中書僕射，職省，為侍中，常領左國史。,,待审,
