id,name,dynasty_primary,category,is_外戚,is_士人,is_降人,is_佞幸,is_宦官,is_勋贵,n_terms,n_sources,status
P0001,丁恭,东汉,士人,0,0,0,0,0,0,1,1,已校
P0002,丁鸿,东汉,士人,0,0,0,0,0,0,1,1,已校
P0003,严助,西汉,士人,0,0,0,0,0,0,1,1,已校
P0004,乐松,东汉,其他,0,0,0,0,0,0,1,1,已校
P0005,任安,东汉,士人,0,0,0,0,0,0,1,1,已校
P0006,任芝,东汉,其他,0,0,0,0,0,0,1,1,已校
P0007,伍琼,东汉,士人,0,0,0,0,0,0,1,1,已校
P0008,伏完,东汉,外戚,0,0,0,0,0,0,1,1,已校
P0009,伏无忌,东汉,士人,0,0,0,0,0,0,1,1,已校
P0010,何休,东汉,士人,0,0,0,0,0,0,1,1,已校
P0011,何晏,魏,外戚/士人,0,0,0,0,0,0,1,1,已校
P0012,何进,东汉,外戚,0,0,0,0,0,0,1,1,已校
P0014,傅俊,东汉,勋贵,0,0,0,0,0,0,1,1,已校
P0015,傅商,西汉,外戚,0,0,0,0,0,0,1,1,已校
P0016,傅喜,西汉,外戚,0,0,0,0,0,0,1,1,已校
P0017,傅嘉,西汉,其他,0,0,0,0,0,0,1,1,已校
P0018,傅巽,汉魏之际,士人,0,0,0,0,0,0,1,1,已校
P0019,公孙敬聲,西汉,阙,0,0,0,0,0,0,1,1,已校
P0020,关兴,蜀汉,勋贵,0,0,0,0,0,0,1,1,已校
P0021,关统,蜀汉,勋贵,0,0,0,0,0,0,1,1,已校
P0022,冯石,东汉,外戚/勋贵,0,0,0,0,0,0,1,1,已校
P0023,刘儒,东汉,士人,0,0,0,0,0,0,1,1,已校
P0024,刘劭,魏,士人,0,0,0,0,0,0,1,1,已校
P0025,刘宽,东汉,士人,0,0,0,0,0,0,1,1,已校
P0026,刘岱,东汉,士人,0,0,0,0,0,0,1,1,已校
P0027,刘平,东汉,士人,0,0,0,0,0,0,1,1,已校
P0028,刘廙,汉魏之际,士人,0,0,0,0,0,0,1,1,已校
P0029,刘恭,更始_东汉,宗室,0,0,0,0,0,0,1,1,已校
P0030,刘放,魏,士人,0,0,0,0,0,0,1,1,已校
P0031,刘昆,东汉,士人,0,0,0,0,0,0,1,1,已校
P0032,刘晔,汉魏之际,士人,0,0,0,0,0,0,1,1,已校
P0033,刘棻,新,士人,0,0,0,0,0,0,1,1,已校
P0034,刘植,东汉,勋贵,0,0,0,0,0,0,1,1,已校
P0035,刘歆,西汉,士人,0,0,0,0,0,0,1,1,已校
P0036,刘淑,东汉,士人,0,0,0,0,0,0,1,1,已校
P0037,刘珍,东汉,士人,0,0,0,0,0,0,1,1,已校
P0038,刘瑜,东汉,阙,0,0,0,0,0,0,1,1,已校
P0039,刘瑰,东汉,外戚,0,0,0,0,0,0,1,1,已校
P0040,刘能卿,更始,其他,0,0,0,0,0,0,1,1,已校
P0041,刘艾,东汉,士人,0,0,0,0,0,0,1,1,已校
P0042,刘茂,东汉,勋贵,0,0,0,0,0,0,0,0,已校
P0043,包咸,东汉,士人,0,0,0,0,0,0,1,1,已校
P0044,华歆,汉魏之际,士人,0,0,0,0,0,0,1,1,已校
P0045,单飏,东汉,士人,0,0,0,0,0,0,1,1,已校
P0046,卫伉,西汉,外戚/勋贵,0,0,0,0,0,0,1,1,已校
P0047,卫臻,魏,士人,0,0,0,0,0,0,1,1,已校
P0048,卫青,西汉,外戚/勋贵,0,0,0,0,0,0,1,1,已校
P0049,台崇,东汉,其他,0,0,0,0,0,0,1,1,已校
P0050,史丹,西汉,阙,0,0,0,0,0,0,1,1,已校
P0051,史恃,东汉,阙,0,0,0,0,0,0,1,1,已校
P0052,史高,西汉,外戚,0,0,0,0,0,0,1,1,已校
P0053,向栩,东汉,士人,0,0,0,0,0,0,1,1,已校
P0054,周举,东汉,士人,0,0,0,0,0,0,1,1,已校
P0055,周广,东汉,其他,0,0,0,0,0,0,1,1,已校
P0056,周毖,东汉,士人,0,0,0,0,0,0,1,1,已校
P0057,周泽,东汉,士人,0,0,0,0,0,0,1,1,已校
P0058,和峤,汉魏之际,阙,0,0,0,0,0,0,1,1,已校
P0059,和洽,魏,士人,0,0,0,0,0,0,1,1,已校
P0060,和逌,魏,士人,0,0,0,0,0,0,1,1,已校
P0061,孔昱,东汉,士人,0,0,0,0,0,0,1,0,已校
P0062,孔永,新,其他,0,0,0,0,0,0,0,0,已校
P0063,孔霸,西汉,士人,0,0,0,0,0,0,0,0,已校
P0064,孙峻,吴,其他,0,0,0,0,0,0,1,1,已校
P0065,孙期,东汉,士人,0,0,0,0,0,0,1,1,已校
P0066,孙綝,吴,其他,0,0,0,0,0,0,1,1,已校
P0067,孙邕,魏,士人,0,0,0,0,0,0,1,1,已校
P0068,宋弘,西汉_东汉,士人,0,0,0,0,0,0,1,1,已校
P0069,宋登,东汉,士人,0,0,0,0,0,0,1,1,已校
P0070,宗预,蜀汉,士人,0,0,0,0,0,0,1,1,已校
P0071,宣秉,东汉,士人,0,0,0,0,0,0,1,1,已校
P0072,寇荣,东汉,勋贵,0,0,0,0,0,0,0,0,已校
P0073,尹勋,东汉,士人,0,0,0,0,0,0,1,1,已校
P0074,尹忠,东汉,其他,0,0,0,0,0,0,1,1,已校
P0075,尹敏,东汉,士人,0,0,0,0,0,0,1,1,已校
P0076,常洽,东汉,士人,0,0,0,0,0,0,1,1,已校
P0077,庾峻,晋,士人,0,0,0,0,0,0,1,1,已校
P0078,廖立,蜀汉,士人,0,0,0,0,0,0,1,1,已校
P0079,张兴,东汉,士人,0,0,0,0,0,0,1,0,已校
P0080,张千秋,西汉,勋贵,0,0,0,0,0,0,1,1,已校
P0081,张布,吴,其他,0,0,0,0,0,0,1,1,已校
P0082,张延寿,西汉,勋贵,0,0,0,0,0,0,1,0,已校
P0083,张彭祖,西汉,佞幸/旧恩,0,0,0,0,0,0,1,1,已校
P0084,张放,西汉,外戚/佞幸,0,0,0,0,0,0,1,1,已校
P0085,张湛,东汉,士人,0,0,0,0,0,0,0,0,已校
P0086,张玄,东汉,士人,0,0,0,0,0,0,1,0,已校
P0087,张纯,东汉,士人,0,0,0,0,0,0,1,0,已校
P0088,张绍,蜀汉,其他,0,0,0,0,0,0,1,1,已校
P0089,张衡,东汉,士人,0,0,0,0,0,0,1,1,已校
P0090,张辟彊,西汉,勋贵,0,0,0,0,0,0,1,1,已校
P0091,张霸,东汉,士人,0,0,0,0,0,0,1,1,已校
P0092,张驯,东汉,士人,0,0,0,0,0,0,1,1,已校
P0093,徐博,西汉,阙,0,0,0,0,0,0,0,0,已校
P0094,徐宣,汉魏之际,阙,0,0,0,0,0,0,1,1,已校
P0095,戴凭,东汉,士人,0,0,0,0,0,0,1,0,已校
P0096,承宫,东汉,士人,0,0,0,0,0,0,1,1,已校
P0097,施延,东汉,士人,0,0,0,0,0,0,1,1,已校
P0098,是仪,吴,士人,0,0,0,0,0,0,1,1,已校
P0099,曹褒,东汉,士人,0,0,0,0,0,0,0,0,已校
P0100,朱买臣,西汉,士人,0,0,0,0,0,0,1,1,已校
P0101,朱展,东汉,其他,0,0,0,0,0,0,1,1,已校
P0102,李仁,吴,士人,0,0,0,0,0,0,1,1,已校
P0103,李充,东汉,士人,0,0,0,0,0,0,0,0,已校
P0104,李尤,东汉,士人,0,0,0,0,0,0,1,1,已校
P0105,李延年,西汉,其他,0,0,0,0,0,0,1,1,已校
P0106,李棽,新,其他,0,0,0,0,0,0,1,1,已校
P0107,李法,东汉,士人,0,0,0,0,0,0,1,1,已校
P0108,李膺,东汉,士人,0,0,0,0,0,0,1,1,已校
P0109,李陵,西汉,勋贵,0,0,0,0,0,0,1,1,已校
P0110,杜乔,东汉,阙,0,0,0,0,0,0,1,1,已校
P0111,杜辅,西汉,阙,0,0,0,0,0,0,1,1,已校
P0112,来历,东汉,外戚/勋贵,0,0,0,0,0,0,1,1,已校
P0113,杨伦,东汉,士人,0,0,0,0,0,0,0,0,已校
P0114,杨厚,东汉,士人,0,0,0,0,0,0,1,1,已校
P0115,杨奇,东汉,士人,0,0,0,0,0,0,1,1,已校
P0116,杨彪,东汉,士人,0,0,0,0,0,0,1,1,已校
P0117,杨政,东汉,士人,0,0,0,0,0,0,1,1,已校
P0118,杨文父,东汉,其他,0,0,0,0,0,0,1,1,已校
P0119,杨琦,东汉,士人,0,0,0,0,0,0,1,1,已校
P0120,杨秉,东汉,士人,0,0,0,0,0,0,1,1,已校
P0121,杨统,东汉,士人,0,0,0,0,0,0,1,1,已校
P0122,杨赐,东汉,士人,0,0,0,0,0,0,1,1,已校
P0123,桑弘羊,西汉,士人,0,0,0,0,0,0,1,1,已校
P0124,桓郁,东汉,士人,0,0,0,0,0,0,1,1,已校
P0125,楼望,东汉,士人,0,0,0,0,0,0,1,1,已校
P0126,欧阳地余,西汉,士人,0,0,0,0,0,0,1,1,已校
P0127,江革,东汉,士人,0,0,0,0,0,0,1,1,已校
P0128,淳于恭,东汉,士人,0,0,0,0,0,0,1,0,已校
P0129,淳于长,西汉,外戚,0,0,0,0,0,0,1,1,已校
P0130,爰延,东汉,士人,0,0,0,0,0,0,1,1,已校
P0131,王允,东汉,士人,0,0,0,0,0,0,1,1,已校
P0132,王况,西汉,外戚,0,0,0,0,0,0,1,1,已校
P0133,王凤,西汉,外戚,0,0,0,0,0,0,1,1,已校
P0134,王去疾,西汉,外戚,0,0,0,0,0,0,1,1,已校
P0135,王参,西汉,外戚,0,0,0,0,0,0,0,0,已校
P0136,王商,西汉,外戚,0,0,0,0,0,0,1,1,已校
P0137,王奇,新,外戚,0,0,0,0,0,0,1,1,已校
P0138,王忽,西汉,其他,0,0,0,0,0,0,1,1,已校
P0139,王接,西汉,阙,0,0,0,0,0,0,1,1,已校
P0140,王方,东汉,士人,0,0,0,0,0,0,1,1,已校
P0141,王望,新,其他,0,0,0,0,0,0,1,1,已校
P0142,王林卿,西汉,外戚,0,0,0,0,0,0,1,1,已校
P0143,王歙,更始,阙,0,0,0,0,0,0,1,1,已校
P0144,王沈,魏,士人,0,0,0,0,0,0,1,1,已校
P0145,王粲,汉魏之际,士人,0,0,0,0,0,0,1,1,已校
P0146,王能,西汉,阙,0,0,0,0,0,0,1,1,已校
P0147,王舜,西汉,外戚,0,0,0,0,0,0,1,1,已校
P0148,王莽,西汉_新,外戚,0,0,0,0,0,0,1,1,已校
P0149,王蕃,吴,士人,0,0,0,0,0,0,1,1,已校
P0150,王辅,东汉,其他,0,0,0,0,0,0,1,1,已校
P0151,王逸,东汉,士人,0,0,0,0,0,0,1,1,已校
P0152,王邑,西汉_新,外戚,0,0,0,0,0,0,1,1,已校
P0153,王闳,西汉,阙,0,0,0,0,0,0,1,1,已校
P0154,王音,西汉,阙,0,0,0,0,0,0,1,1,已校
P0155,王龚,西汉,士人,0,0,0,0,0,0,1,1,已校
P0156,班伯,西汉,士人,0,0,0,0,0,0,1,1,已校
P0157,璩（待考）,魏,待考,0,0,0,0,0,0,1,1,已校
P0158,甄邯,西汉_新,外戚,0,0,0,0,0,0,1,1,已校
P0159,种劭,东汉,士人,0,0,0,0,0,0,1,1,已校
P0160,种辑,汉魏之际,士人,0,0,0,0,0,0,1,1,已校
P0161,窦宪,东汉,外戚,0,0,0,0,0,0,1,1,已校
P0162,窦机,东汉,外戚,0,0,0,0,0,0,1,1,已校
P0163,耿承,东汉,外戚,0,0,0,0,0,0,1,1,已校
P0164,耿箕,东汉,外戚,0,0,0,0,0,0,1,1,已校
P0165,耿纪,汉魏之际,士人,0,0,0,0,0,0,1,1,已校
P0166,苏武,西汉,士人,0,0,0,0,0,0,1,1,已校
P0167,荀勖,魏_晋,士人,0,0,0,0,0,0,1,1,已校
P0168,荀悦,东汉,阙,0,0,0,0,0,0,1,1,已校
P0169,荀顗,魏_晋,士人,0,0,0,0,0,0,1,1,已校
P0170,萧育,东汉,士人,0,0,0,0,0,0,1,1,已校
P0171,董允,蜀汉,士人,0,0,0,0,0,0,1,1,已校
P0172,董贤,西汉,佞幸,0,0,0,0,0,0,1,1,已校
P0173,蔡玄,东汉,士人,0,0,0,0,0,0,1,1,已校
P0174,蔡茂,东汉,士人,0,0,0,0,0,0,1,1,已校
P0175,蔡邕,东汉,阙,0,0,0,0,0,0,1,1,已校
P0176,虞子和,东汉,宗室/勋贵,0,0,0,0,0,0,1,1,已校
P0177,袁隗,东汉,士人,0,0,0,0,0,0,1,1,已校
P0178,许允,魏,士人,0,0,0,0,0,0,1,1,已校
P0179,许延寿,西汉,阙,0,0,0,0,0,0,1,1,已校
P0180,许慎,东汉,士人,0,0,0,0,0,0,1,0,已校
P0181,许相,东汉,其他,0,0,0,0,0,0,1,1,已校
P0182,许章,西汉,外戚,0,0,0,0,0,0,1,1,已校
P0183,诸葛瞻,蜀汉,宗室/勋贵,0,0,0,0,0,0,1,1,已校
P0184,谢弼,东汉,士人,0,0,0,0,0,0,1,1,已校
P0185,谢惲,东汉,阙,0,0,0,0,0,0,1,1,已校
P0186,谢笃,东汉,外戚,0,0,0,0,0,0,1,1,已校
P0187,费祎,蜀汉,士人,0,0,0,0,0,0,1,1,已校
P0188,贺纯,东汉,阙,0,0,0,0,0,0,1,1,已校
P0189,贾复,东汉,勋贵,0,0,0,0,0,0,1,1,已校
P0190,贾建,东汉,外戚,0,0,0,0,0,0,1,1,已校
P0191,贾彪,东汉,士人,0,0,0,0,0,0,1,1,已校
P0192,贾逵,东汉,士人,0,0,0,0,0,0,1,1,已校
P0193,赵代,东汉,士人,0,0,0,0,0,0,1,1,已校
P0194,赵典,东汉,士人,0,0,0,0,0,0,1,1,已校
P0195,赵孝,东汉,士人,0,0,0,0,0,0,1,1,已校
P0196,赵憙,东汉,勋贵,0,0,0,0,0,0,1,1,已校
P0197,赵苞,东汉,士人,0,0,0,0,0,0,1,1,已校
P0198,邓义,东汉,阙,0,0,0,0,0,0,1,1,已校
P0199,邓叠,东汉,外戚,0,0,0,0,0,0,1,1,已校
P0200,邓干,东汉,外戚,0,0,0,0,0,0,1,1,已校
P0201,邓建,东汉,外戚,0,0,0,0,0,0,1,1,已校
P0202,邓弘,东汉,外戚,0,0,0,0,0,0,1,1,已校
P0203,邓蕃,东汉,外戚,0,0,0,0,0,0,1,1,已校
P0204,邓阊,东汉,外戚,0,0,0,0,0,0,1,0,已校
P0205,邓骘,东汉,外戚,0,0,0,0,0,0,1,1,已校
P0206,郑业,西汉,阙,0,0,0,0,0,0,1,0,已校
P0207,郑均,东汉,士人,0,0,0,0,0,0,1,0,已校
P0208,郑小同,魏,士人,0,0,0,0,0,0,1,1,已校
P0209,郑弘,东汉,士人,0,0,0,0,0,0,1,0,已校
P0210,郑文信,汉魏之际,阙,0,0,0,0,0,0,1,1,已校
P0211,郑玄,东汉,士人,0,0,0,0,0,0,1,0,已校
P0212,郑称,汉魏之际,士人,0,0,0,0,0,0,1,1,已校
P0213,郗虑,东汉,阙,0,0,0,0,0,0,1,1,已校
P0214,郤巡,东汉,士人,0,0,0,0,0,0,1,1,已校
P0215,郭举,东汉,外戚,0,0,0,0,0,0,1,1,已校
P0216,郭攸之,蜀汉,士人,0,0,0,0,0,0,1,1,已校
P0217,郭昌,东汉,阙,0,0,0,0,0,0,1,1,已校
P0218,金安上,西汉,降人,0,0,0,0,0,0,1,1,已校
P0219,金敞,西汉,降人,0,0,0,0,0,0,1,1,已校
P0220,金日磾,西汉,降人,0,0,0,0,0,0,1,1,已校
P0221,金汤,西汉,降人,0,0,0,0,0,0,1,1,已校
P0222,金涉,西汉,降人,0,0,0,0,0,0,1,1,已校
P0223,金融,西汉,降人,0,0,0,0,0,0,1,0,已校
P0224,金赏,西汉,阙,0,0,0,0,0,0,1,1,已校
P0225,金迁,东汉,阙,0,0,0,0,0,0,1,1,已校
P0226,钟兴,东汉,士人,0,0,0,0,0,0,1,0,已校
P0227,钟繇,汉魏之际,士人,0,0,0,0,0,0,1,1,已校
P0228,闾丘弘,东汉,士人,0,0,0,0,0,0,1,1,已校
P0229,阎畅,东汉,外戚,0,0,0,0,0,0,1,1,已校
P0230,阚泽,吴,士人,0,0,0,0,0,0,1,1,已校
P0231,阴兴,东汉,外戚,0,0,0,0,0,0,1,1,已校
P0232,阴统,东汉,外戚,0,0,0,0,0,0,1,1,已校
P0233,阴识,东汉,外戚,0,0,0,0,0,0,1,1,已校
P0234,陈俊,东汉,勋贵,0,0,0,0,0,0,1,1,已校
P0235,陈光,东汉,士人,0,0,0,0,0,0,1,0,已校
P0236,陈泰,魏,士人,0,0,0,0,0,0,1,1,已校
P0237,陈球,东汉,士人,0,0,0,0,0,0,1,1,已校
P0238,陈矫,魏,士人,0,0,0,0,0,0,1,0,已校
P0239,陈祗,蜀汉,其他,0,0,0,0,0,0,1,1,已校
P0240,陈群,汉魏之际,士人,0,0,0,0,0,0,1,1,已校
P0241,陈翔,东汉,士人,0,0,0,0,0,0,1,0,已校
P0242,霍光,西汉,外戚/勋贵,0,0,0,0,0,0,1,1,已校
P0243,霍去病,西汉,外戚/勋贵,0,0,0,0,0,0,1,1,已校
P0244,霍嬗,西汉,外戚/勋贵,0,0,0,0,0,0,1,1,已校
P0245,霍山,西汉,外戚,0,0,0,0,0,0,1,1,已校
P0246,霍禹,西汉,外戚,0,0,0,0,0,0,1,1,已校
P0247,韩增,西汉,勋贵,0,0,0,0,0,0,1,1,已校
P0248,韩嵩,东汉,士人,0,0,0,0,0,0,1,1,已校
P0249,韩说,东汉,士人,0,0,0,0,0,0,1,1,已校
P0250,顾雍,吴,士人,0,0,0,0,0,0,1,1,已校
P0251,马何罗,西汉,阙,0,0,0,0,0,0,1,1,已校
P0252,马宇,东汉,士人,0,0,0,0,0,0,1,1,已校
P0253,马康,东汉,外戚,0,0,0,0,0,0,1,1,已校
P0254,马武,东汉,勋贵,0,0,0,0,0,0,1,1,已校
P0255,马良,蜀汉,士人,0,0,0,0,0,0,1,1,已校
P0256,高堂隆,魏,士人,0,0,0,0,0,0,1,1,已校
P0257,魏应,东汉,士人,0,0,0,0,0,0,1,1,已校
P0258,鲍勋,魏,士人,0,0,0,0,0,0,1,1,已校
P0259,黄权,蜀汉_魏,士人,0,0,0,0,0,0,1,1,已校
