term_id,person_id,name,dynasty_primary,start_ym,end_ym,start_year,end_year,nature,nature_primary,evidence,book,juan,quote_head
15798,P0001,丁恭,东汉,阙,阙,44,,建武二十年拜侍中祭酒、骑都尉,见原典,有明文,后汉书,第七十五章:儒林列传下,二十年，拜侍中祭酒、骑都尉，与侍中刘昆俱在光武左右，每事咨访焉
15800,P0002,丁鸿,东汉,阙,阙,,,拜侍中；后司徒,见原典,有明文,后汉书,卷67桓荣丁鸿传,顷之，拜侍中
15806,P0004,乐松,东汉,阙,阙,,,灵帝时侍中祭酒；鸿都门下,见原典,有明文,后汉书,第五十四章:蔡邕列传下,侍中祭酒乐松、贾护，多引无行趣势之徒，并待制鸿都门下，熹陈方俗闾里小事，帝甚悦之，待以不次之位
15808,P0005,任安,东汉,阙,阙,,,稍迁侍中弘农太守,见原典,有明文,后汉书,卷109儒林上,任安字定祖，广汉綿竹人也
15810,P0006,任芝,东汉,阙,阙,,,灵帝时侍中,见原典,有明文,后汉书,第四十七章:杨震列传,书奏，帝欲止，以问侍中任芝、中常侍乐松
15813,P0007,伍琼,东汉,阙,阙,,,城门校尉（一说与侍中周毖并列名士）,见原典,有明文,后汉书,第六十四章:郑孔荀列传,公业等与侍中伍琼、卓长史何颙共说卓，以袁绍为勃海太守，以发山东之谋
15814,P0008,伏完,东汉,阙,阙,,,侍中；辅国将军；不其侯,见原典,有明文,后汉书,卷10下皇后纪,父完，沉深有大度，襲爵不其侯，尚桓帝女阳安公主，为侍中
15816,P0009,伏无忌,东汉,阙,阙,156,,侍中屯骑校尉；永寿中,见原典,有明文,后汉书,卷56伏侯宋蔡冯赵牟韦传,顺帝时，为侍中屯骑校尉
15818,P0010,何休,东汉,阙,阙,,,见原典「侍中」明文,见原典,有明文,后汉书,第七十五章:儒林列传下,岁余复征，再迁侍中，卒于官
15822,P0012,何进,东汉,阙,阙,,,拜侍中将作大匠河南尹；大将军,见原典,有明文,后汉书,卷99窦何传,何进字遂高，南阳宛人也
15827,P0014,傅俊,东汉,阙,阙,,,光武时侍中；迎阴丽华,见原典,有明文,后汉书,第十一章:皇后纪上,光武即位，令侍中傅俊迎后，与胡阳、宁平主诸宫人俱到洛阳，以后为贵人
15841,P0022,冯石,东汉,阙,阙,,,为侍中，稍迁卫尉；明帝时,见原典,有明文,东观汉记,卷013,冯石（案石鲂子/柱次子）襲母公主封獲嘉侯，亦为侍中，稍迁卫尉
15844,P0023,刘儒,东汉,阙,阙,,,三迁侍中,见原典,有明文,后汉书,卷97党锢传,刘儒字叔林，东郡阳平人也
15848,P0025,刘宽,东汉,阙,阙,,,由长史入登侍中（碑/集古录）；后至太尉；桓帝时,见原典,有明文,隶释,021,侍中史阙书也碑又云固疾逊位拜光禄大夫迁卫¶
15850,P0026,刘岱,东汉,阙,阙,,,侍中出为兖州刺史,见原典,有明文,后汉书,卷104董卓传,以尚书韩馥为冀州刺史，侍中刘岱为兗州刺史
15852,P0027,刘平,东汉,阙,阙,121,,建光中侍中,见原典,有明文,后汉书,第三十一章:刘赵淳于江刘周赵列传,建光中，公车特征，至，拜侍中
15861,P0031,刘昆,东汉,阙,阙,29,,稍迁侍中弘农太守；建武五年,见原典,有明文,后汉书,卷109儒林上,刘昆字桓公，陈留东昏人也
15868,P0034,刘植,东汉,阙,阙,,,光武以为侍中骑都尉,见原典,有明文,后汉书,卷32,刘植字伯先，巨鹿昌城人也
15873,P0036,刘淑,东汉,阙,阙,,,再迁侍中虎贲中郎将,见原典,有明文,后汉书,卷97党锢传,刘淑字仲承，河间乐成人也
15875,P0037,刘珍,东汉,阙,阙,,,侍中；护礼仪、撰《东观汉记》,见原典,有明文,后汉书,第四十八章:章帝八王列传,又遣中常侍奉太牢祠典，护礼仪侍中刘珍等及宗室列侯皆往会事
15877,P0038,刘瑜,东汉,阙,阙,,,见原典「侍中」明文,见原典,有明文,后汉书,第六十三章:窦何列传,武于是引同志尹勋为尚书令，刘瑜为侍中，冯述为屯骑校尉
15883,P0039,刘瑰,东汉,阙,阙,,,位至侍中（以外戚/乳母女）,见原典,有明文,后汉书,卷八十四,瑰遂以为妻，得襲护爵，位至侍中
15887,P0041,刘艾,东汉,阙,阙,,,献帝朝侍中；董卓乱中随驾，护天子,见原典,有明文,后汉书,第六十六章:董卓列传,既知不实，使侍中刘艾出让有司
15895,P0043,包咸,东汉,阙,阙,,,谏议大夫、侍中、右中郎将,见原典,有明文,后汉书,卷109儒林下,包咸字子良，会稽曲阿人也
15899,P0045,单飏,东汉,阙,阙,176,,太史令、侍中；熹平五年,见原典,有明文,后汉书,卷112方术下,举孝廉，稍迁太史令，侍中
15907,P0049,台崇,东汉,阙,阙,,,献帝时侍中,见原典,有明文,后汉书,卷9孝献帝纪,曹操殺侍中臺崇、尚书冯碩等
15912,P0051,史恃,东汉,阙,阙,,,见原典「侍中」明文,见原典,有明文,后汉纪,028,千級诏使侍中史恃太㒒韩融告张济曰朕惟宗庙¶
15915,P0053,向栩,东汉,阙,阙,,,灵帝时侍中；坐言宦者下狱死,见原典,有明文,后汉书,第九章:孝灵帝纪,侍中向栩、张钧坐言宦者，下狱死
15917,P0054,周举,东汉,阙,阙,,,见原典,见原典,有明文,后汉书,61,时诏遣八使巡行风俗，皆选素有威名者，乃拜举为侍中，举侍中杜乔、守光禄大夫周栩、前青州刺史冯羨、尚书栾巴、侍御史张綱、兗州刺史郭遵、太尉长史刘班並守光禄大夫，分行天下
15918,P0055,周广,东汉,阙,阙,,,安帝时侍中；与樊丰、耿宝、谢惲等谗陷杨震,见原典,有明文,后汉书,第五章:李王邓来列传,明年，中常侍樊丰与大将军耿宝、侍中周广、谢惲等共谗陷太尉杨震，震遂自杀
15921,P0056,周毖,东汉,阙,阙,,,董卓时为侍中,见原典,有明文,三国志,卷6董二袁刘传,侍中周毖、城门校尉伍瓊、议郎何颙等，皆名士也，卓信之，而阴为紹
15922,P0057,周泽,东汉,阙,阙,68,,侍中骑都尉；太常；永平十一年,见原典,有明文,后汉书,卷109儒林下,十八年，以病乞身，为侍中骑都尉，卒于官
15927,P0061,孔昱,东汉,阙,阙,,,见原典「侍中」明文,见原典,有明文,,,
15931,P0065,孙期,东汉,阙,阙,,,见原典「侍中」明文,见原典,有明文,后汉书,第七十四章:儒林列传上,”帝即敕尚书解遵禁锢，拜凭虎贲中郎将，以侍中兼领之
15940,P0069,宋登,东汉,阙,阙,,,转拜侍中；顺帝时,见原典,有明文,后汉书,卷109儒林上,宋登字叔阳，京兆长安人也
15944,P0071,宣秉,东汉,阙,阙,,,更始征为侍中；光武御史中丞,见原典,有明文,后汉书,卷56宣张二王杜郭吴承郑赵传,更始即位，徵为侍中
15946,P0073,尹勋,东汉,阙,阙,,,灵帝初为侍中，迁尚书令；与窦武谋诛宦官,见原典,有明文,后汉书,第五十章:杜栾刘李刘谢列传,及帝崩，大将军窦武欲大诛宦官，乃引瑜为侍中，又以侍中尹勋为尚书令，共同谋画
15948,P0074,尹忠,东汉,阙,阙,,,献帝时侍中；杨定请为长史,见原典,有明文,全后汉文,卷八,===报杨定請侍中尹忠为长史诏===
15950,P0075,尹敏,东汉,阙,阙,58,,永平初侍中,见原典,有明文,后汉书,第七十四章:儒林列传上,顺帝以登明识礼乐，使持节临太学，奏定曲律，转拜侍中
15955,P0076,常洽,东汉,阙,阙,,,侍中；献帝时,见原典,有明文,三国志,卷六董二袁刘传（注引）,帝闻温与傕书，問侍中常洽曰：『傕弗知臧否，温言太切，可为寒心。』
15959,P0079,张兴,东汉,阙,阙,,,见原典「侍中」明文,见原典,有明文,,,
15967,P0086,张玄,东汉,阙,阙,,,见原典「侍中」明文,见原典,有明文,,,
15969,P0087,张纯,东汉,阙,阙,,,哀、平间为侍中,见原典,有明文,,,
15974,P0089,张衡,东汉,阙,阙,,,侍中，引在帷幄；后出为河间相,见原典,有明文,后汉书,卷59张衡传,后迁侍中，帝引在帷幄，諷议左右
15979,P0091,张霸,东汉,阙,阙,,,征拜侍中领骑都尉,见原典,有明文,后汉书,卷56,张霸字伯饶，蜀郡成都人也
15981,P0092,张驯,东汉,阙,阙,,,擢拜侍中典领秘书；顺帝时,见原典,有明文,后汉书,卷109儒林上,擢拜侍中，典领秘书近署，甚见納异
15984,P0095,戴凭,东汉,阙,阙,,,光武时拜侍中，兼领虎贲中郎将,见原典,有明文,,,
15985,P0096,承宫,东汉,阙,阙,,,为侍中,见原典,有明文,后汉书,卷七十九儒林下,太常樓望、侍中承宫、长水校尉樊儵等皆受业于恭
15986,P0097,施延,东汉,阙,阙,129,,有道拜侍中；后太尉；永建中,见原典,有明文,后汉书,卷66郭陈列传,有诏拜有道高第士沛国施延为侍中，延后位至太尉
15993,P0101,朱展,东汉,阙,阙,,,献帝时侍中；东涧战死,见原典,有明文,后汉书,第十章:孝献帝纪,十一月庚午，李傕、郭汜等追乘舆，战于东涧，王师败绩，杀光禄勋邓泉、卫尉士孙瑞、廷尉宣播、大长秋苗祀、步兵校尉魏桀、侍中朱展、射声校尉沮俊
15996,P0104,李尤,东汉,阙,阙,25,,建武侍中,见原典,有明文,后汉书,第七十六章:文苑列传上,永宁元年，太后又诏珍与B05A駼作建武已来名臣传，迁侍中、越骑校尉
16002,P0107,李法,东汉,阙,阙,,,历位将军大夫侍中；和帝时,见原典,有明文,后汉书,卷78杨李翟应霍爰徐传,李法字伯度，汉中南郑人也
16004,P0108,李膺,东汉,阙,阙,,,再迁侍中虎贲中郎将,见原典,有明文,后汉书,卷97党锢传,李膺字元礼，潁川襄城人也
16008,P0110,杜乔,东汉,阙,阙,,,见原典「侍中」明文,见原典,有明文,后汉书,第五十七章:李杜列传,侍中杜乔，学深行直，当世良臣，久托疾病，可敕令起
16012,P0112,来历,东汉,阙,阙,97,,永元中为侍中，监羽林右骑,见原典,有明文,后汉书,第五章:李王邓来列传,历字伯珍，少袭爵，以公主子，永元中为侍中，监羽林右骑
16014,P0114,杨厚,东汉,阙,阙,127,,三迁为侍中；永建二年,见原典,有明文,后汉书,卷50上苏竟杨厚传,杨厚字仲桓，广汉新都人也
16016,P0115,杨奇,东汉,阙,阙,,,灵帝时为侍中,见原典,有明文,后汉书,卷八十四,牧孙奇，灵帝时为侍中，帝尝从容問奇曰：『朕何如桓帝？』
16017,P0116,杨彪,东汉,阙,阙,,,侍中卫尉；太尉；从献帝西迁,见原典,有明文,后汉书,卷84,熹平中，以博习舊闻，公车徵拜议郎，迁侍中、京兆尹
16020,P0117,杨政,东汉,阙,阙,,,拜为侍中；光武帝时,见原典,有明文,后汉书,卷109儒林上,杨政字子行，京兆人也
16022,P0118,杨文父,东汉,阙,阙,,,侍中（碑刻）,见原典,有明文,隶續,020,右侍中杨文父神道字体格与冯幽州阙相似必西¶
16023,P0119,杨琦,东汉,阙,阙,,,献帝时侍中,见原典,有明文,三国志,卷6董二袁刘传,李傕移乘舆幸北坞，侍中杨琦上封事
16026,P0120,杨秉,东汉,阙,阙,,,迁侍中尚书；太尉,见原典,有明文,后汉书,卷84杨震传,桓帝即位，以明《尚书》徵入劝讲……迁侍中、尚书
16028,P0121,杨统,东汉,阙,阙,,,为侍中,见原典,有明文,后汉书,卷50上,时統为侍中，厚随在京师
16029,P0122,杨赐,东汉,阙,阙,,,再迁侍中越骑校尉；司空,见原典,有明文,后汉书,卷84,后以司空高第，再迁侍中、越骑校尉
16032,P0124,桓郁,东汉,阙,阙,71,,永平十四年侍中,见原典,有明文,后汉书,37,一二五五页一行以侍中監虎贲中郎将按：刊誤谓汉无監虎贲官，盖是「兼」字，与丁鸿同也
16034,P0125,楼望,东汉,阙,阙,40,,侍中越骑校尉；大司农；建武中,见原典,有明文,后汉书,卷109儒林下,永平初，为侍中、越骑校尉，入讲省内
16036,P0127,江革,东汉,阙,阙,121,,建光中侍中,见原典,有明文,后汉书,第三十一章:刘赵淳于江刘周赵列传,引见极日，访以政事，迁侍中骑都尉，礼待甚优
16039,P0128,淳于恭,东汉,阙,阙,,,见原典「侍中」明文,见原典,有明文,,,
16043,P0130,爰延,东汉,阙,阙,,,再迁为侍中；桓帝时,见原典,有明文,后汉书,卷78杨李翟应霍爰徐传,爰延字季平……再迁为侍中
16045,P0131,王允,东汉,阙,阙,,,献帝时为侍中守尚书令,见原典,有明文,后汉书,卷96王允传,王允字子师，太原祁人也
16058,P0140,王方,东汉,阙,阙,,,致位侍中,见原典,有明文,后汉书,卷五十五卓鲁魏刘传,恭薦中牟名士王方……方致位侍中
16077,P0150,王辅,东汉,阙,阙,,,侍中；持节分诣山川祈祭,见原典,有明文,全后汉文,卷七,深恐在所慢违「如在」之义，今遣侍中王辅等，持節分詣岱山、东海、滎阳、河、洛，尽心祈焉
16080,P0151,王逸,东汉,阙,阙,,,顺帝时为侍中,见原典,有明文,后汉书,卷110文苑上,王逸字叔师，南郡宜城人也
16096,P0159,种劭,东汉,阙,阙,,,献帝即位拜侍中,见原典,有明文,后汉书,卷76张王种陈列传,及进败，献帝即位，拜劭为侍中
16098,P0161,窦宪,东汉,阙,阙,,,侍中内干机密；车骑将军；大将军,见原典,有明文,后汉书,卷23窦融传,和帝即位，太后临朝，憲以侍中，内干機密，出宣誥命
16102,P0162,窦机,东汉,阙,阙,,,渭阳侯拜侍中,见原典,有明文,后汉书,卷99窦何传,子機渭阳侯拜侍中
16103,P0163,耿承,东汉,阙,阙,,,林虑侯位至侍中,见原典,有明文,后汉书,卷49耿弇传,宝弟子承襲公主爵为林虑侯，位至侍中
16104,P0164,耿箕,东汉,阙,阙,134,,牟平侯为侍中；阳嘉三年,见原典,有明文,后汉书,卷49,顺帝遂紹封宝子箕牟平侯，为侍中
16110,P0168,荀悦,东汉,阙,阙,,,见原典「侍中」明文,见原典,有明文,后汉纪,029,封操万三千户平幽兾之功也八月侍中荀悦撰政¶
16113,P0170,萧育,东汉,阙,阙,,,再迁侍中,见原典,有明文,后汉书,卷109儒林下,岁余復徵，再迁侍中，卒于官
16119,P0173,蔡玄,东汉,阙,阙,,,顺帝时侍中,见原典,有明文,后汉书,第七十五章:儒林列传下,迁侍中，出为弘农太守，卒官
16121,P0174,蔡茂,东汉,阙,阙,,,哀平间侍中；光武司徒,见原典,有明文,后汉书,卷56伏侯宋蔡冯赵牟韦传,哀、平间以儒学显……迁侍中
16123,P0175,蔡邕,东汉,阙,阙,,,见原典「侍中」明文,见原典,有明文,三国志,06,卓怒，罷坐，欲誅植，侍中蔡邕劝之，得免
16124,P0176,虞子和,东汉,阙,阙,,,献帝时为侍中在长安,见原典,有明文,后汉书,卷105刘虞公孙瓒陶谦传,时，虞子和为侍中，因此遣和潛从武关出，告虞将兵來迎
16126,P0177,袁隗,东汉,阙,阙,,,太傅（表郑玄为侍中未行）,见原典,有明文,后汉书,卷65张曹郑传,后将军袁隗表为侍中，以父丧不行
16131,P0180,许慎,东汉,阙,阙,,,迁侍中；太尉南阁祭酒,见原典,有明文,,,
16133,P0181,许相,东汉,阙,阙,,,灵帝时侍中，与曹节王甫张让并为列侯,见原典,有明文,后汉书,第七十三章:宦者列传,伏闻中常侍曹节、王甫、张让等，及侍中许相，并为列侯
16141,P0184,谢弼,东汉,阙,阙,,,见原典「侍中」明文,见原典,有明文,后汉书,第五十章:杜栾刘李刘谢列传,勋后再迁至九卿，以病免，拜为侍中
16143,P0185,谢惲,东汉,阙,阙,,,见原典「侍中」明文,见原典,有明文,后汉书,第六章:孝安帝纪,辛卯，大将军耿宝、中常侍樊丰、侍中谢惲、周广、乳母野王君王圣，坐相阿党，丰、惲、广下狱死，宝自杀，圣徙雁门
16144,P0186,谢笃,东汉,阙,阙,,,为侍中（耿宝党与）,见原典,有明文,后汉书,卷十下皇后纪,惲弟侍中篤、篤弟大将军长史宓……更相阿党
16147,P0188,贺纯,东汉,阙,阙,,,安帝时侍中,见原典,有明文,三国志,60,齐伯父纯，儒学有重名，安帝时为侍中、江夏太守，去官，与江夏黄琼、〔广汉〕杨厚俱公车徵
16148,P0189,贾复,东汉,阙,阙,,,少为侍中虎贲中郎将；执金吾,见原典,有明文,后汉书,卷47冯岑贾传,少为侍中、虎贲中郎将，朝廷多稱其能
16150,P0190,贾建,东汉,阙,阙,,,即墨侯侍中；尚临颍公主,见原典,有明文,后汉书,第十二章:皇后纪下,皇女利，元年封临颍公主，适即墨侯侍中贾建
16151,P0191,贾彪,东汉,阙,阙,,,三迁侍中,见原典,有明文,后汉书,卷97党锢传,贾彪字伟節，潁川定陵人也
16153,P0192,贾逵,东汉,阙,阙,,,侍中；骑都尉；经学家,见原典,有明文,后汉书,卷36,和帝时，侍中贾逵薦尤有相如、杨雄之风
16156,P0193,赵代,东汉,阙,阙,,,为侍中；安帝时,见原典,有明文,后汉书,卷五十五,侍中闾丘弘、陈光、赵代、施延……
16157,P0194,赵典,东汉,阙,阙,147,,建和初侍中,见原典,有明文,后汉书,第十七章:宣张二王杜郭吴承郑赵,建和初，四府表荐，征拜议郎，侍讲禁内，再迁为侍中
16160,P0195,赵孝,东汉,阙,阙,66,,永平中侍中,见原典,有明文,后汉书,第三十一章:刘赵淳于江刘周赵列传,永平中，辟太尉府，显宗素闻其行，诏拜谏议大夫，迁侍中，又迁长乐卫尉
16162,P0196,赵憙,东汉,阙,阙,,,光武时为侍中骑都尉,见原典,有明文,后汉书,卷55,赵憙字伯阳，南阳宛人也
16163,P0197,赵苞,东汉,阙,阙,,,征拜侍中,见原典,有明文,后汉书,卷111独行列传,赵苞字威豪……徵拜侍中，每朝廷大事，侃然正色，百官憚之
16164,P0198,邓义,东汉,阙,阙,,,见原典「侍中」明文,见原典,有明文,全后汉文,卷八十七,侍中邓义㠯为不然而难之，彧令統荅焉
16165,P0199,邓叠,东汉,阙,阙,,,窦宪时侍中，行征西将军事为副,见原典,有明文,后汉书,第十三章:窦融列传,'宪独不受封，遂将兵出镇凉州，以侍中邓叠行征西将军事为副
16167,P0200,邓干,东汉,阙,阙,,,和帝复封拜侍中,见原典,有明文,后汉书,卷46邓寇传,元興元年，和帝復封乾本国，拜侍中
16168,P0201,邓建,东汉,阙,阙,,,邓太后时为侍中；顺帝时,见原典,有明文,后汉书,卷46邓寇传,时邓太后临朝，光寵最盛，以建为侍中，顺帝时为光禄勳
16169,P0202,邓弘,东汉,阙,阙,,,为侍中,见原典,有明文,后汉书,卷四十六,悝虎贲中郎将，弘、阊皆侍中
16170,P0203,邓蕃,东汉,阙,阙,,,昌安侯侍中；尚平皋公主,见原典,有明文,后汉书,第十二章:皇后纪下,皇女小姬，十二年封平皋公主，适昌安侯侍中邓蕃
16171,P0204,邓阊,东汉,阙,阙,,,为侍中,见原典,有明文,,,
16172,P0205,邓骘,东汉,阙,阙,,,大将军（举侍中鲁丕）,见原典,有明文,后汉书,卷46邓寇传,大将军邓骘举丕，再迁，復为侍中
16175,P0207,郑均,东汉,阙,阙,147,,建和初侍中,见原典,有明文,,,
16180,P0209,郑弘,东汉,阙,阙,84,,为侍中；后太尉；元和元年,见原典,有明文,,,
16183,P0211,郑玄,东汉,阙,阙,,,被表为侍中，以父丧不行（未任）,见原典,有明文,,,
16186,P0213,郗虑,东汉,阙,阙,,,见原典「侍中」明文,见原典,有明文,后汉纪,029,将兵于河上八月辛卯侍中郗虑尚书令荀彧司隷¶
16187,P0214,郤巡,东汉,阙,阙,,,官至侍中,见原典,有明文,后汉书,卷一百十二方术上,陈郡郤巡，学传英业，官至侍中
16188,P0215,郭举,东汉,阙,阙,85,,窦宪女弟婿，为侍中射声校尉；另章帝元和中有郭举伏诛,见原典,有明文,后汉书,101,三二三四页一０行憲女弟婿郭举为侍中射聲校尉按：窦憲传作「憲女婿」，通鉴同，此云「憲女弟婿」，未詳孰是
16192,P0217,郭昌,东汉,阙,阙,,,光武时侍中,见原典,有明文,史记,第五十一章:卫将军骠骑列传,以御见，侍中，为校尉，数从大将军
16210,P0225,金迁,东汉,阙,阙,,,见原典「侍中」明文,见原典,有明文,后汉纪,006,上愈亲厚之融久不自安数辞让爵位因侍中金迁¶
16211,P0226,钟兴,东汉,阙,阙,,,光武时侍中,见原典,有明文,,,
16214,P0228,闾丘弘,东汉,阙,阙,,,为侍中；安帝时,见原典,有明文,后汉书,卷五十五李王邓來传,侍中闾丘弘、陈光、赵代、施延……俱詣鸿都门證太子无过
16215,P0229,阎畅,东汉,阙,阙,,,以后父为侍中长水校尉；安帝时,见原典,有明文,后汉书,卷10下皇后纪,以后父侍中暢为长水校尉，封北宜春侯
16217,P0231,阴兴,东汉,阙,阙,,,侍中卫尉关内侯，领侍中受顾命,见原典,有明文,后汉书,卷62,明年夏，帝风眩疾甚，后以興领侍中，受顾命于云臺广室
16219,P0232,阴统,东汉,阙,阙,,,袭封昆阳侯，位侍中,见原典,有明文,后汉书,卷十下皇后纪,以康弟統襲封昆阳侯，位侍中
16220,P0233,阴识,东汉,阙,阙,,,迁侍中；执金吾,见原典,有明文,后汉书,卷62樊宏阴识传,迁侍中，以母忧辞归
16222,P0234,陈俊,东汉,阙,阙,,,光武即位以为侍中骑都尉；琅邪太守,见原典,有明文,后汉书,卷28吴盖陈臧传,光武即位，以为侍中、骑都尉，封山都侯
16224,P0235,陈光,东汉,阙,阙,,,为侍中；安帝时,见原典,有明文,,,
16229,P0237,陈球,东汉,阙,阙,,,拜侍中转执金吾,见原典,有明文,后汉书,卷86陈王列传,陈球字伯真，下邳淮浦人也
16236,P0241,陈翔,东汉,阙,阙,,,见原典「侍中」明文,见原典,有明文,,,
16246,P0248,韩嵩,东汉,阙,阙,,,侍中、零陵太守,见原典,有明文,后汉书,卷一百九袁紹刘表列传下,至许，果拜嵩侍中、零陵太守
16248,P0249,韩说,东汉,阙,阙,,,侍中；太常府覆校注记,见原典,有明文,全后汉文,卷八十一,侍中韩说、博士蔡较、谷城门𠊱刘洪、右郎中陈調于太常府，覆校注说，平议难問，恂、誠各对
16253,P0252,马宇,东汉,阙,阙,,,献帝时侍中,见原典,有明文,三国志,卷6董二袁刘传,侍中马宇与谏议大夫种邵、左中郎将刘範等謀，欲使腾襲长安
16255,P0253,马康,东汉,阙,阙,90,,永元二年为侍中,见原典,有明文,后汉书,卷五十四马援传,永元二年，光为太僕，康为侍中
16256,P0254,马武,东汉,阙,阙,,,光武即位为侍中骑都尉,见原典,有明文,后汉书,卷32朱景王杜马刘傅坚马传,世祖即位，以武为侍中、骑都尉，封山都侯
16262,P0257,魏应,东汉,阙,阙,58,,永平初再迁侍中；白虎观难问,见原典,有明文,后汉书,卷七十九儒林下,永平初，为博士，再迁侍中
15929,P0064,孙峻,吴,阙,阙,,,吴侍中；孙权疾困属以后事,见原典,有明文,三国志,第十九章:诸葛滕二孙濮阳传,权疾困，召恪、弘及太常滕胤、将军吕据、侍中孙峻，属以后事
15933,P0066,孙綝,吴,阙,阙,,,侍中武卫将军领中外诸军事,见原典,有明文,三国志,卷64诸葛滕二孙濮阳传,以从弟偏将军綝为侍中、武卫将军，领中外诸军事
15963,P0081,张布,吴,阙,阙,,,骠骑将军加侍中,见原典,有明文,三国志,卷64,张布为骠骑将军，加侍中
15987,P0098,是仪,吴,阙,阙,,,见原典,见原典,有明文,三国志,第十七章:是仪胡综传,权下都建业，详、综并为侍中，进封乡侯，兼左右领军
15995,P0102,李仁,吴,阙,阙,,,吴侍中,见原典,有明文,三国志,卷四十八（注引）,吴平后，晋侍中庾峻等問皓侍中李仁曰：『闻吴主披人面，刖人足，有诸乎？』
16076,P0149,王蕃,吴,阙,阙,,,孙皓时为侍中,见原典,有明文,三国志,卷65王楼贺韦华传,孙皓即位……为侍中，常领左国史
16216,P0230,阚泽,吴,阙,阙,235,,嘉禾中中书令加侍中,见原典,有明文,三国志,卷53张严程阚薛传,嘉禾中，为中书令，加侍中
16250,P0250,顾雍,吴,阙,阙,,,见原典「侍中」明文,见原典,有明文,三国志,第七章:张顾诸葛步传,及登卒后，为侍中，拜羽林都督，平三典军事，迁扬武将军
15866,P0033,刘棻,新,阙,阙,,,侍中五官中郎将（伊休侯）；王莽时,见原典,有明文,汉书,第七十七章:王莽传下,”伊休侯者，歆长子也，为侍中五官中朗将，莽素爱之
16000,P0106,李棽,新,阙,阙,,,侍中掌牧大夫，拜大将军扬州牧，赐名圣；王莽时,见原典,有明文,汉书,第七十七章:王莽传下,乃拜侍中掌牧大夫李棽为大将军、扬州牧，赐名圣，使将兵奋击
16054,P0137,王奇,新,阙,阙,,,侍中；扬武将军；王莽时,见原典,有明文,汉书,第五十六章:翟方进传,复以邑弟侍中王奇为扬武将军，城门将军赵恢为强弩将军，中郎将李棽为厌难将军，复将兵西
16059,P0141,王望,新,阙,阙,,,新莽末侍中；王莽时,见原典,有明文,汉书,第七十七章:王莽传下,中黄门各拔刃将忠等送庐，忠拔剑欲自刎，侍中王望传言大司马反，黄门持剑共格杀之
15956,P0077,庾峻,晋,阙,阙,,,晋侍中（**非两汉**）,见原典,有明文,三国志,卷四十八（注引）,晋侍中庾峻等問皓侍中李仁曰……
15884,P0040,刘能卿,更始,阙,阙,,,更始帝侍中,见原典,有明文,后汉书,第一章:刘玄刘盆子列传,侍中刘能卿知其谋，以告之
16067,P0143,王歙,更始,阙,阙,,,光武时侍中,见原典,有明文,后汉书,第四章:宗室四王三侯列传,更始立，歙从入关，封为元氏王，终为侍中
15857,P0029,刘恭,更始_东汉,阙,阙,,,更始帝侍中,见原典,有明文,后汉书,第一章:刘玄刘盆子列传,初，侍中刘恭以赤眉立其弟盆子，自系诏狱：闻更始败，乃出，步从至高陵，止传舍
15835,P0018,傅巽,汉魏之际,阙,阙,223,,黄初中为侍中尚书,见原典,有明文,三国志,卷21王卫二刘傅传,伯父巽，黄初中为侍中尚书
15854,P0028,刘廙,汉魏之际,阙,阙,,,魏王侍中；禅代奏议,见原典,有明文,三国志,卷02,魏王侍中刘廙、辛毗、刘曄、尚书令桓阶等言
15863,P0032,刘晔,汉魏之际,阙,阙,,,魏侍中；文帝谋臣,见原典,有明文,三国志,第二十五章:辛毗杨阜高堂隆传,文帝问侍中刘晔等：“武都太守何如人也？
15897,P0044,华歆,汉魏之际,阙,阙,,,转侍中代荀彧为尚书令,见原典,有明文,三国志,卷13钟繇华歆王朗传,歆至，拜议郎，参司空军事，入为尚书，转侍中，代荀彧为尚书令
15924,P0058,和峤,汉魏之际,阙,阙,,,见原典「侍中」明文,见原典,有明文,三国志,10,臣-{松}-之案和嶠为侍中，荀顗亡沒久矣
15983,P0094,徐宣,汉魏之际,阙,阙,,,见原典「侍中」明文,见原典,有明文,三国志,22,帝遂以宣为左仆射，后加侍中灌禄大夫
16071,P0145,王粲,汉魏之际,阙,阙,,,魏侍中,见原典,有明文,三国志,卷21王卫二刘傅传,是行也，侍中王粲作五言诗以美其事
16097,P0160,种辑,汉魏之际,阙,阙,,,为侍中（谋诛董卓）,见原典,有明文,三国志,卷十荀彧攸贾詡传,攸与议郎郑泰、何颙、侍中種辑、越骑校尉伍瓊等謀曰……
16105,P0165,耿纪,汉魏之际,阙,阙,,,献帝时侍中,见原典,有明文,三国志,卷23和常杨杜赵裴传,后至许，见侍中耿纪，语终夜
16182,P0210,郑文信,汉魏之际,阙,阙,,,见原典「侍中」明文,见原典,有明文,三国志,23,冯翊甲族桓、田、吉、郭及故侍中郑文信等，颇以其各有器实，共纪识之
16185,P0212,郑称,汉魏之际,阙,阙,223,,魏侍中；武德侯傅；黄初中,见原典,有明文,三国志,卷02文帝纪注引魏略,以侍中郑稱为武德侯傅
16212,P0227,钟繇,汉魏之际,阙,阙,,,迁侍中尚书仆射；以侍中守司隶校尉,见原典,有明文,三国志,卷13,拜御史中丞，迁侍中尚书僕射
16234,P0240,陈群,汉魏之际,阙,阙,,,群转为侍中领丞相东西曹掾,见原典,有明文,三国志,卷22桓二陈徐卫卢传,群转为侍中，领丞相东西曹掾
15838,P0020,关兴,蜀汉,阙,阙,,,弱冠为侍中中监军,见原典,有明文,三国志,卷36关张马黄赵传,弱冠为侍中、中監军，数岁卒
15839,P0021,关统,蜀汉,阙,阙,,,见原典,见原典,有明文,三国志,第六章:关张马黄赵传,弱冠为侍中、中监军，数岁卒
15942,P0070,宗预,蜀汉,阙,阙,,,迁侍中徙尚书,见原典,有明文,三国志,卷45邓张宗杨传,宗预字德豔，南阳安众人也
15957,P0078,廖立,蜀汉,阙,阙,,,先主为汉中王徵立为侍中,见原典,有明文,三国志,卷40刘彭廖李刘魏杨传,廖立字公淵，武陵临沅人也
15970,P0088,张绍,蜀汉,阙,阙,,,蜀汉侍中；后主降魏使者,见原典,有明文,三国志,第三章:后主传,谨遣私署侍中张绍、光禄大夫谯周、驸马都尉邓良奉赍印缓，请命告诚，敬输忠款，存亡敕赐，惟所裁之
16114,P0171,董允,蜀汉,阙,阙,,,侍中领虎贲中郎将统宿卫,见原典,有明文,三国志,卷39董刘马陈董吕传,允迁为侍中，领虎贲中郎将，統宿卫亲兵
16139,P0183,诸葛瞻,蜀汉,阙,阙,,,蜀汉侍中；诸葛亮子,见原典,有明文,三国志,第十三章:黄李吕马王张传,侍中诸葛瞻，丞相亮之子，恪从弟也，嶷与书曰：“东主初崩，帝实幼弱，太傅受寄讬之重，亦何容易！
16145,P0187,费祎,蜀汉,阙,阙,,,侍中守尚书令；大将军,见原典,有明文,三国志,卷44蒋琬费祎姜维传,亮寻請禕为参军……后为侍中，守尚书令
16190,P0216,郭攸之,蜀汉,阙,阙,,,蜀汉侍中；《出师表》所举,见原典,有明文,三国志,第九章:董刘马陈董吕传,上疏曰：“侍中郭攸之、费祎、侍郎董允等，先帝简拔以遗陛下，至于斟酌规益，进尽忠言，则其任也
16232,P0239,陈祗,蜀汉,阙,阙,,,代董允为侍中；守尚书令,见原典,有明文,三国志,卷39,陈祗代允为侍中，与黄皓互相表里，皓始预政事
16258,P0255,马良,蜀汉,阙,阙,,,以良为侍中,见原典,有明文,三国志,卷39,先主稱尊号，以良为侍中
16264,P0259,黄权,蜀汉_魏,阙,阙,,,魏加侍中；文帝时,见原典,有明文,三国志,卷四十三黄李吕马王张传,拜为镇南将军，封育阳侯，加侍中，使之陪乘
15803,P0003,严助,西汉,阙,阙,,,与朱买臣俱侍中；中大夫,见原典,有明文,汉书,卷64上严朱吾丘传,会邑子严助贵幸，薦买臣……与严助俱侍中
15829,P0015,傅商,西汉,阙,阙,,,哀帝时侍中，封汝昌侯,见原典,有明文,汉书,第十二章:哀帝纪,二月，封帝太太后从弟侍中傅商为汝昌侯，太后同母弟子侍中郑业为阳信侯
15831,P0016,傅喜,西汉,阙,阙,,,哀帝时侍中卫尉；后为大司马,见原典,有明文,汉书,第四十七章:眭两夏侯京翼李传,哀帝初即位，召寻待诏黄门，使侍中卫尉傅喜问寻曰：“间者水出地动，日月失度，星辰乱行，灾异仍重，极言毋有所讳
15833,P0017,傅嘉,西汉,阙,阙,,,昌邑王时侍中；数进谏系狱,见原典,有明文,汉书,第四十章:霍光金日磾传,文学、光禄大夫夏侯胜等及侍中傅嘉数进谏以过失，使人簿责胜，缚嘉系狱
15837,P0019,公孙敬聲,西汉,阙,阙,,,见原典「侍中」明文,见原典,有明文,汉书,019,|侍中公孙敬聲为太僕，十二年下獄死
15870,P0035,刘歆,西汉,阙,阙,-5,,哀帝建平中为侍中；欲立《左氏》,见原典,有明文,后汉书,第二十八章:郑范陈贾张列传,建平中，侍中刘歆欲立《左氏》，不先暴论大义，而轻移太常，恃其义长，诋挫诸儒，诸儒内怀不服，相与排之
15901,P0046,卫伉,西汉,阙,阙,,,侯世子，常侍中，贵幸,见原典,有明文,史记,第十九章:外戚世家,四子，长子伉为侯世子，侯世子常侍中，贵幸
15904,P0048,卫青,西汉,阙,阙,,,建章监、侍中；后车骑将军、大将军,见原典,有明文,史记,卷111卫将军骠骑列传,上闻，乃召青为建章監，侍中，及同母昆弟贵，赏赐数日闲累千金
15908,P0050,史丹,西汉,阙,阙,,,见原典「侍中」明文,见原典,有明文,汉书,第七十四章:元后传,时凤在位，与皇后、太子同心忧惧，刺侍中史丹拥右太子，语在《丹传》
15913,P0052,史高,西汉,阙,阙,,,侍中，贵幸；发举霍禹功封乐陵侯；宣帝时,见原典,有明文,汉书,第五十四章:王商史丹傅喜传,高侍中，贵幸，以发举反者大司马霍禹功封乐陵侯
15962,P0080,张千秋,西汉,阙,阙,,,中郎将侍中,见原典,有明文,汉书,卷五十九张汤传,安世子千秋、延寿、彭祖，皆中郎将侍中
15964,P0082,张延寿,西汉,阙,阙,,,中郎将侍中,见原典,有明文,,,
15965,P0083,张彭祖,西汉,阙,阙,,,侍中中郎将；以旧恩爱幸；宣帝时,见原典,有明文,汉书,卷九十三佞幸传,侍中中郎将张彭祖少与帝微时同席研书……以舊恩封阳都侯
15966,P0084,张放,西汉,阙,阙,,,为侍中中郎将，监平乐屯兵；复征为侍中光禄大夫；成帝时,见原典,有明文,汉书,第三十章:张汤传,后复征放为侍中光禄大夫，秩中二千石
15977,P0090,张辟彊,西汉,阙,阙,,,惠帝崩时为侍中，年十五,见原典,有明文,史记,卷009吕太后本纪,留侯子张辟彊为侍中，年十五，谓丞相曰：太后獨有孝惠，今崩，哭不悲，君知其解乎
15989,P0100,朱买臣,西汉,阙,阙,,,与严助俱幸，为侍中，后为太中大夫、会稽太守；武帝时,见原典,有明文,史记,第六十二章:酷吏列传,庄助使人言买臣，买臣以楚辞与助俱幸，侍中，为太中大夫，用事
15998,P0105,李延年,西汉,阙,阙,,,武帝时为侍中；协律都尉,见原典,有明文,史记,第二章:乐书,至今上即位，作《十九章》，令侍中李延年次序其声，拜为协律都尉
16006,P0109,李陵,西汉,阙,阙,,,少为侍中、建章监,见原典,有明文,史记,卷109李将军列传,陵字少卿，少为侍中建章監
16011,P0111,杜辅,西汉,阙,阙,,,见原典「侍中」明文,见原典,有明文,汉书,第七十四章:元后传,皇后使侍中杜辅、掖庭令浊贤交送政君太子宫，见丙殿
16031,P0123,桑弘羊,西汉,阙,阙,,,年十三为侍中；武帝时,见原典,有明文,史记,卷三十平準书,弘羊，雒阳贾人子，以心計，年十三侍中
16035,P0126,欧阳地余,西汉,阙,阙,,,元帝即位后侍中，贵幸，至少府,见原典,有明文,汉书,088,元帝即位，地余侍中，贵幸，至少府
16040,P0129,淳于长,西汉,阙,阙,,,侍中卫尉；定陵侯,见原典,有明文,汉书,卷93佞幸传,帝嘉长义，拜为列校尉诸曹，迁水衡都尉侍中，至卫尉九卿
16048,P0132,王况,西汉,阙,阙,,,成都侯，列侯侍中,见原典,有明文,汉书,第七十四章:元后传,及根兄子成都侯况幸得以外亲继父为列侯侍中，不思报厚恩，亦聘取故掖庭贵人以为妻，皆无人臣礼，大不敬不道
16050,P0133,王凤,西汉,阙,阙,,,卫尉侍中；后大司马大将军领尚书事；成帝时,见原典,有明文,汉书,第七十四章:元后传,长子凤嗣侯，为卫尉侍中，皇后自有子后，希复进见
16052,P0134,王去疾,西汉,阙,阙,,,为侍中、骑都尉；哀帝时,见原典,有明文,汉书,卷九十三佞幸传,唯平阿侯谭子去疾，哀帝为太子时为庶子得幸，及即位，为侍中、骑都尉
16053,P0136,王商,西汉,阙,阙,,,侍中驸马都尉；后为右将军、丞相；宣帝时,见原典,有明文,史记,022,|右将军平恩侯许嘉为车骑将军，侍中、光禄大夫乐昌侯王商为右将军，右将军冯奉世为左将军
16056,P0138,王忽,西汉,阙,阙,,,为侍中（昭帝初）,见原典,有明文,汉书,卷六十八霍光金日磾传,时卫尉王莽子男忽侍中，扬语曰：『帝崩，忽常在左右，安得遗诏封三子事！』
16057,P0139,王接,西汉,阙,阙,,,见原典「侍中」明文,见原典,有明文,前汉纪,022,玄成为御史大夫九月戊子侍中卫尉王接为大司¶
16061,P0142,王林卿,西汉,阙,阙,,,为侍中，通轻侠，倾京师；后坐杀人,见原典,有明文,汉书,第四十九章:盖诸葛刘郑孙毋将何传,初，邛成太后外家王氏贵，而侍中王林卿通轻侠，倾京师
16073,P0146,王能,西汉,阙,阙,,,见原典「侍中」明文,见原典,有明文,汉书,019,衞尉王能为侍中光禄勳，二年贬为弘农，坐吕宽自殺
16074,P0147,王舜,西汉,阙,阙,,,太仆侍中，护太子家；王莽时,见原典,有明文,汉书,卷九十八,侍中太僕安阳侯舜往时护太子家，导朕，忠誠专一，有舊恩
16088,P0153,王闳,西汉,阙,阙,-2,,元寿元年侍中,见原典,有明文,全汉文,卷四十三,{{*|荀悦《汉纪》二十九︰「【元寿元年】，侍中王閎上书谏，不从
16089,P0154,王音,西汉,阙,阙,,,见原典「侍中」明文,见原典,有明文,前汉纪,025,时凤弟侍中王音私听之告凤凤惧稱病就第乃上¶
16090,P0155,王龚,西汉,阙,阙,,,为侍中（校书）,见原典,有明文,汉书,卷八十八儒林传,光禄勳王龚以外属内卿，与奉车都尉刘歆共校书，三人皆侍中
16091,P0156,班伯,西汉,阙,阙,,,水衡都尉，与两师并侍中，秩中二千石,见原典,有明文,汉书,第七十八章:叙传上,”是时，许商为少府，师丹为光禄大夫，上于是引商、丹入为光禄勋，伯迁水衡都尉，与两师并侍中，皆秩中二千石
16107,P0166,苏武,西汉,阙,阙,,,为侍中（与李陵俱）；后典属国,见原典,有明文,汉书,卷54李广苏建传,初，武与李陵俱为侍中，武使匈奴明年，陵降，不敢求武
16116,P0172,董贤,西汉,阙,阙,,,侍中驸马都尉；大司马卫将军,见原典,有明文,汉书,卷93佞幸传,贤寵愛日甚，为驸马都尉侍中，出则参乘，入御左右
16130,P0179,许延寿,西汉,阙,阙,,,见原典「侍中」明文,见原典,有明文,前汉纪,019,亦未可图也上乃拜侍中许延寿为强弩将军即拜¶
16136,P0182,许章,西汉,阙,阙,,,以外属贵幸为侍中,见原典,有明文,汉书,第四十九章:盖诸葛刘郑孙毋将何传,时，侍中许章以外属贵幸，奢淫不奉法度，宾客犯事，与章相连
16174,P0206,郑业,西汉,阙,阙,,,见原典「侍中」明文,见原典,有明文,,,
16194,P0218,金安上,西汉,阙,阙,,,少为侍中；建章卫尉；都成侯,见原典,有明文,汉书,卷68,安上字子侯，少为侍中，惇篤有智，宣帝愛之
16197,P0219,金敞,西汉,阙,阙,,,元帝时为侍中，与刘向拾遗左右；后为水衡都尉、卫尉,见原典,有明文,汉书,第五十章:萧望之传,望之选白宗室明经达学散骑、谏大夫刘更生给事中，与侍中金敞并拾遗左右
16202,P0220,金日磾,西汉,阙,阙,,,侍中驸马都尉光禄大夫；车骑将军,见原典,有明文,汉书,卷68,上奇焉，即日赐汤沐衣冠，拜为马監，迁侍中驸马都尉光禄大夫
16205,P0221,金汤,西汉,阙,阙,,,侍中诸曹将大夫,见原典,有明文,汉书,卷六十八,涉两子，汤、融，皆侍中、诸曹、将、大夫
16206,P0222,金涉,西汉,阙,阙,,,成帝时侍中,见原典,有明文,汉书,第七十五章:王莽传上,久之，叔父成都侯商上书，愿分户邑以封莽，及长乐少府戴崇、侍中金涉、胡骑校尉箕闳、上谷都尉阳并、中郎陈汤，皆当世名士，咸为莽言，上由是贤莽
16208,P0223,金融,西汉,阙,阙,,,侍中诸曹将大夫,见原典,有明文,,,
16209,P0224,金赏,西汉,阙,阙,,,见原典「侍中」明文,见原典,有明文,汉书,019,|秺侯金赏为侍中太僕，七年迁
16237,P0242,霍光,西汉,阙,阙,,,稍迁诸曹侍中；奉车都尉光禄大夫；大司马大将军,见原典,有明文,汉书,卷68霍光金日磾传,时年十余岁，任光为郎，稍迁诸曹侍中
16240,P0243,霍去病,西汉,阙,阙,-122,,年十八为侍中；后为骠骑将军,见原典,有明文,史记,卷111,是岁也，大将军姊子霍去病年十八，幸，为天子侍中
16242,P0244,霍嬗,西汉,阙,阙,,,侍中奉车都尉（子侯）；武帝时,见原典,有明文,史记,卷二十八封禅书,天子獨与侍中奉车子侯上泰山，亦有封
16243,P0245,霍山,西汉,阙,阙,,,奉车都尉侍中，领胡越兵,见原典,有明文,汉书,卷六十八霍光金日磾传,云弟山奉车都尉、侍中，领胡、越兵
16244,P0246,霍禹,西汉,阙,阙,,,侍中中郎将；后为右将军、大司马；宣帝时,见原典,有明文,史记,022,|二月丁卯，侍中、中郎将霍禹为右将军
16245,P0247,韩增,西汉,阙,阙,,,少为郎、诸曹侍中光禄大夫；昭帝时至前将军,见原典,有明文,汉书,第三章:魏豹田儋韩王信传,增少为郎，诸曹、侍中、光禄大夫，昭帝时至前将军，与大将军霍光定策立宣帝，益封千户
16252,P0251,马何罗,西汉,阙,阙,,,见原典「侍中」明文,见原典,有明文,前汉纪,015,殺侍中僕射马何罗与弟重合侯通謀反侍中驸马¶
15936,P0068,宋弘,西汉_东汉,阙,阙,,,哀、平间为侍中；王莽时为共工（少府）,见原典,有明文,后汉书,第二十七章:张曹郑列传,纯少袭爵士，哀、平间为侍中，王莽时至列卿
16075,P0148,王莽,西汉_新,阙,阙,,,见原典「侍中」明文,见原典,有明文,汉书,099上,迁骑都尉光禄大夫侍中，宿卫谨敕，爵位益尊，節操愈谦
16083,P0152,王邑,西汉_新,阙,阙,,,为侍中；成都侯；王莽时,见原典,有明文,汉书,第五十八章:何武王嘉师丹传,出侍中王邑、射声校尉王邯等
16094,P0158,甄邯,西汉_新,阙,阙,,,孔光女婿，引为侍中奉车都尉；王莽时,见原典,有明文,汉书,第七十五章:王莽传上,莽以大司徒孔光名儒，相三主，太后所敬，天下信之，于是盛尊事光，引光女婿甄邯为侍中奉车都尉
15820,P0011,何晏,魏,阙,阙,,,曹爽秉政时为侍中,见原典,有明文,三国志,第二十二章:桓二陈徐卫卢传,时曹爽秉权，将树其党，徙毓仆射，以侍中何晏代毓
15846,P0024,刘劭,魏,阙,阙,,,文帝时侍中,见原典,有明文,三国志,第二十一章:王卫二刘傅传,文帝即王位，为侍中，赐爵关内侯
15860,P0030,刘放,魏,阙,阙,,,侍中中书监,见原典,有明文,三国志,卷14程郭董刘蒋刘传,加侍中中书監刘放、侍中中书令孙资为左右光禄大夫
15903,P0047,卫臻,魏,阙,阙,,,明帝时加侍中,见原典,有明文,三国志,卷22,明帝即位，进封康乡侯，后转为右僕射，典选举，如前加侍中
15925,P0059,和洽,魏,阙,阙,230,,魏国既建为侍中；太和中,见原典,有明文,三国志,卷23和常杨杜赵裴传,魏国既建，为侍中，与王粲、崔琰並用
15926,P0060,和逌,魏,阙,阙,,,为侍中,见原典,有明文,三国志,卷四少帝纪,侍中和逌、尚书陈骞等作诗稽留
15934,P0067,孙邕,魏,阙,阙,244,,正始中侍中；荐管宁,见原典,有明文,三国志,第十一章:袁张凉国田王邴管传,正始二年，太仆陶丘一、永宁卫尉孟观、侍中孙邕、中书侍郎王基荐宁曰
16069,P0144,王沈,魏,阙,阙,,,魏侍中,见原典,有明文,三国志,卷4少帝纪,呼侍中王沈、散骑常侍王业、尚书王经，出怀中黄素诏示之
16093,P0157,璩（待考）,魏,阙,阙,-6,,六十一为侍中，直省内；建平,见原典,有明文,三国志,卷二十九方技传,璩六十一为侍中，直省内，欻见白狗，問之众人，悉无见者
16128,P0178,许允,魏,阙,阙,,,魏侍中；说曹爽早归罪,见原典,有明文,三国志,第九章:诸夏侯曹传,侍中许允、尚书陈泰说爽，使早自归罪
16178,P0208,郑小同,魏,阙,阙,,,魏侍中；执经亲授,见原典,有明文,三国志,第四章:少帝纪,九月庚子，讲尚书业终，赐执经亲授者司空郑冲、侍中郑小同等各有差
16225,P0236,陈泰,魏,阙,阙,,,见原典,见原典,有明文,三国志,第二十二章:桓二陈徐卫卢传,后徵泰为尚书右仆射，典选举，加侍中光禄大夫
16231,P0238,陈矫,魏,阙,阙,,,见原典「侍中」明文,见原典,有明文,,,
16260,P0256,高堂隆,魏,阙,阙,,,为侍中犹领太史令,见原典,有明文,三国志,卷25辛毗杨阜高堂隆传,迁侍中，猶领太史令
16263,P0258,鲍勋,魏,阙,阙,,,驸马都尉兼侍中,见原典,有明文,三国志,卷12崔毛徐何邢鲍司马传,延康元年……勳以驸马都尉兼侍中
16108,P0167,荀勖,魏_晋,阙,阙,,,见原典,见原典,有明文,三国志,第五章:诸葛亮传,臣寿等言：臣前在著作郎，侍中领中书监济北侯臣荀勖、中书令关内侯臣和峤奏，使臣定故蜀丞相诸葛亮故事
16111,P0169,荀顗,魏_晋,阙,阙,,,魏侍中；晋太尉,见原典,有明文,三国志,卷10荀彧攸贾诩传,帝宴羣臣于太極东堂，与侍中荀顗……讲述礼典
