id,name,style_name,dynasty,dynasty_primary,category,origin,birth,death,birth_year,death_year,year_precision,is_外戚,is_士人,is_降人,is_佞幸,is_宦官,is_勋贵,n_terms,n_sources,status
P0001,丁恭,子然,東漢,,士人,山阳东缗,阙,阙,,,,0,0,0,0,0,0,0,0,待审
P0002,丁鸿,孝公,東漢,,士人,颍川定陵,阙,134,,,,0,0,0,0,0,0,0,0,待审
P0003,严助,阙,西漢,,士人,会稽吴,阙,前122,,,,0,0,0,0,0,0,0,0,待审
P0004,乐松,阙,東漢,,其他,阙,阙,阙,,,,0,0,0,0,0,0,0,0,待审
P0005,任安,定祖,東漢,,士人,广汉绵竹,阙,阙,,,,0,0,0,0,0,0,0,0,待审
P0006,任芝,阙,東漢,,其他,阙,阙,阙,,,,0,0,0,0,0,0,0,0,待审
P0007,伍琼,德瑜,東漢,,士人,阙,阙,阙,,,,0,0,0,0,0,0,0,0,待审
P0008,伏完,阙,東漢,,外戚,琅邪东武,阙,209,,,,0,0,0,0,0,0,0,0,待审
P0009,伏无忌,阙,東漢,,士人,琅邪东武,阙,阙,,,,0,0,0,0,0,0,0,0,待审
P0010,何休,阙,東漢,,士人,阙,阙,阙,,,,0,0,0,0,0,0,0,0,待审
P0011,何晏,平叔,魏,,外戚/士人,阙,阙,阙,,,,0,0,0,0,0,0,0,0,待审
P0012,何进,遂高,東漢,,外戚,南阳宛,阙,189,,,,0,0,0,0,0,0,0,0,待审
P0013,佚名侍中（禁中出入制度）,—,兩漢,,制度,—,—,—,,,,0,0,0,0,0,0,0,0,待审
P0014,傅俊,子卫,東漢,,勋贵,阙,阙,阙,,,,0,0,0,0,0,0,0,0,待审
P0015,傅商,阙,西漢,,外戚,阙,阙,阙,,,,0,0,0,0,0,0,0,0,待审
P0016,傅喜,稚游,西漢,,外戚,阙,阙,阙,,,,0,0,0,0,0,0,0,0,待审
P0017,傅嘉,阙,西漢,,其他,阙,阙,阙,,,,0,0,0,0,0,0,0,0,待审
P0018,傅巽,公悌,漢魏之際,,士人,北地泥阳,阙,阙,,,,0,0,0,0,0,0,0,0,待审
P0019,公孙敬聲,阙,西漢,,阙,阙,阙,阙,,,,0,0,0,0,0,0,0,0,草稿
P0020,关兴,安国,蜀漢,,勋贵,河东解,阙,234,,,,0,0,0,0,0,0,0,0,待审
P0021,关统,阙,蜀漢,,勋贵,阙,阙,阙,,,,0,0,0,0,0,0,0,0,待审
P0022,冯石,阙,東漢,,外戚/勋贵,颍川（冯鲂系）,阙,阙,,,,0,0,0,0,0,0,0,0,待审
P0023,刘儒,叔林,東漢,,士人,东郡阳平,阙,阙,,,,0,0,0,0,0,0,0,0,待审
P0024,刘劭,阙,魏,,士人,阙,阙,阙,,,,0,0,0,0,0,0,0,0,待审
P0025,刘宽,文饶,東漢,,士人,弘农华阴,阙,阙,,,,0,0,0,0,0,0,0,0,待审
P0026,刘岱,公山,東漢,,士人,东莱牟平,阙,192,,,,0,0,0,0,0,0,0,0,待审
P0027,刘平,阙,東漢,,士人,阙,阙,阙,,,,0,0,0,0,0,0,0,0,待审
P0028,刘廙,恭嗣,漢魏之際,,士人,南阳安众,阙,221,,,,0,0,0,0,0,0,0,0,待审
P0029,刘恭,阙,更始_東漢,,宗室,阙,阙,阙,,,,0,0,0,0,0,0,0,0,待审
P0030,刘放,子弃,魏,,士人,涿郡方城,阙,250,,,,0,0,0,0,0,0,0,0,待审
P0031,刘昆,桓公,東漢,,士人,陈留东昏,阙,阙,,,,0,0,0,0,0,0,0,0,待审
P0032,刘晔,子扬,漢魏之際,,士人,淮南成德,阙,阙,,,,0,0,0,0,0,0,0,0,待审
P0033,刘棻,阙,新,,士人,阙,阙,阙,,,,0,0,0,0,0,0,0,0,待审
P0034,刘植,伯先,東漢,,勋贵,巨鹿昌城,阙,26,,,,0,0,0,0,0,0,0,0,待审
P0035,刘歆,子骏,西漢,,士人,楚元王后,阙,阙,,,,0,0,0,0,0,0,0,0,待审
P0036,刘淑,仲承,東漢,,士人,河间乐成,阙,169,,,,0,0,0,0,0,0,0,0,待审
P0037,刘珍,秋孙,東漢,,士人,阙,阙,阙,,,,0,0,0,0,0,0,0,0,待审
P0038,刘瑜,阙,東漢,,阙,阙,阙,阙,,,,0,0,0,0,0,0,0,0,草稿
P0039,刘瑰,阙,東漢,,外戚,阙,阙,阙,,,,0,0,0,0,0,0,0,0,待审
P0040,刘能卿,阙,更始,,其他,阙,阙,阙,,,,0,0,0,0,0,0,0,0,待审
P0041,刘艾,阙,東漢,,士人,阙,阙,阙,,,,0,0,0,0,0,0,0,0,待审
P0042,刘茂,阙,東漢,,勋贵,阙,阙,阙,,,,0,0,0,0,0,0,0,0,待审
P0043,包咸,子良,東漢,,士人,会稽曲阿,前40?,28,,,,0,0,0,0,0,0,0,0,待审
P0044,华歆,子鱼,漢魏之際,,士人,平原高唐,157,232,,,,0,0,0,0,0,0,0,0,待审
P0045,单飏,武宣,東漢,,士人,山阳湖陆,阙,阙,,,,0,0,0,0,0,0,0,0,待审
P0046,卫伉,阙,西漢,,外戚/勋贵,阙,阙,阙,,,,0,0,0,0,0,0,0,0,待审
P0047,卫臻,公振,魏,,士人,陈留襄邑,阙,阙,,,,0,0,0,0,0,0,0,0,待审
P0048,卫青,仲卿,西漢,,外戚/勋贵,河东平阳,前154,前106,,,,0,0,0,0,0,0,0,0,待审
P0049,台崇,阙,東漢,,其他,阙,阙,200,,,,0,0,0,0,0,0,0,0,待审
P0050,史丹,阙,西漢,,阙,阙,阙,阙,,,,0,0,0,0,0,0,0,0,草稿
P0051,史恃,阙,東漢,,阙,阙,阙,阙,,,,0,0,0,0,0,0,0,0,草稿
P0052,史高,阙,西漢,,外戚,阙,阙,阙,,,,0,0,0,0,0,0,0,0,待审
P0053,向栩,甫兴,東漢,,士人,阙,阙,阙,,,,0,0,0,0,0,0,0,0,待审
P0054,周举,阙,東漢,,士人,阙,阙,阙,,,,0,0,0,0,0,0,0,0,待审
P0055,周广,阙,東漢,,其他,阙,阙,阙,,,,0,0,0,0,0,0,0,0,待审
P0056,周毖,仲远,東漢,,士人,武威,阙,190,,,,0,0,0,0,0,0,0,0,待审
P0057,周泽,稚都,東漢,,士人,北海安丘,阙,阙,,,,0,0,0,0,0,0,0,0,待审
P0058,和峤,阙,漢魏之際,,阙,阙,阙,阙,,,,0,0,0,0,0,0,0,0,草稿
P0059,和洽,阳士,魏,,士人,汝南西平,阙,阙,,,,0,0,0,0,0,0,0,0,待审
P0060,和逌,阙,魏,,士人,阙,阙,阙,,,,0,0,0,0,0,0,0,0,待审
P0061,孔昱,阙,東漢,,士人,阙,阙,阙,,,,0,0,0,0,0,0,0,0,待审
P0062,孔永,阙,新,,其他,阙,阙,阙,,,,0,0,0,0,0,0,0,0,待审
P0063,孔霸,次儒,西漢,,士人,阙,阙,阙,,,,0,0,0,0,0,0,0,0,待审
P0064,孙峻,子远,吳,,其他,阙,阙,阙,,,,0,0,0,0,0,0,0,0,待审
P0065,孙期,阙,東漢,,士人,阙,阙,阙,,,,0,0,0,0,0,0,0,0,待审
P0066,孙綝,子通,吳,,其他,吴郡富春,231,258,,,,0,0,0,0,0,0,0,0,待审
P0067,孙邕,阙,魏,,士人,阙,阙,阙,,,,0,0,0,0,0,0,0,0,待审
P0068,宋弘,仲子,西漢_東漢,,士人,京兆长安,阙,阙,,,,0,0,0,0,0,0,0,0,待审
P0069,宋登,叔阳,東漢,,士人,京兆长安,阙,阙,,,,0,0,0,0,0,0,0,0,待审
P0070,宗预,德艳,蜀漢,,士人,南阳安众,阙,264,,,,0,0,0,0,0,0,0,0,待审
P0071,宣秉,巨公,東漢,,士人,冯翊云阳,阙,30,,,,0,0,0,0,0,0,0,0,待审
P0072,寇荣,阙,東漢,,勋贵,上谷昌平,阙,阙,,,,0,0,0,0,0,0,0,0,待审
P0073,尹勋,伯元,東漢,,士人,河南巩,阙,阙,,,,0,0,0,0,0,0,0,0,待审
P0074,尹忠,阙,東漢,,其他,阙,阙,阙,,,,0,0,0,0,0,0,0,0,待审
P0075,尹敏,阙,東漢,,士人,阙,阙,阙,,,,0,0,0,0,0,0,0,0,待审
P0076,常洽,阙,東漢,,士人,阙,阙,阙,,,,0,0,0,0,0,0,0,0,待审
P0077,庾峻,山甫,晉,,士人,颍川鄢陵,阙,273,,,,0,0,0,0,0,0,0,0,待审
P0078,廖立,公渊,蜀漢,,士人,武陵临沅,阙,阙,,,,0,0,0,0,0,0,0,0,待审
P0079,张兴,阙,東漢,,士人,阙,阙,阙,,,,0,0,0,0,0,0,0,0,待审
P0080,张千秋,阙,西漢,,勋贵,杜陵,阙,阙,,,,0,0,0,0,0,0,0,0,待审
P0081,张布,阙,吳,,其他,阙,阙,264,,,,0,0,0,0,0,0,0,0,待审
P0082,张延寿,阙,西漢,,勋贵,杜陵,阙,阙,,,,0,0,0,0,0,0,0,0,待审
P0083,张彭祖,阙,西漢,,佞幸/旧恩,杜陵,阙,阙,,,,0,0,0,0,0,0,0,0,待审
P0084,张放,阙,西漢,,外戚/佞幸,杜陵,阙,阙,,,,0,0,0,0,0,0,0,0,待审
P0085,张湛,阙,東漢,,士人,阙,阙,阙,,,,0,0,0,0,0,0,0,0,待审
P0086,张玄,阙,東漢,,士人,阙,阙,阙,,,,0,0,0,0,0,0,0,0,待审
P0087,张纯,伯仁,東漢,,士人,京兆杜陵,阙,阙,,,,0,0,0,0,0,0,0,0,待审
P0088,张绍,阙,蜀漢,,其他,阙,阙,阙,,,,0,0,0,0,0,0,0,0,待审
P0089,张衡,平子,東漢,,士人,南阳西鄂,79,139,,,,0,0,0,0,0,0,0,0,待审
P0090,张辟彊,阙,西漢,,勋贵,留侯张良子,阙,阙,,,,0,0,0,0,0,0,0,0,待审
P0091,张霸,伯饶,東漢,,士人,蜀郡成都,阙,阙,,,,0,0,0,0,0,0,0,0,待审
P0092,张驯,子隽,東漢,,士人,济阴定陶,阙,阙,,,,0,0,0,0,0,0,0,0,待审
P0093,徐博,阙,西漢,,阙,阙,阙,阙,,,,0,0,0,0,0,0,0,0,草稿
P0094,徐宣,阙,漢魏之際,,阙,阙,阙,阙,,,,0,0,0,0,0,0,0,0,草稿
P0095,戴凭,次仲,東漢,,士人,汝南平舆,阙,阙,,,,0,0,0,0,0,0,0,0,待审
P0096,承宫,少子,東漢,,士人,琅邪姑幕,阙,阙,,,,0,0,0,0,0,0,0,0,待审
P0097,施延,君子,東漢,,士人,沛国蕲,阙,阙,,,,0,0,0,0,0,0,0,0,待审
P0098,是仪,阙,吳,,士人,阙,阙,阙,,,,0,0,0,0,0,0,0,0,待审
P0099,曹褒,叔通,東漢,,士人,鲁国薛,阙,阙,,,,0,0,0,0,0,0,0,0,待审
P0100,朱买臣,翁子,西漢,,士人,会稽吴,阙,阙,,,,0,0,0,0,0,0,0,0,待审
P0101,朱展,阙,東漢,,其他,阙,阙,阙,,,,0,0,0,0,0,0,0,0,待审
P0102,李仁,阙,吳,,士人,阙,阙,阙,,,,0,0,0,0,0,0,0,0,待审
P0103,李充,阙,東漢,,士人,阙,阙,阙,,,,0,0,0,0,0,0,0,0,待审
P0104,李尤,阙,東漢,,士人,阙,阙,阙,,,,0,0,0,0,0,0,0,0,待审
P0105,李延年,阙,西漢,,其他,阙,阙,阙,,,,0,0,0,0,0,0,0,0,待审
P0106,李棽,阙,新,,其他,阙,阙,阙,,,,0,0,0,0,0,0,0,0,待审
P0107,李法,伯度,東漢,,士人,汉中南郑,阙,阙,,,,0,0,0,0,0,0,0,0,待审
P0108,李膺,元礼,東漢,,士人,颍川襄城,110,169,,,,0,0,0,0,0,0,0,0,待审
P0109,李陵,少卿,西漢,,勋贵,陇西成纪,阙,前74,,,,0,0,0,0,0,0,0,0,待审
P0110,杜乔,阙,東漢,,阙,阙,阙,阙,,,,0,0,0,0,0,0,0,0,草稿
P0111,杜辅,阙,西漢,,阙,阙,阙,阙,,,,0,0,0,0,0,0,0,0,草稿
P0112,来历,伯珍,東漢,,外戚/勋贵,阙,阙,阙,,,,0,0,0,0,0,0,0,0,待审
P0113,杨伦,阙,東漢,,士人,阙,阙,阙,,,,0,0,0,0,0,0,0,0,待审
P0114,杨厚,仲桓,東漢,,士人,广汉新都,阙,阙,,,,0,0,0,0,0,0,0,0,待审
P0115,杨奇,阙,東漢,,士人,阙,阙,阙,,,,0,0,0,0,0,0,0,0,待审
P0116,杨彪,文先,東漢,,士人,弘农华阴,142,225,,,,0,0,0,0,0,0,0,0,待审
P0117,杨政,子行,東漢,,士人,京兆,阙,阙,,,,0,0,0,0,0,0,0,0,待审
P0118,杨文父,阙,東漢,,其他,阙,阙,阙,,,,0,0,0,0,0,0,0,0,待审
P0119,杨琦,阙,東漢,,士人,阙,阙,阙,,,,0,0,0,0,0,0,0,0,待审
P0120,杨秉,叔节,東漢,,士人,弘农华阴,92,165,,,,0,0,0,0,0,0,0,0,待审
P0121,杨统,阙,東漢,,士人,广汉新都,阙,阙,,,,0,0,0,0,0,0,0,0,待审
P0122,杨赐,伯献,東漢,,士人,弘农华阴,阙,185,,,,0,0,0,0,0,0,0,0,待审
P0123,桑弘羊,阙,西漢,,士人,阙,阙,阙,,,,0,0,0,0,0,0,0,0,待审
P0124,桓郁,阙,東漢,,士人,阙,阙,阙,,,,0,0,0,0,0,0,0,0,待审
P0125,楼望,次子,東漢,,士人,陈留雍丘,阙,阙,,,,0,0,0,0,0,0,0,0,待审
P0126,欧阳地余,阙,西漢,,士人,阙,阙,阙,,,,0,0,0,0,0,0,0,0,待审
P0127,江革,阙,東漢,,士人,阙,阙,阙,,,,0,0,0,0,0,0,0,0,待审
P0128,淳于恭,阙,東漢,,士人,阙,阙,阙,,,,0,0,0,0,0,0,0,0,待审
P0129,淳于长,子孺,西漢,,外戚,魏郡元城,阙,前8,,,,0,0,0,0,0,0,0,0,待审
P0130,爰延,季平,東漢,,士人,陈留外黄,阙,阙,,,,0,0,0,0,0,0,0,0,待审
P0131,王允,子师,東漢,,士人,太原祁,137,192,,,,0,0,0,0,0,0,0,0,待审
P0132,王况,阙,西漢,,外戚,阙,阙,阙,,,,0,0,0,0,0,0,0,0,待审
P0133,王凤,孝卿,西漢,,外戚,东平陵,阙,阙,,,,0,0,0,0,0,0,0,0,待审
P0134,王去疾,阙,西漢,,外戚,东平陵,阙,阙,,,,0,0,0,0,0,0,0,0,待审
P0135,王参,阙,西漢,,外戚,阙,阙,阙,,,,0,0,0,0,0,0,0,0,待审
P0136,王商,子夏,西漢,,外戚,东平陵,阙,阙,,,,0,0,0,0,0,0,0,0,待审
P0137,王奇,阙,新,,外戚,阙,阙,阙,,,,0,0,0,0,0,0,0,0,待审
P0138,王忽,阙,西漢,,其他,京兆,阙,阙,,,,0,0,0,0,0,0,0,0,待审
P0139,王接,阙,西漢,,阙,阙,阙,阙,,,,0,0,0,0,0,0,0,0,草稿
P0140,王方,阙,東漢,,士人,阙,阙,阙,,,,0,0,0,0,0,0,0,0,待审
P0141,王望,阙,新,,其他,阙,阙,阙,,,,0,0,0,0,0,0,0,0,待审
P0142,王林卿,阙,西漢,,外戚,邛成太后外家,阙,阙,,,,0,0,0,0,0,0,0,0,待审
P0143,王歙,阙,更始,,阙,阙,阙,阙,,,,0,0,0,0,0,0,0,0,待审
P0144,王沈,处道,魏,,士人,太原晋阳,阙,266,,,,0,0,0,0,0,0,0,0,待审
P0145,王粲,仲宣,漢魏之際,,士人,山阳高平,177,217,,,,0,0,0,0,0,0,0,0,待审
P0146,王能,阙,西漢,,阙,阙,阙,阙,,,,0,0,0,0,0,0,0,0,草稿
P0147,王舜,阙,西漢,,外戚,阙,阙,阙,,,,0,0,0,0,0,0,0,0,待审
P0148,王莽,阙,西漢_新,,外戚,阙,阙,阙,,,,0,0,0,0,0,0,0,0,待审
P0149,王蕃,永元,吳,,士人,庐江,228,266,,,,0,0,0,0,0,0,0,0,待审
P0150,王辅,阙,東漢,,其他,阙,阙,阙,,,,0,0,0,0,0,0,0,0,待审
P0151,王逸,叔师,東漢,,士人,南郡宜城,阙,阙,,,,0,0,0,0,0,0,0,0,待审
P0152,王邑,阙,西漢_新,,外戚,王莽从弟,阙,阙,,,,0,0,0,0,0,0,0,0,待审
P0153,王闳,阙,西漢,,阙,阙,阙,阙,,,,0,0,0,0,0,0,0,0,草稿
P0154,王音,阙,西漢,,阙,阙,阙,阙,,,,0,0,0,0,0,0,0,0,草稿
P0155,王龚,阙,西漢,,士人,东平陵,阙,阙,,,,0,0,0,0,0,0,0,0,待审
P0156,班伯,阙,西漢,,士人,阙,阙,阙,,,,0,0,0,0,0,0,0,0,待审
P0157,璩（待考）,阙,魏,,待考,阙,阙,阙,,,,0,0,0,0,0,0,0,0,待审
P0158,甄邯,阙,西漢_新,,外戚,阙,阙,阙,,,,0,0,0,0,0,0,0,0,待审
P0159,种劭,申甫,東漢,,士人,河南洛阳,阙,192,,,,0,0,0,0,0,0,0,0,待审
P0160,种辑,阙,漢魏之際,,士人,阙,阙,阙,,,,0,0,0,0,0,0,0,0,待审
P0161,窦宪,伯度,東漢,,外戚,扶风平陵,阙,92,,,,0,0,0,0,0,0,0,0,待审
P0162,窦机,阙,東漢,,外戚,扶风平陵,阙,168,,,,0,0,0,0,0,0,0,0,待审
P0163,耿承,阙,東漢,,外戚,扶风茂陵,阙,阙,,,,0,0,0,0,0,0,0,0,待审
P0164,耿箕,阙,東漢,,外戚,扶风茂陵,阙,阙,,,,0,0,0,0,0,0,0,0,待审
P0165,耿纪,季行,漢魏之際,,士人,扶风茂陵,阙,218,,,,0,0,0,0,0,0,0,0,待审
P0166,苏武,子卿,西漢,,士人,杜陵,前140,前60,,,,0,0,0,0,0,0,0,0,待审
P0167,荀勖,阙,魏_晉,,士人,阙,阙,阙,,,,0,0,0,0,0,0,0,0,待审
P0168,荀悦,阙,東漢,,阙,阙,阙,阙,,,,0,0,0,0,0,0,0,0,草稿
P0169,荀顗,景倩,魏_晉,,士人,颍川颍阴,阙,274,,,,0,0,0,0,0,0,0,0,待审
P0170,萧育,次君,東漢,,士人,东海兰陵,阙,阙,,,,0,0,0,0,0,0,0,0,待审
P0171,董允,休昭,蜀漢,,士人,南郡枝江,阙,246,,,,0,0,0,0,0,0,0,0,待审
P0172,董贤,圣卿,西漢,,佞幸,左冯翊云阳,前23,前1,,,,0,0,0,0,0,0,0,0,待审
P0173,蔡玄,阙,東漢,,士人,阙,阙,阙,,,,0,0,0,0,0,0,0,0,待审
P0174,蔡茂,子礼,東漢,,士人,河内怀,前25,47,,,,0,0,0,0,0,0,0,0,待审
P0175,蔡邕,阙,東漢,,阙,阙,阙,阙,,,,0,0,0,0,0,0,0,0,草稿
P0176,虞子和,和,東漢,,宗室/勋贵,陈留东,阙,阙,,,,0,0,0,0,0,0,0,0,待审
P0177,袁隗,次阳,東漢,,士人,汝南汝阳,阙,190,,,,0,0,0,0,0,0,0,0,待审
P0178,许允,士宗,魏,,士人,阙,阙,阙,,,,0,0,0,0,0,0,0,0,待审
P0179,许延寿,阙,西漢,,阙,阙,阙,阙,,,,0,0,0,0,0,0,0,0,草稿
P0180,许慎,叔重,東漢,,士人,汝南召陵,30?,124?,,,,0,0,0,0,0,0,0,0,待审
P0181,许相,阙,東漢,,其他,阙,阙,阙,,,,0,0,0,0,0,0,0,0,待审
P0182,许章,阙,西漢,,外戚,阙,阙,阙,,,,0,0,0,0,0,0,0,0,待审
P0183,诸葛瞻,思远,蜀漢,,宗室/勋贵,琅邪阳都,阙,阙,,,,0,0,0,0,0,0,0,0,待审
P0184,谢弼,阙,東漢,,士人,阙,阙,阙,,,,0,0,0,0,0,0,0,0,待审
P0185,谢惲,阙,東漢,,阙,阙,阙,阙,,,,0,0,0,0,0,0,0,0,草稿
P0186,谢笃,阙,東漢,,外戚,扶风,阙,阙,,,,0,0,0,0,0,0,0,0,待审
P0187,费祎,文伟,蜀漢,,士人,江夏鄳,阙,253,,,,0,0,0,0,0,0,0,0,待审
P0188,贺纯,阙,東漢,,阙,阙,阙,阙,,,,0,0,0,0,0,0,0,0,草稿
P0189,贾复,君文,東漢,,勋贵,南阳冠军,阙,55,,,,0,0,0,0,0,0,0,0,待审
P0190,贾建,阙,東漢,,外戚,阙,阙,阙,,,,0,0,0,0,0,0,0,0,待审
P0191,贾彪,伟节,東漢,,士人,颍川定陵,阙,阙,,,,0,0,0,0,0,0,0,0,待审
P0192,贾逵,景伯,東漢,,士人,扶风平陵,30,101,,,,0,0,0,0,0,0,0,0,待审
P0193,赵代,阙,東漢,,士人,阙,阙,阙,,,,0,0,0,0,0,0,0,0,待审
P0194,赵典,阙,東漢,,士人,阙,阙,阙,,,,0,0,0,0,0,0,0,0,待审
P0195,赵孝,阙,東漢,,士人,阙,阙,阙,,,,0,0,0,0,0,0,0,0,待审
P0196,赵憙,伯阳,東漢,,勋贵,南阳宛,阙,阙,,,,0,0,0,0,0,0,0,0,待审
P0197,赵苞,威豪,東漢,,士人,甘陵东武城,阙,178,,,,0,0,0,0,0,0,0,0,待审
P0198,邓义,阙,東漢,,阙,阙,阙,阙,,,,0,0,0,0,0,0,0,0,草稿
P0199,邓叠,阙,東漢,,外戚,阙,阙,阙,,,,0,0,0,0,0,0,0,0,待审
P0200,邓干,阙,東漢,,外戚,南阳新野,阙,阙,,,,0,0,0,0,0,0,0,0,待审
P0201,邓建,阙,東漢,,外戚,南阳新野,阙,阙,,,,0,0,0,0,0,0,0,0,待审
P0202,邓弘,阙,東漢,,外戚,阙,阙,阙,,,,0,0,0,0,0,0,0,0,待审
P0203,邓蕃,阙,東漢,,外戚,阙,阙,阙,,,,0,0,0,0,0,0,0,0,待审
P0204,邓阊,阙,東漢,,外戚,阙,阙,阙,,,,0,0,0,0,0,0,0,0,待审
P0205,邓骘,昭伯,東漢,,外戚,南阳新野,阙,121,,,,0,0,0,0,0,0,0,0,待审
P0207,郑均,阙,東漢,,士人,阙,阙,阙,,,,0,0,0,0,0,0,0,0,待审
P0208,郑小同,阙,魏,,士人,阙,阙,阙,,,,0,0,0,0,0,0,0,0,待审
P0209,郑弘,巨君,東漢,,士人,会稽山阴,阙,阙,,,,0,0,0,0,0,0,0,0,待审
P0210,郑文信,阙,漢魏之際,,阙,阙,阙,阙,,,,0,0,0,0,0,0,0,0,草稿
P0206,郑業,阙,西漢,,阙,阙,阙,阙,,,,0,0,0,0,0,0,0,0,草稿
P0211,郑玄,康成,東漢,,士人,北海高密,127,200,,,,0,0,0,0,0,0,0,0,待审
P0212,郑称,阙,漢魏之際,,士人,阙,阙,阙,,,,0,0,0,0,0,0,0,0,待审
P0213,郗虑,阙,東漢,,阙,阙,阙,阙,,,,0,0,0,0,0,0,0,0,草稿
P0214,郤巡,阙,東漢,,士人,陈郡,阙,阙,,,,0,0,0,0,0,0,0,0,待审
P0215,郭举,阙,東漢,,外戚,阙,阙,阙,,,,0,0,0,0,0,0,0,0,待审
P0216,郭攸之,演长,蜀漢,,士人,南阳,阙,阙,,,,0,0,0,0,0,0,0,0,待审
P0217,郭昌,阙,東漢,,阙,阙,阙,阙,,,,0,0,0,0,0,0,0,0,待审
P0218,金安上,子侯,西漢,,降人,匈奴休屠后裔,阙,前56,,,,0,0,0,0,0,0,0,0,待审
P0219,金敞,阙,西漢,,降人,金安上子,阙,阙,,,,0,0,0,0,0,0,0,0,待审
P0220,金日磾,翁叔,西漢,,降人,匈奴休屠王太子,前134,前86,,,,0,0,0,0,0,0,0,0,待审
P0221,金汤,阙,西漢,,降人,金涉子,阙,阙,,,,0,0,0,0,0,0,0,0,待审
P0222,金涉,阙,西漢,,降人,金敞子系,阙,阙,,,,0,0,0,0,0,0,0,0,待审
P0223,金融,阙,西漢,,降人,金涉子,阙,阙,,,,0,0,0,0,0,0,0,0,待审
P0224,金赏,阙,西漢,,阙,阙,阙,阙,,,,0,0,0,0,0,0,0,0,草稿
P0225,金迁,阙,東漢,,阙,阙,阙,阙,,,,0,0,0,0,0,0,0,0,草稿
P0226,钟兴,阙,東漢,,士人,阙,阙,阙,,,,0,0,0,0,0,0,0,0,待审
P0227,钟繇,元常,漢魏之際,,士人,颍川长社,151,230,,,,0,0,0,0,0,0,0,0,待审
P0228,闾丘弘,阙,東漢,,士人,阙,阙,阙,,,,0,0,0,0,0,0,0,0,待审
P0229,阎畅,阙,東漢,,外戚,河南,阙,阙,,,,0,0,0,0,0,0,0,0,待审
P0230,阚泽,德润,吳,,士人,会稽山阴,阙,243,,,,0,0,0,0,0,0,0,0,待审
P0231,阴兴,君陵,東漢,,外戚,南阳新野,阙,47,,,,0,0,0,0,0,0,0,0,待审
P0232,阴统,阙,東漢,,外戚,南阳新野,阙,阙,,,,0,0,0,0,0,0,0,0,待审
P0233,阴识,次伯,東漢,,外戚,南阳新野,阙,59,,,,0,0,0,0,0,0,0,0,待审
P0234,陈俊,子昭,東漢,,勋贵,南阳西鄂,阙,58,,,,0,0,0,0,0,0,0,0,待审
P0235,陈光,阙,東漢,,士人,阙,阙,阙,,,,0,0,0,0,0,0,0,0,待审
P0236,陈泰,阙,魏,,士人,阙,阙,阙,,,,0,0,0,0,0,0,0,0,待审
P0237,陈球,伯真,東漢,,士人,下邳淮浦,阙,168,,,,0,0,0,0,0,0,0,0,待审
P0238,陈矫,阙,魏,,士人,阙,阙,阙,,,,0,0,0,0,0,0,0,0,待审
P0239,陈祗,奉宗,蜀漢,,其他,汝南,阙,258,,,,0,0,0,0,0,0,0,0,待审
P0240,陈群,长文,漢魏之際,,士人,颍川许昌,阙,236,,,,0,0,0,0,0,0,0,0,待审
P0241,陈翔,阙,東漢,,士人,阙,阙,阙,,,,0,0,0,0,0,0,0,0,待审
P0242,霍光,子孟,西漢,,外戚/勋贵,河东平阳,阙,前68,,,,0,0,0,0,0,0,0,0,待审
P0243,霍去病,阙,西漢,,外戚/勋贵,河东平阳,前140,前117,,,,0,0,0,0,0,0,0,0,待审
P0244,霍嬗,阙,西漢,,外戚/勋贵,阙,阙,阙,,,,0,0,0,0,0,0,0,0,待审
P0245,霍山,阙,西漢,,外戚,河东平阳,阙,阙,,,,0,0,0,0,0,0,0,0,待审
P0246,霍禹,阙,西漢,,外戚,阙,阙,阙,,,,0,0,0,0,0,0,0,0,待审
P0247,韩增,阙,西漢,,勋贵,阙,阙,阙,,,,0,0,0,0,0,0,0,0,待审
P0248,韩嵩,德高,東漢,,士人,南阳义阳,阙,阙,,,,0,0,0,0,0,0,0,0,待审
P0249,韩说,阙,東漢,,士人,阙,阙,阙,,,,0,0,0,0,0,0,0,0,待审
P0250,顾雍,阙,吳,,士人,阙,阙,阙,,,,0,0,0,0,0,0,0,0,待审
P0251,马何罗,阙,西漢,,阙,阙,阙,阙,,,,0,0,0,0,0,0,0,0,草稿
P0252,马宇,阙,東漢,,士人,阙,阙,192,,,,0,0,0,0,0,0,0,0,待审
P0253,马康,阙,東漢,,外戚,阙,阙,阙,,,,0,0,0,0,0,0,0,0,待审
P0254,马武,子张,東漢,,勋贵,南阳湖阳,阙,61,,,,0,0,0,0,0,0,0,0,待审
P0255,马良,季常,蜀漢,,士人,襄阳宜城,187,222,,,,0,0,0,0,0,0,0,0,待审
P0256,高堂隆,升平,魏,,士人,泰山平阳,阙,237,,,,0,0,0,0,0,0,0,0,待审
P0257,魏应,君伯,東漢,,士人,任城,阙,阙,,,,0,0,0,0,0,0,0,0,待审
P0258,鲍勋,叔业,魏,,士人,泰山平阳,阙,226,,,,0,0,0,0,0,0,0,0,待审
P0259,黄权,阙,蜀漢_魏,,士人,阙,阙,阙,,,,0,0,0,0,0,0,0,0,待审
